2025-11-20 20:15:05,087 - INFO - Update id=946294571 is not handled. Duration 1 ms by bot id=8200360038
2025-11-20 20:15:05,087 - ERROR - Cause exception while process update id=946294571 by bot id=8200360038
AttributeError: 'NoneType' object has no attribute 'time'
Traceback (most recent call last):
  File "C:\Users\ANUBIS PC\Desktop\parsing PE411\delivery_bot\venv\Lib\site-packages\aiogram\dispatcher\dispatcher.py", line 309, in _process_update
    response = await self.feed_update(bot, update, **kwargs)
               ^^^^^^^^^^^^^^^^^^^^^^^^^^^^^^^^^^^^^^^^^^^^^
  File "C:\Users\ANUBIS PC\Desktop\parsing PE411\delivery_bot\venv\Lib\site-packages\aiogram\dispatcher\dispatcher.py", line 158, in feed_update
    response = await self.update.wrap_outer_middleware(
               ^^^^^^^^^^^^^^^^^^^^^^^^^^^^^^^^^^^^^^^^
    ...<7 lines>...
    )
    ^
  File "C:\Users\ANUBIS PC\Desktop\parsing PE411\delivery_bot\venv\Lib\site-packages\aiogram\dispatcher\middlewares\error.py", line 25, in __call__
    return await handler(event, data)
           ^^^^^^^^^^^^^^^^^^^^^^^^^^
  File "C:\Users\ANUBIS PC\Desktop\parsing PE411\delivery_bot\venv\Lib\site-packages\aiogram\dispatcher\middlewares\user_context.py", line 56, in __call__
    return await handler(event, data)
           ^^^^^^^^^^^^^^^^^^^^^^^^^^
  File "C:\Users\ANUBIS PC\Desktop\parsing PE411\delivery_bot\venv\Lib\site-packages\aiogram\fsm\middleware.py", line 42, in __call__
    return await handler(event, data)
           ^^^^^^^^^^^^^^^^^^^^^^^^^^
  File "C:\Users\ANUBIS PC\Desktop\parsing PE411\delivery_bot\venv\Lib\site-packages\aiogram\dispatcher\event\telegram.py", line 121, in trigger
    return await wrapped_inner(event, kwargs)
           ^^^^^^^^^^^^^^^^^^^^^^^^^^^^^^^^^^
  File "C:\Users\ANUBIS PC\Desktop\parsing PE411\delivery_bot\middlewares\logging.py", line 20, in __call__
    start_time=start.time()
               ^^^^^^^^^^
AttributeError: 'NoneType' object has no attribute 'time'
2025-11-20 20:16:20,010 - INFO - Polling stopped
2025-11-20 20:16:20,011 - ERROR - Failed to fetch updates - TelegramNetworkError: HTTP Client says - ServerDisconnectedError: Server disconnected
2025-11-20 20:16:20,011 - WARNING - Sleep for 1.000000 seconds and try again... (tryings = 0, bot id = 8200360038)
2025-11-20 20:16:20,273 - INFO - Polling stopped for bot @pe411_bot id=8200360038 - 'pe411'
2025-11-20 20:16:26,317 - INFO - MESSAGE: 655.656099319458ms
2025-11-20 20:16:26,320 - INFO - Update id=946294572 is handled. Duration 659 ms by bot id=8200360038
2025-11-20 20:16:48,103 - INFO - Polling stopped
2025-11-20 20:16:48,104 - ERROR - Failed to fetch updates - TelegramNetworkError: HTTP Client says - ServerDisconnectedError: Server disconnected
2025-11-20 20:16:48,104 - WARNING - Sleep for 1.000000 seconds and try again... (tryings = 0, bot id = 8200360038)
2025-11-20 20:16:48,358 - INFO - Polling stopped for bot @pe411_bot id=8200360038 - 'pe411'
2025-11-20 20:16:56,475 - INFO - MESSAGE: 1577.5458812713623ms
2025-11-20 20:16:56,476 - INFO - Update id=946294573 is handled. Duration 1579 ms by bot id=8200360038
2025-11-20 20:17:18,224 - INFO - MESSAGE: 2.507925033569336ms
2025-11-20 20:17:18,224 - INFO - Update id=946294574 is not handled. Duration 3 ms by bot id=8200360038
2025-11-20 20:20:46,736 - INFO - Polling stopped
2025-11-20 20:20:46,737 - ERROR - Failed to fetch updates - TelegramNetworkError: HTTP Client says - ServerDisconnectedError: Server disconnected
2025-11-20 20:20:46,737 - WARNING - Sleep for 1.000000 seconds and try again... (tryings = 0, bot id = 8200360038)
2025-11-20 20:20:46,998 - INFO - Polling stopped for bot @pe411_bot id=8200360038 - 'pe411'
2025-11-20 21:19:07,127 - INFO - Update id=946294575 is not handled. Duration 135 ms by bot id=8200360038
2025-11-20 21:19:07,128 - ERROR - Cause exception while process update id=946294575 by bot id=8200360038
ValidationError: 1 validation error for InlineKeyboardMarkup
inline_keyboard
  Field required [type=missing, input_value={}, input_type=dict]
    For further information visit https://errors.pydantic.dev/2.11/v/missing
Traceback (most recent call last):
  File "C:\Users\ANUBIS PC\Desktop\parsing PE411\delivery_bot\venv\Lib\site-packages\aiogram\dispatcher\dispatcher.py", line 309, in _process_update
    response = await self.feed_update(bot, update, **kwargs)
               ^^^^^^^^^^^^^^^^^^^^^^^^^^^^^^^^^^^^^^^^^^^^^
  File "C:\Users\ANUBIS PC\Desktop\parsing PE411\delivery_bot\venv\Lib\site-packages\aiogram\dispatcher\dispatcher.py", line 158, in feed_update
    response = await self.update.wrap_outer_middleware(
               ^^^^^^^^^^^^^^^^^^^^^^^^^^^^^^^^^^^^^^^^
    ...<7 lines>...
    )
    ^
  File "C:\Users\ANUBIS PC\Desktop\parsing PE411\delivery_bot\venv\Lib\site-packages\aiogram\dispatcher\middlewares\error.py", line 25, in __call__
    return await handler(event, data)
           ^^^^^^^^^^^^^^^^^^^^^^^^^^
  File "C:\Users\ANUBIS PC\Desktop\parsing PE411\delivery_bot\venv\Lib\site-packages\aiogram\dispatcher\middlewares\user_context.py", line 56, in __call__
    return await handler(event, data)
           ^^^^^^^^^^^^^^^^^^^^^^^^^^
  File "C:\Users\ANUBIS PC\Desktop\parsing PE411\delivery_bot\venv\Lib\site-packages\aiogram\fsm\middleware.py", line 42, in __call__
    return await handler(event, data)
           ^^^^^^^^^^^^^^^^^^^^^^^^^^
  File "C:\Users\ANUBIS PC\Desktop\parsing PE411\delivery_bot\venv\Lib\site-packages\aiogram\dispatcher\event\telegram.py", line 121, in trigger
    return await wrapped_inner(event, kwargs)
           ^^^^^^^^^^^^^^^^^^^^^^^^^^^^^^^^^^
  File "C:\Users\ANUBIS PC\Desktop\parsing PE411\delivery_bot\middlewares\logging.py", line 20, in __call__
    response = await handler(event, data)
               ^^^^^^^^^^^^^^^^^^^^^^^^^^
  File "C:\Users\ANUBIS PC\Desktop\parsing PE411\delivery_bot\middlewares\auth.py", line 28, in __call__
    return await handler(event, data)
           ^^^^^^^^^^^^^^^^^^^^^^^^^^
  File "C:\Users\ANUBIS PC\Desktop\parsing PE411\delivery_bot\venv\Lib\site-packages\aiogram\dispatcher\event\handler.py", line 43, in call
    return await wrapped()
           ^^^^^^^^^^^^^^^
  File "C:\Users\ANUBIS PC\Desktop\parsing PE411\delivery_bot\venv\Lib\site-packages\aiogram\dispatcher\dispatcher.py", line 276, in _listen_update
    return await self.propagate_event(update_type=update_type, event=event, **kwargs)
           ^^^^^^^^^^^^^^^^^^^^^^^^^^^^^^^^^^^^^^^^^^^^^^^^^^^^^^^^^^^^^^^^^^^^^^^^^^
  File "C:\Users\ANUBIS PC\Desktop\parsing PE411\delivery_bot\venv\Lib\site-packages\aiogram\dispatcher\router.py", line 146, in propagate_event
    return await observer.wrap_outer_middleware(_wrapped, event=event, data=kwargs)
           ^^^^^^^^^^^^^^^^^^^^^^^^^^^^^^^^^^^^^^^^^^^^^^^^^^^^^^^^^^^^^^^^^^^^^^^^
  File "C:\Users\ANUBIS PC\Desktop\parsing PE411\delivery_bot\venv\Lib\site-packages\aiogram\dispatcher\router.py", line 141, in _wrapped
    return await self._propagate_event(
           ^^^^^^^^^^^^^^^^^^^^^^^^^^^^
        observer=observer, update_type=update_type, event=telegram_event, **data
        ^^^^^^^^^^^^^^^^^^^^^^^^^^^^^^^^^^^^^^^^^^^^^^^^^^^^^^^^^^^^^^^^^^^^^^^^
    )
    ^
  File "C:\Users\ANUBIS PC\Desktop\parsing PE411\delivery_bot\venv\Lib\site-packages\aiogram\dispatcher\router.py", line 166, in _propagate_event
    response = await observer.trigger(event, **kwargs)
               ^^^^^^^^^^^^^^^^^^^^^^^^^^^^^^^^^^^^^^^
  File "C:\Users\ANUBIS PC\Desktop\parsing PE411\delivery_bot\venv\Lib\site-packages\aiogram\dispatcher\event\telegram.py", line 121, in trigger
    return await wrapped_inner(event, kwargs)
           ^^^^^^^^^^^^^^^^^^^^^^^^^^^^^^^^^^
  File "C:\Users\ANUBIS PC\Desktop\parsing PE411\delivery_bot\venv\Lib\site-packages\aiogram\dispatcher\event\handler.py", line 43, in call
    return await wrapped()
           ^^^^^^^^^^^^^^^
  File "C:\Users\ANUBIS PC\Desktop\parsing PE411\delivery_bot\bot.py", line 18, in start
    await message.answer("Hello", reply_markup=start_kb())
                                               ~~~~~~~~^^
  File "C:\Users\ANUBIS PC\Desktop\parsing PE411\delivery_bot\keyboards\start.py", line 4, in start_kb
    kb = InlineKeyboardMarkup()
  File "C:\Users\ANUBIS PC\Desktop\parsing PE411\delivery_bot\venv\Lib\site-packages\pydantic\main.py", line 253, in __init__
    validated_self = self.__pydantic_validator__.validate_python(data, self_instance=self)
pydantic_core._pydantic_core.ValidationError: 1 validation error for InlineKeyboardMarkup
inline_keyboard
  Field required [type=missing, input_value={}, input_type=dict]
    For further information visit https://errors.pydantic.dev/2.11/v/missing
2025-11-20 21:19:07,142 - INFO - Update id=946294576 is not handled. Duration 145 ms by bot id=8200360038
2025-11-20 21:19:07,142 - ERROR - Cause exception while process update id=946294576 by bot id=8200360038
ValidationError: 1 validation error for InlineKeyboardMarkup
inline_keyboard
  Field required [type=missing, input_value={}, input_type=dict]
    For further information visit https://errors.pydantic.dev/2.11/v/missing
Traceback (most recent call last):
  File "C:\Users\ANUBIS PC\Desktop\parsing PE411\delivery_bot\venv\Lib\site-packages\aiogram\dispatcher\dispatcher.py", line 309, in _process_update
    response = await self.feed_update(bot, update, **kwargs)
               ^^^^^^^^^^^^^^^^^^^^^^^^^^^^^^^^^^^^^^^^^^^^^
  File "C:\Users\ANUBIS PC\Desktop\parsing PE411\delivery_bot\venv\Lib\site-packages\aiogram\dispatcher\dispatcher.py", line 158, in feed_update
    response = await self.update.wrap_outer_middleware(
               ^^^^^^^^^^^^^^^^^^^^^^^^^^^^^^^^^^^^^^^^
    ...<7 lines>...
    )
    ^
  File "C:\Users\ANUBIS PC\Desktop\parsing PE411\delivery_bot\venv\Lib\site-packages\aiogram\dispatcher\middlewares\error.py", line 25, in __call__
    return await handler(event, data)
           ^^^^^^^^^^^^^^^^^^^^^^^^^^
  File "C:\Users\ANUBIS PC\Desktop\parsing PE411\delivery_bot\venv\Lib\site-packages\aiogram\dispatcher\middlewares\user_context.py", line 56, in __call__
    return await handler(event, data)
           ^^^^^^^^^^^^^^^^^^^^^^^^^^
  File "C:\Users\ANUBIS PC\Desktop\parsing PE411\delivery_bot\venv\Lib\site-packages\aiogram\fsm\middleware.py", line 42, in __call__
    return await handler(event, data)
           ^^^^^^^^^^^^^^^^^^^^^^^^^^
  File "C:\Users\ANUBIS PC\Desktop\parsing PE411\delivery_bot\venv\Lib\site-packages\aiogram\dispatcher\event\telegram.py", line 121, in trigger
    return await wrapped_inner(event, kwargs)
           ^^^^^^^^^^^^^^^^^^^^^^^^^^^^^^^^^^
  File "C:\Users\ANUBIS PC\Desktop\parsing PE411\delivery_bot\middlewares\logging.py", line 20, in __call__
    response = await handler(event, data)
               ^^^^^^^^^^^^^^^^^^^^^^^^^^
  File "C:\Users\ANUBIS PC\Desktop\parsing PE411\delivery_bot\middlewares\auth.py", line 28, in __call__
    return await handler(event, data)
           ^^^^^^^^^^^^^^^^^^^^^^^^^^
  File "C:\Users\ANUBIS PC\Desktop\parsing PE411\delivery_bot\venv\Lib\site-packages\aiogram\dispatcher\event\handler.py", line 43, in call
    return await wrapped()
           ^^^^^^^^^^^^^^^
  File "C:\Users\ANUBIS PC\Desktop\parsing PE411\delivery_bot\venv\Lib\site-packages\aiogram\dispatcher\dispatcher.py", line 276, in _listen_update
    return await self.propagate_event(update_type=update_type, event=event, **kwargs)
           ^^^^^^^^^^^^^^^^^^^^^^^^^^^^^^^^^^^^^^^^^^^^^^^^^^^^^^^^^^^^^^^^^^^^^^^^^^
  File "C:\Users\ANUBIS PC\Desktop\parsing PE411\delivery_bot\venv\Lib\site-packages\aiogram\dispatcher\router.py", line 146, in propagate_event
    return await observer.wrap_outer_middleware(_wrapped, event=event, data=kwargs)
           ^^^^^^^^^^^^^^^^^^^^^^^^^^^^^^^^^^^^^^^^^^^^^^^^^^^^^^^^^^^^^^^^^^^^^^^^
  File "C:\Users\ANUBIS PC\Desktop\parsing PE411\delivery_bot\venv\Lib\site-packages\aiogram\dispatcher\router.py", line 141, in _wrapped
    return await self._propagate_event(
           ^^^^^^^^^^^^^^^^^^^^^^^^^^^^
        observer=observer, update_type=update_type, event=telegram_event, **data
        ^^^^^^^^^^^^^^^^^^^^^^^^^^^^^^^^^^^^^^^^^^^^^^^^^^^^^^^^^^^^^^^^^^^^^^^^
    )
    ^
  File "C:\Users\ANUBIS PC\Desktop\parsing PE411\delivery_bot\venv\Lib\site-packages\aiogram\dispatcher\router.py", line 166, in _propagate_event
    response = await observer.trigger(event, **kwargs)
               ^^^^^^^^^^^^^^^^^^^^^^^^^^^^^^^^^^^^^^^
  File "C:\Users\ANUBIS PC\Desktop\parsing PE411\delivery_bot\venv\Lib\site-packages\aiogram\dispatcher\event\telegram.py", line 121, in trigger
    return await wrapped_inner(event, kwargs)
           ^^^^^^^^^^^^^^^^^^^^^^^^^^^^^^^^^^
  File "C:\Users\ANUBIS PC\Desktop\parsing PE411\delivery_bot\venv\Lib\site-packages\aiogram\dispatcher\event\handler.py", line 43, in call
    return await wrapped()
           ^^^^^^^^^^^^^^^
  File "C:\Users\ANUBIS PC\Desktop\parsing PE411\delivery_bot\bot.py", line 18, in start
    await message.answer("Hello", reply_markup=start_kb())
                                               ~~~~~~~~^^
  File "C:\Users\ANUBIS PC\Desktop\parsing PE411\delivery_bot\keyboards\start.py", line 4, in start_kb
    kb = InlineKeyboardMarkup()
  File "C:\Users\ANUBIS PC\Desktop\parsing PE411\delivery_bot\venv\Lib\site-packages\pydantic\main.py", line 253, in __init__
    validated_self = self.__pydantic_validator__.validate_python(data, self_instance=self)
pydantic_core._pydantic_core.ValidationError: 1 validation error for InlineKeyboardMarkup
inline_keyboard
  Field required [type=missing, input_value={}, input_type=dict]
    For further information visit https://errors.pydantic.dev/2.11/v/missing
2025-11-20 21:20:24,197 - INFO - Polling stopped
2025-11-20 21:20:24,198 - ERROR - Failed to fetch updates - TelegramNetworkError: HTTP Client says - ServerDisconnectedError: Server disconnected
2025-11-20 21:20:24,198 - WARNING - Sleep for 1.000000 seconds and try again... (tryings = 0, bot id = 8200360038)
2025-11-20 21:20:24,449 - INFO - Polling stopped for bot @pe411_bot id=8200360038 - 'pe411'
2025-11-20 21:25:43,678 - INFO - Update id=946294577 is not handled. Duration 218 ms by bot id=8200360038
2025-11-20 21:25:43,678 - ERROR - Cause exception while process update id=946294577 by bot id=8200360038
ValidationError: 1 validation error for InlineKeyboardMarkup
inline_keyboard
  Field required [type=missing, input_value={}, input_type=dict]
    For further information visit https://errors.pydantic.dev/2.11/v/missing
Traceback (most recent call last):
  File "C:\Users\ANUBIS PC\Desktop\parsing PE411\delivery_bot\venv\Lib\site-packages\aiogram\dispatcher\dispatcher.py", line 309, in _process_update
    response = await self.feed_update(bot, update, **kwargs)
               ^^^^^^^^^^^^^^^^^^^^^^^^^^^^^^^^^^^^^^^^^^^^^
  File "C:\Users\ANUBIS PC\Desktop\parsing PE411\delivery_bot\venv\Lib\site-packages\aiogram\dispatcher\dispatcher.py", line 158, in feed_update
    response = await self.update.wrap_outer_middleware(
               ^^^^^^^^^^^^^^^^^^^^^^^^^^^^^^^^^^^^^^^^
    ...<7 lines>...
    )
    ^
  File "C:\Users\ANUBIS PC\Desktop\parsing PE411\delivery_bot\venv\Lib\site-packages\aiogram\dispatcher\middlewares\error.py", line 25, in __call__
    return await handler(event, data)
           ^^^^^^^^^^^^^^^^^^^^^^^^^^
  File "C:\Users\ANUBIS PC\Desktop\parsing PE411\delivery_bot\venv\Lib\site-packages\aiogram\dispatcher\middlewares\user_context.py", line 56, in __call__
    return await handler(event, data)
           ^^^^^^^^^^^^^^^^^^^^^^^^^^
  File "C:\Users\ANUBIS PC\Desktop\parsing PE411\delivery_bot\venv\Lib\site-packages\aiogram\fsm\middleware.py", line 42, in __call__
    return await handler(event, data)
           ^^^^^^^^^^^^^^^^^^^^^^^^^^
  File "C:\Users\ANUBIS PC\Desktop\parsing PE411\delivery_bot\venv\Lib\site-packages\aiogram\dispatcher\event\telegram.py", line 121, in trigger
    return await wrapped_inner(event, kwargs)
           ^^^^^^^^^^^^^^^^^^^^^^^^^^^^^^^^^^
  File "C:\Users\ANUBIS PC\Desktop\parsing PE411\delivery_bot\middlewares\logging.py", line 20, in __call__
    response = await handler(event, data)
               ^^^^^^^^^^^^^^^^^^^^^^^^^^
  File "C:\Users\ANUBIS PC\Desktop\parsing PE411\delivery_bot\middlewares\auth.py", line 28, in __call__
    return await handler(event, data)
           ^^^^^^^^^^^^^^^^^^^^^^^^^^
  File "C:\Users\ANUBIS PC\Desktop\parsing PE411\delivery_bot\venv\Lib\site-packages\aiogram\dispatcher\event\handler.py", line 43, in call
    return await wrapped()
           ^^^^^^^^^^^^^^^
  File "C:\Users\ANUBIS PC\Desktop\parsing PE411\delivery_bot\venv\Lib\site-packages\aiogram\dispatcher\dispatcher.py", line 276, in _listen_update
    return await self.propagate_event(update_type=update_type, event=event, **kwargs)
           ^^^^^^^^^^^^^^^^^^^^^^^^^^^^^^^^^^^^^^^^^^^^^^^^^^^^^^^^^^^^^^^^^^^^^^^^^^
  File "C:\Users\ANUBIS PC\Desktop\parsing PE411\delivery_bot\venv\Lib\site-packages\aiogram\dispatcher\router.py", line 146, in propagate_event
    return await observer.wrap_outer_middleware(_wrapped, event=event, data=kwargs)
           ^^^^^^^^^^^^^^^^^^^^^^^^^^^^^^^^^^^^^^^^^^^^^^^^^^^^^^^^^^^^^^^^^^^^^^^^
  File "C:\Users\ANUBIS PC\Desktop\parsing PE411\delivery_bot\venv\Lib\site-packages\aiogram\dispatcher\router.py", line 141, in _wrapped
    return await self._propagate_event(
           ^^^^^^^^^^^^^^^^^^^^^^^^^^^^
        observer=observer, update_type=update_type, event=telegram_event, **data
        ^^^^^^^^^^^^^^^^^^^^^^^^^^^^^^^^^^^^^^^^^^^^^^^^^^^^^^^^^^^^^^^^^^^^^^^^
    )
    ^
  File "C:\Users\ANUBIS PC\Desktop\parsing PE411\delivery_bot\venv\Lib\site-packages\aiogram\dispatcher\router.py", line 174, in _propagate_event
    response = await router.propagate_event(update_type=update_type, event=event, **kwargs)
               ^^^^^^^^^^^^^^^^^^^^^^^^^^^^^^^^^^^^^^^^^^^^^^^^^^^^^^^^^^^^^^^^^^^^^^^^^^^^
  File "C:\Users\ANUBIS PC\Desktop\parsing PE411\delivery_bot\venv\Lib\site-packages\aiogram\dispatcher\router.py", line 146, in propagate_event
    return await observer.wrap_outer_middleware(_wrapped, event=event, data=kwargs)
           ^^^^^^^^^^^^^^^^^^^^^^^^^^^^^^^^^^^^^^^^^^^^^^^^^^^^^^^^^^^^^^^^^^^^^^^^
  File "C:\Users\ANUBIS PC\Desktop\parsing PE411\delivery_bot\venv\Lib\site-packages\aiogram\dispatcher\router.py", line 141, in _wrapped
    return await self._propagate_event(
           ^^^^^^^^^^^^^^^^^^^^^^^^^^^^
        observer=observer, update_type=update_type, event=telegram_event, **data
        ^^^^^^^^^^^^^^^^^^^^^^^^^^^^^^^^^^^^^^^^^^^^^^^^^^^^^^^^^^^^^^^^^^^^^^^^
    )
    ^
  File "C:\Users\ANUBIS PC\Desktop\parsing PE411\delivery_bot\venv\Lib\site-packages\aiogram\dispatcher\router.py", line 166, in _propagate_event
    response = await observer.trigger(event, **kwargs)
               ^^^^^^^^^^^^^^^^^^^^^^^^^^^^^^^^^^^^^^^
  File "C:\Users\ANUBIS PC\Desktop\parsing PE411\delivery_bot\venv\Lib\site-packages\aiogram\dispatcher\event\telegram.py", line 121, in trigger
    return await wrapped_inner(event, kwargs)
           ^^^^^^^^^^^^^^^^^^^^^^^^^^^^^^^^^^
  File "C:\Users\ANUBIS PC\Desktop\parsing PE411\delivery_bot\venv\Lib\site-packages\aiogram\dispatcher\event\handler.py", line 43, in call
    return await wrapped()
           ^^^^^^^^^^^^^^^
  File "C:\Users\ANUBIS PC\Desktop\parsing PE411\delivery_bot\routers\start.py", line 12, in start
    await message.answer("Hello do you wanna order anything", reply_markup=start_kb())
                                                                           ~~~~~~~~^^
  File "C:\Users\ANUBIS PC\Desktop\parsing PE411\delivery_bot\keyboards\start.py", line 4, in start_kb
    kb = InlineKeyboardMarkup()
  File "C:\Users\ANUBIS PC\Desktop\parsing PE411\delivery_bot\venv\Lib\site-packages\pydantic\main.py", line 253, in __init__
    validated_self = self.__pydantic_validator__.validate_python(data, self_instance=self)
pydantic_core._pydantic_core.ValidationError: 1 validation error for InlineKeyboardMarkup
inline_keyboard
  Field required [type=missing, input_value={}, input_type=dict]
    For further information visit https://errors.pydantic.dev/2.11/v/missing
2025-11-20 21:25:43,688 - INFO - Update id=946294580 is not handled. Duration 220 ms by bot id=8200360038
2025-11-20 21:25:43,688 - ERROR - Cause exception while process update id=946294580 by bot id=8200360038
ValidationError: 1 validation error for InlineKeyboardMarkup
inline_keyboard
  Field required [type=missing, input_value={}, input_type=dict]
    For further information visit https://errors.pydantic.dev/2.11/v/missing
Traceback (most recent call last):
  File "C:\Users\ANUBIS PC\Desktop\parsing PE411\delivery_bot\venv\Lib\site-packages\aiogram\dispatcher\dispatcher.py", line 309, in _process_update
    response = await self.feed_update(bot, update, **kwargs)
               ^^^^^^^^^^^^^^^^^^^^^^^^^^^^^^^^^^^^^^^^^^^^^
  File "C:\Users\ANUBIS PC\Desktop\parsing PE411\delivery_bot\venv\Lib\site-packages\aiogram\dispatcher\dispatcher.py", line 158, in feed_update
    response = await self.update.wrap_outer_middleware(
               ^^^^^^^^^^^^^^^^^^^^^^^^^^^^^^^^^^^^^^^^
    ...<7 lines>...
    )
    ^
  File "C:\Users\ANUBIS PC\Desktop\parsing PE411\delivery_bot\venv\Lib\site-packages\aiogram\dispatcher\middlewares\error.py", line 25, in __call__
    return await handler(event, data)
           ^^^^^^^^^^^^^^^^^^^^^^^^^^
  File "C:\Users\ANUBIS PC\Desktop\parsing PE411\delivery_bot\venv\Lib\site-packages\aiogram\dispatcher\middlewares\user_context.py", line 56, in __call__
    return await handler(event, data)
           ^^^^^^^^^^^^^^^^^^^^^^^^^^
  File "C:\Users\ANUBIS PC\Desktop\parsing PE411\delivery_bot\venv\Lib\site-packages\aiogram\fsm\middleware.py", line 42, in __call__
    return await handler(event, data)
           ^^^^^^^^^^^^^^^^^^^^^^^^^^
  File "C:\Users\ANUBIS PC\Desktop\parsing PE411\delivery_bot\venv\Lib\site-packages\aiogram\dispatcher\event\telegram.py", line 121, in trigger
    return await wrapped_inner(event, kwargs)
           ^^^^^^^^^^^^^^^^^^^^^^^^^^^^^^^^^^
  File "C:\Users\ANUBIS PC\Desktop\parsing PE411\delivery_bot\middlewares\logging.py", line 20, in __call__
    response = await handler(event, data)
               ^^^^^^^^^^^^^^^^^^^^^^^^^^
  File "C:\Users\ANUBIS PC\Desktop\parsing PE411\delivery_bot\middlewares\auth.py", line 28, in __call__
    return await handler(event, data)
           ^^^^^^^^^^^^^^^^^^^^^^^^^^
  File "C:\Users\ANUBIS PC\Desktop\parsing PE411\delivery_bot\venv\Lib\site-packages\aiogram\dispatcher\event\handler.py", line 43, in call
    return await wrapped()
           ^^^^^^^^^^^^^^^
  File "C:\Users\ANUBIS PC\Desktop\parsing PE411\delivery_bot\venv\Lib\site-packages\aiogram\dispatcher\dispatcher.py", line 276, in _listen_update
    return await self.propagate_event(update_type=update_type, event=event, **kwargs)
           ^^^^^^^^^^^^^^^^^^^^^^^^^^^^^^^^^^^^^^^^^^^^^^^^^^^^^^^^^^^^^^^^^^^^^^^^^^
  File "C:\Users\ANUBIS PC\Desktop\parsing PE411\delivery_bot\venv\Lib\site-packages\aiogram\dispatcher\router.py", line 146, in propagate_event
    return await observer.wrap_outer_middleware(_wrapped, event=event, data=kwargs)
           ^^^^^^^^^^^^^^^^^^^^^^^^^^^^^^^^^^^^^^^^^^^^^^^^^^^^^^^^^^^^^^^^^^^^^^^^
  File "C:\Users\ANUBIS PC\Desktop\parsing PE411\delivery_bot\venv\Lib\site-packages\aiogram\dispatcher\router.py", line 141, in _wrapped
    return await self._propagate_event(
           ^^^^^^^^^^^^^^^^^^^^^^^^^^^^
        observer=observer, update_type=update_type, event=telegram_event, **data
        ^^^^^^^^^^^^^^^^^^^^^^^^^^^^^^^^^^^^^^^^^^^^^^^^^^^^^^^^^^^^^^^^^^^^^^^^
    )
    ^
  File "C:\Users\ANUBIS PC\Desktop\parsing PE411\delivery_bot\venv\Lib\site-packages\aiogram\dispatcher\router.py", line 174, in _propagate_event
    response = await router.propagate_event(update_type=update_type, event=event, **kwargs)
               ^^^^^^^^^^^^^^^^^^^^^^^^^^^^^^^^^^^^^^^^^^^^^^^^^^^^^^^^^^^^^^^^^^^^^^^^^^^^
  File "C:\Users\ANUBIS PC\Desktop\parsing PE411\delivery_bot\venv\Lib\site-packages\aiogram\dispatcher\router.py", line 146, in propagate_event
    return await observer.wrap_outer_middleware(_wrapped, event=event, data=kwargs)
           ^^^^^^^^^^^^^^^^^^^^^^^^^^^^^^^^^^^^^^^^^^^^^^^^^^^^^^^^^^^^^^^^^^^^^^^^
  File "C:\Users\ANUBIS PC\Desktop\parsing PE411\delivery_bot\venv\Lib\site-packages\aiogram\dispatcher\router.py", line 141, in _wrapped
    return await self._propagate_event(
           ^^^^^^^^^^^^^^^^^^^^^^^^^^^^
        observer=observer, update_type=update_type, event=telegram_event, **data
        ^^^^^^^^^^^^^^^^^^^^^^^^^^^^^^^^^^^^^^^^^^^^^^^^^^^^^^^^^^^^^^^^^^^^^^^^
    )
    ^
  File "C:\Users\ANUBIS PC\Desktop\parsing PE411\delivery_bot\venv\Lib\site-packages\aiogram\dispatcher\router.py", line 166, in _propagate_event
    response = await observer.trigger(event, **kwargs)
               ^^^^^^^^^^^^^^^^^^^^^^^^^^^^^^^^^^^^^^^
  File "C:\Users\ANUBIS PC\Desktop\parsing PE411\delivery_bot\venv\Lib\site-packages\aiogram\dispatcher\event\telegram.py", line 121, in trigger
    return await wrapped_inner(event, kwargs)
           ^^^^^^^^^^^^^^^^^^^^^^^^^^^^^^^^^^
  File "C:\Users\ANUBIS PC\Desktop\parsing PE411\delivery_bot\venv\Lib\site-packages\aiogram\dispatcher\event\handler.py", line 43, in call
    return await wrapped()
           ^^^^^^^^^^^^^^^
  File "C:\Users\ANUBIS PC\Desktop\parsing PE411\delivery_bot\routers\start.py", line 12, in start
    await message.answer("Hello do you wanna order anything", reply_markup=start_kb())
                                                                           ~~~~~~~~^^
  File "C:\Users\ANUBIS PC\Desktop\parsing PE411\delivery_bot\keyboards\start.py", line 4, in start_kb
    kb = InlineKeyboardMarkup()
  File "C:\Users\ANUBIS PC\Desktop\parsing PE411\delivery_bot\venv\Lib\site-packages\pydantic\main.py", line 253, in __init__
    validated_self = self.__pydantic_validator__.validate_python(data, self_instance=self)
pydantic_core._pydantic_core.ValidationError: 1 validation error for InlineKeyboardMarkup
inline_keyboard
  Field required [type=missing, input_value={}, input_type=dict]
    For further information visit https://errors.pydantic.dev/2.11/v/missing
2025-11-20 21:25:43,697 - INFO - Update id=946294578 is not handled. Duration 233 ms by bot id=8200360038
2025-11-20 21:25:43,697 - ERROR - Cause exception while process update id=946294578 by bot id=8200360038
ValidationError: 1 validation error for InlineKeyboardMarkup
inline_keyboard
  Field required [type=missing, input_value={}, input_type=dict]
    For further information visit https://errors.pydantic.dev/2.11/v/missing
Traceback (most recent call last):
  File "C:\Users\ANUBIS PC\Desktop\parsing PE411\delivery_bot\venv\Lib\site-packages\aiogram\dispatcher\dispatcher.py", line 309, in _process_update
    response = await self.feed_update(bot, update, **kwargs)
               ^^^^^^^^^^^^^^^^^^^^^^^^^^^^^^^^^^^^^^^^^^^^^
  File "C:\Users\ANUBIS PC\Desktop\parsing PE411\delivery_bot\venv\Lib\site-packages\aiogram\dispatcher\dispatcher.py", line 158, in feed_update
    response = await self.update.wrap_outer_middleware(
               ^^^^^^^^^^^^^^^^^^^^^^^^^^^^^^^^^^^^^^^^
    ...<7 lines>...
    )
    ^
  File "C:\Users\ANUBIS PC\Desktop\parsing PE411\delivery_bot\venv\Lib\site-packages\aiogram\dispatcher\middlewares\error.py", line 25, in __call__
    return await handler(event, data)
           ^^^^^^^^^^^^^^^^^^^^^^^^^^
  File "C:\Users\ANUBIS PC\Desktop\parsing PE411\delivery_bot\venv\Lib\site-packages\aiogram\dispatcher\middlewares\user_context.py", line 56, in __call__
    return await handler(event, data)
           ^^^^^^^^^^^^^^^^^^^^^^^^^^
  File "C:\Users\ANUBIS PC\Desktop\parsing PE411\delivery_bot\venv\Lib\site-packages\aiogram\fsm\middleware.py", line 42, in __call__
    return await handler(event, data)
           ^^^^^^^^^^^^^^^^^^^^^^^^^^
  File "C:\Users\ANUBIS PC\Desktop\parsing PE411\delivery_bot\venv\Lib\site-packages\aiogram\dispatcher\event\telegram.py", line 121, in trigger
    return await wrapped_inner(event, kwargs)
           ^^^^^^^^^^^^^^^^^^^^^^^^^^^^^^^^^^
  File "C:\Users\ANUBIS PC\Desktop\parsing PE411\delivery_bot\middlewares\logging.py", line 20, in __call__
    response = await handler(event, data)
               ^^^^^^^^^^^^^^^^^^^^^^^^^^
  File "C:\Users\ANUBIS PC\Desktop\parsing PE411\delivery_bot\middlewares\auth.py", line 28, in __call__
    return await handler(event, data)
           ^^^^^^^^^^^^^^^^^^^^^^^^^^
  File "C:\Users\ANUBIS PC\Desktop\parsing PE411\delivery_bot\venv\Lib\site-packages\aiogram\dispatcher\event\handler.py", line 43, in call
    return await wrapped()
           ^^^^^^^^^^^^^^^
  File "C:\Users\ANUBIS PC\Desktop\parsing PE411\delivery_bot\venv\Lib\site-packages\aiogram\dispatcher\dispatcher.py", line 276, in _listen_update
    return await self.propagate_event(update_type=update_type, event=event, **kwargs)
           ^^^^^^^^^^^^^^^^^^^^^^^^^^^^^^^^^^^^^^^^^^^^^^^^^^^^^^^^^^^^^^^^^^^^^^^^^^
  File "C:\Users\ANUBIS PC\Desktop\parsing PE411\delivery_bot\venv\Lib\site-packages\aiogram\dispatcher\router.py", line 146, in propagate_event
    return await observer.wrap_outer_middleware(_wrapped, event=event, data=kwargs)
           ^^^^^^^^^^^^^^^^^^^^^^^^^^^^^^^^^^^^^^^^^^^^^^^^^^^^^^^^^^^^^^^^^^^^^^^^
  File "C:\Users\ANUBIS PC\Desktop\parsing PE411\delivery_bot\venv\Lib\site-packages\aiogram\dispatcher\router.py", line 141, in _wrapped
    return await self._propagate_event(
           ^^^^^^^^^^^^^^^^^^^^^^^^^^^^
        observer=observer, update_type=update_type, event=telegram_event, **data
        ^^^^^^^^^^^^^^^^^^^^^^^^^^^^^^^^^^^^^^^^^^^^^^^^^^^^^^^^^^^^^^^^^^^^^^^^
    )
    ^
  File "C:\Users\ANUBIS PC\Desktop\parsing PE411\delivery_bot\venv\Lib\site-packages\aiogram\dispatcher\router.py", line 174, in _propagate_event
    response = await router.propagate_event(update_type=update_type, event=event, **kwargs)
               ^^^^^^^^^^^^^^^^^^^^^^^^^^^^^^^^^^^^^^^^^^^^^^^^^^^^^^^^^^^^^^^^^^^^^^^^^^^^
  File "C:\Users\ANUBIS PC\Desktop\parsing PE411\delivery_bot\venv\Lib\site-packages\aiogram\dispatcher\router.py", line 146, in propagate_event
    return await observer.wrap_outer_middleware(_wrapped, event=event, data=kwargs)
           ^^^^^^^^^^^^^^^^^^^^^^^^^^^^^^^^^^^^^^^^^^^^^^^^^^^^^^^^^^^^^^^^^^^^^^^^
  File "C:\Users\ANUBIS PC\Desktop\parsing PE411\delivery_bot\venv\Lib\site-packages\aiogram\dispatcher\router.py", line 141, in _wrapped
    return await self._propagate_event(
           ^^^^^^^^^^^^^^^^^^^^^^^^^^^^
        observer=observer, update_type=update_type, event=telegram_event, **data
        ^^^^^^^^^^^^^^^^^^^^^^^^^^^^^^^^^^^^^^^^^^^^^^^^^^^^^^^^^^^^^^^^^^^^^^^^
    )
    ^
  File "C:\Users\ANUBIS PC\Desktop\parsing PE411\delivery_bot\venv\Lib\site-packages\aiogram\dispatcher\router.py", line 166, in _propagate_event
    response = await observer.trigger(event, **kwargs)
               ^^^^^^^^^^^^^^^^^^^^^^^^^^^^^^^^^^^^^^^
  File "C:\Users\ANUBIS PC\Desktop\parsing PE411\delivery_bot\venv\Lib\site-packages\aiogram\dispatcher\event\telegram.py", line 121, in trigger
    return await wrapped_inner(event, kwargs)
           ^^^^^^^^^^^^^^^^^^^^^^^^^^^^^^^^^^
  File "C:\Users\ANUBIS PC\Desktop\parsing PE411\delivery_bot\venv\Lib\site-packages\aiogram\dispatcher\event\handler.py", line 43, in call
    return await wrapped()
           ^^^^^^^^^^^^^^^
  File "C:\Users\ANUBIS PC\Desktop\parsing PE411\delivery_bot\routers\start.py", line 12, in start
    await message.answer("Hello do you wanna order anything", reply_markup=start_kb())
                                                                           ~~~~~~~~^^
  File "C:\Users\ANUBIS PC\Desktop\parsing PE411\delivery_bot\keyboards\start.py", line 4, in start_kb
    kb = InlineKeyboardMarkup()
  File "C:\Users\ANUBIS PC\Desktop\parsing PE411\delivery_bot\venv\Lib\site-packages\pydantic\main.py", line 253, in __init__
    validated_self = self.__pydantic_validator__.validate_python(data, self_instance=self)
pydantic_core._pydantic_core.ValidationError: 1 validation error for InlineKeyboardMarkup
inline_keyboard
  Field required [type=missing, input_value={}, input_type=dict]
    For further information visit https://errors.pydantic.dev/2.11/v/missing
2025-11-20 21:25:43,703 - INFO - Update id=946294579 is not handled. Duration 238 ms by bot id=8200360038
2025-11-20 21:25:43,704 - ERROR - Cause exception while process update id=946294579 by bot id=8200360038
ValidationError: 1 validation error for InlineKeyboardMarkup
inline_keyboard
  Field required [type=missing, input_value={}, input_type=dict]
    For further information visit https://errors.pydantic.dev/2.11/v/missing
Traceback (most recent call last):
  File "C:\Users\ANUBIS PC\Desktop\parsing PE411\delivery_bot\venv\Lib\site-packages\aiogram\dispatcher\dispatcher.py", line 309, in _process_update
    response = await self.feed_update(bot, update, **kwargs)
               ^^^^^^^^^^^^^^^^^^^^^^^^^^^^^^^^^^^^^^^^^^^^^
  File "C:\Users\ANUBIS PC\Desktop\parsing PE411\delivery_bot\venv\Lib\site-packages\aiogram\dispatcher\dispatcher.py", line 158, in feed_update
    response = await self.update.wrap_outer_middleware(
               ^^^^^^^^^^^^^^^^^^^^^^^^^^^^^^^^^^^^^^^^
    ...<7 lines>...
    )
    ^
  File "C:\Users\ANUBIS PC\Desktop\parsing PE411\delivery_bot\venv\Lib\site-packages\aiogram\dispatcher\middlewares\error.py", line 25, in __call__
    return await handler(event, data)
           ^^^^^^^^^^^^^^^^^^^^^^^^^^
  File "C:\Users\ANUBIS PC\Desktop\parsing PE411\delivery_bot\venv\Lib\site-packages\aiogram\dispatcher\middlewares\user_context.py", line 56, in __call__
    return await handler(event, data)
           ^^^^^^^^^^^^^^^^^^^^^^^^^^
  File "C:\Users\ANUBIS PC\Desktop\parsing PE411\delivery_bot\venv\Lib\site-packages\aiogram\fsm\middleware.py", line 42, in __call__
    return await handler(event, data)
           ^^^^^^^^^^^^^^^^^^^^^^^^^^
  File "C:\Users\ANUBIS PC\Desktop\parsing PE411\delivery_bot\venv\Lib\site-packages\aiogram\dispatcher\event\telegram.py", line 121, in trigger
    return await wrapped_inner(event, kwargs)
           ^^^^^^^^^^^^^^^^^^^^^^^^^^^^^^^^^^
  File "C:\Users\ANUBIS PC\Desktop\parsing PE411\delivery_bot\middlewares\logging.py", line 20, in __call__
    response = await handler(event, data)
               ^^^^^^^^^^^^^^^^^^^^^^^^^^
  File "C:\Users\ANUBIS PC\Desktop\parsing PE411\delivery_bot\middlewares\auth.py", line 28, in __call__
    return await handler(event, data)
           ^^^^^^^^^^^^^^^^^^^^^^^^^^
  File "C:\Users\ANUBIS PC\Desktop\parsing PE411\delivery_bot\venv\Lib\site-packages\aiogram\dispatcher\event\handler.py", line 43, in call
    return await wrapped()
           ^^^^^^^^^^^^^^^
  File "C:\Users\ANUBIS PC\Desktop\parsing PE411\delivery_bot\venv\Lib\site-packages\aiogram\dispatcher\dispatcher.py", line 276, in _listen_update
    return await self.propagate_event(update_type=update_type, event=event, **kwargs)
           ^^^^^^^^^^^^^^^^^^^^^^^^^^^^^^^^^^^^^^^^^^^^^^^^^^^^^^^^^^^^^^^^^^^^^^^^^^
  File "C:\Users\ANUBIS PC\Desktop\parsing PE411\delivery_bot\venv\Lib\site-packages\aiogram\dispatcher\router.py", line 146, in propagate_event
    return await observer.wrap_outer_middleware(_wrapped, event=event, data=kwargs)
           ^^^^^^^^^^^^^^^^^^^^^^^^^^^^^^^^^^^^^^^^^^^^^^^^^^^^^^^^^^^^^^^^^^^^^^^^
  File "C:\Users\ANUBIS PC\Desktop\parsing PE411\delivery_bot\venv\Lib\site-packages\aiogram\dispatcher\router.py", line 141, in _wrapped
    return await self._propagate_event(
           ^^^^^^^^^^^^^^^^^^^^^^^^^^^^
        observer=observer, update_type=update_type, event=telegram_event, **data
        ^^^^^^^^^^^^^^^^^^^^^^^^^^^^^^^^^^^^^^^^^^^^^^^^^^^^^^^^^^^^^^^^^^^^^^^^
    )
    ^
  File "C:\Users\ANUBIS PC\Desktop\parsing PE411\delivery_bot\venv\Lib\site-packages\aiogram\dispatcher\router.py", line 174, in _propagate_event
    response = await router.propagate_event(update_type=update_type, event=event, **kwargs)
               ^^^^^^^^^^^^^^^^^^^^^^^^^^^^^^^^^^^^^^^^^^^^^^^^^^^^^^^^^^^^^^^^^^^^^^^^^^^^
  File "C:\Users\ANUBIS PC\Desktop\parsing PE411\delivery_bot\venv\Lib\site-packages\aiogram\dispatcher\router.py", line 146, in propagate_event
    return await observer.wrap_outer_middleware(_wrapped, event=event, data=kwargs)
           ^^^^^^^^^^^^^^^^^^^^^^^^^^^^^^^^^^^^^^^^^^^^^^^^^^^^^^^^^^^^^^^^^^^^^^^^
  File "C:\Users\ANUBIS PC\Desktop\parsing PE411\delivery_bot\venv\Lib\site-packages\aiogram\dispatcher\router.py", line 141, in _wrapped
    return await self._propagate_event(
           ^^^^^^^^^^^^^^^^^^^^^^^^^^^^
        observer=observer, update_type=update_type, event=telegram_event, **data
        ^^^^^^^^^^^^^^^^^^^^^^^^^^^^^^^^^^^^^^^^^^^^^^^^^^^^^^^^^^^^^^^^^^^^^^^^
    )
    ^
  File "C:\Users\ANUBIS PC\Desktop\parsing PE411\delivery_bot\venv\Lib\site-packages\aiogram\dispatcher\router.py", line 166, in _propagate_event
    response = await observer.trigger(event, **kwargs)
               ^^^^^^^^^^^^^^^^^^^^^^^^^^^^^^^^^^^^^^^
  File "C:\Users\ANUBIS PC\Desktop\parsing PE411\delivery_bot\venv\Lib\site-packages\aiogram\dispatcher\event\telegram.py", line 121, in trigger
    return await wrapped_inner(event, kwargs)
           ^^^^^^^^^^^^^^^^^^^^^^^^^^^^^^^^^^
  File "C:\Users\ANUBIS PC\Desktop\parsing PE411\delivery_bot\venv\Lib\site-packages\aiogram\dispatcher\event\handler.py", line 43, in call
    return await wrapped()
           ^^^^^^^^^^^^^^^
  File "C:\Users\ANUBIS PC\Desktop\parsing PE411\delivery_bot\routers\start.py", line 12, in start
    await message.answer("Hello do you wanna order anything", reply_markup=start_kb())
                                                                           ~~~~~~~~^^
  File "C:\Users\ANUBIS PC\Desktop\parsing PE411\delivery_bot\keyboards\start.py", line 4, in start_kb
    kb = InlineKeyboardMarkup()
  File "C:\Users\ANUBIS PC\Desktop\parsing PE411\delivery_bot\venv\Lib\site-packages\pydantic\main.py", line 253, in __init__
    validated_self = self.__pydantic_validator__.validate_python(data, self_instance=self)
pydantic_core._pydantic_core.ValidationError: 1 validation error for InlineKeyboardMarkup
inline_keyboard
  Field required [type=missing, input_value={}, input_type=dict]
    For further information visit https://errors.pydantic.dev/2.11/v/missing
2025-11-20 21:27:13,683 - INFO - Polling stopped
2025-11-20 21:27:13,684 - ERROR - Failed to fetch updates - TelegramNetworkError: HTTP Client says - ServerDisconnectedError: Server disconnected
2025-11-20 21:27:13,684 - WARNING - Sleep for 1.000000 seconds and try again... (tryings = 0, bot id = 8200360038)
2025-11-20 21:27:13,945 - INFO - Polling stopped for bot @pe411_bot id=8200360038 - 'pe411'
2025-11-20 21:27:24,921 - INFO - MESSAGE: 2045.2263355255127ms
2025-11-20 21:27:24,921 - INFO - Update id=946294581 is handled. Duration 2047 ms by bot id=8200360038
2025-11-20 21:32:40,813 - INFO - Polling stopped
2025-11-20 21:32:40,814 - ERROR - Failed to fetch updates - TelegramNetworkError: HTTP Client says - ServerDisconnectedError: Server disconnected
2025-11-20 21:32:40,815 - WARNING - Sleep for 1.000000 seconds and try again... (tryings = 0, bot id = 8200360038)
2025-11-20 21:32:41,068 - INFO - Polling stopped for bot @pe411_bot id=8200360038 - 'pe411'
2025-11-20 21:32:47,848 - INFO - MESSAGE: 825.5331516265869ms
2025-11-20 21:32:47,848 - INFO - Update id=946294582 is handled. Duration 827 ms by bot id=8200360038
2025-11-20 21:32:52,438 - INFO - Update id=946294583 is not handled. Duration 0 ms by bot id=8200360038
2025-11-20 21:32:52,438 - ERROR - Cause exception while process update id=946294583 by bot id=8200360038
AttributeError: 'CallbackQuery' object has no attribute 'from_user1'
Traceback (most recent call last):
  File "C:\Users\ANUBIS PC\Desktop\parsing PE411\delivery_bot\venv\Lib\site-packages\aiogram\dispatcher\dispatcher.py", line 309, in _process_update
    response = await self.feed_update(bot, update, **kwargs)
               ^^^^^^^^^^^^^^^^^^^^^^^^^^^^^^^^^^^^^^^^^^^^^
  File "C:\Users\ANUBIS PC\Desktop\parsing PE411\delivery_bot\venv\Lib\site-packages\aiogram\dispatcher\dispatcher.py", line 158, in feed_update
    response = await self.update.wrap_outer_middleware(
               ^^^^^^^^^^^^^^^^^^^^^^^^^^^^^^^^^^^^^^^^
    ...<7 lines>...
    )
    ^
  File "C:\Users\ANUBIS PC\Desktop\parsing PE411\delivery_bot\venv\Lib\site-packages\aiogram\dispatcher\middlewares\error.py", line 25, in __call__
    return await handler(event, data)
           ^^^^^^^^^^^^^^^^^^^^^^^^^^
  File "C:\Users\ANUBIS PC\Desktop\parsing PE411\delivery_bot\venv\Lib\site-packages\aiogram\dispatcher\middlewares\user_context.py", line 56, in __call__
    return await handler(event, data)
           ^^^^^^^^^^^^^^^^^^^^^^^^^^
  File "C:\Users\ANUBIS PC\Desktop\parsing PE411\delivery_bot\venv\Lib\site-packages\aiogram\fsm\middleware.py", line 42, in __call__
    return await handler(event, data)
           ^^^^^^^^^^^^^^^^^^^^^^^^^^
  File "C:\Users\ANUBIS PC\Desktop\parsing PE411\delivery_bot\venv\Lib\site-packages\aiogram\dispatcher\event\telegram.py", line 121, in trigger
    return await wrapped_inner(event, kwargs)
           ^^^^^^^^^^^^^^^^^^^^^^^^^^^^^^^^^^
  File "C:\Users\ANUBIS PC\Desktop\parsing PE411\delivery_bot\middlewares\logging.py", line 20, in __call__
    response = await handler(event, data)
               ^^^^^^^^^^^^^^^^^^^^^^^^^^
  File "C:\Users\ANUBIS PC\Desktop\parsing PE411\delivery_bot\middlewares\auth.py", line 22, in __call__
    from_user = event.callback_query.from_user1
                ^^^^^^^^^^^^^^^^^^^^^^^^^^^^^^^
  File "C:\Users\ANUBIS PC\Desktop\parsing PE411\delivery_bot\venv\Lib\site-packages\pydantic\main.py", line 991, in __getattr__
    raise AttributeError(f'{type(self).__name__!r} object has no attribute {item!r}')
AttributeError: 'CallbackQuery' object has no attribute 'from_user1'. Did you mean: 'from_user'?
2025-11-20 21:32:54,373 - INFO - Update id=946294584 is not handled. Duration 0 ms by bot id=8200360038
2025-11-20 21:32:54,373 - ERROR - Cause exception while process update id=946294584 by bot id=8200360038
AttributeError: 'CallbackQuery' object has no attribute 'from_user1'
Traceback (most recent call last):
  File "C:\Users\ANUBIS PC\Desktop\parsing PE411\delivery_bot\venv\Lib\site-packages\aiogram\dispatcher\dispatcher.py", line 309, in _process_update
    response = await self.feed_update(bot, update, **kwargs)
               ^^^^^^^^^^^^^^^^^^^^^^^^^^^^^^^^^^^^^^^^^^^^^
  File "C:\Users\ANUBIS PC\Desktop\parsing PE411\delivery_bot\venv\Lib\site-packages\aiogram\dispatcher\dispatcher.py", line 158, in feed_update
    response = await self.update.wrap_outer_middleware(
               ^^^^^^^^^^^^^^^^^^^^^^^^^^^^^^^^^^^^^^^^
    ...<7 lines>...
    )
    ^
  File "C:\Users\ANUBIS PC\Desktop\parsing PE411\delivery_bot\venv\Lib\site-packages\aiogram\dispatcher\middlewares\error.py", line 25, in __call__
    return await handler(event, data)
           ^^^^^^^^^^^^^^^^^^^^^^^^^^
  File "C:\Users\ANUBIS PC\Desktop\parsing PE411\delivery_bot\venv\Lib\site-packages\aiogram\dispatcher\middlewares\user_context.py", line 56, in __call__
    return await handler(event, data)
           ^^^^^^^^^^^^^^^^^^^^^^^^^^
  File "C:\Users\ANUBIS PC\Desktop\parsing PE411\delivery_bot\venv\Lib\site-packages\aiogram\fsm\middleware.py", line 42, in __call__
    return await handler(event, data)
           ^^^^^^^^^^^^^^^^^^^^^^^^^^
  File "C:\Users\ANUBIS PC\Desktop\parsing PE411\delivery_bot\venv\Lib\site-packages\aiogram\dispatcher\event\telegram.py", line 121, in trigger
    return await wrapped_inner(event, kwargs)
           ^^^^^^^^^^^^^^^^^^^^^^^^^^^^^^^^^^
  File "C:\Users\ANUBIS PC\Desktop\parsing PE411\delivery_bot\middlewares\logging.py", line 20, in __call__
    response = await handler(event, data)
               ^^^^^^^^^^^^^^^^^^^^^^^^^^
  File "C:\Users\ANUBIS PC\Desktop\parsing PE411\delivery_bot\middlewares\auth.py", line 22, in __call__
    from_user = event.callback_query.from_user1
                ^^^^^^^^^^^^^^^^^^^^^^^^^^^^^^^
  File "C:\Users\ANUBIS PC\Desktop\parsing PE411\delivery_bot\venv\Lib\site-packages\pydantic\main.py", line 991, in __getattr__
    raise AttributeError(f'{type(self).__name__!r} object has no attribute {item!r}')
AttributeError: 'CallbackQuery' object has no attribute 'from_user1'. Did you mean: 'from_user'?
2025-11-20 21:32:54,920 - INFO - Update id=946294585 is not handled. Duration 1 ms by bot id=8200360038
2025-11-20 21:32:54,920 - ERROR - Cause exception while process update id=946294585 by bot id=8200360038
AttributeError: 'CallbackQuery' object has no attribute 'from_user1'
Traceback (most recent call last):
  File "C:\Users\ANUBIS PC\Desktop\parsing PE411\delivery_bot\venv\Lib\site-packages\aiogram\dispatcher\dispatcher.py", line 309, in _process_update
    response = await self.feed_update(bot, update, **kwargs)
               ^^^^^^^^^^^^^^^^^^^^^^^^^^^^^^^^^^^^^^^^^^^^^
  File "C:\Users\ANUBIS PC\Desktop\parsing PE411\delivery_bot\venv\Lib\site-packages\aiogram\dispatcher\dispatcher.py", line 158, in feed_update
    response = await self.update.wrap_outer_middleware(
               ^^^^^^^^^^^^^^^^^^^^^^^^^^^^^^^^^^^^^^^^
    ...<7 lines>...
    )
    ^
  File "C:\Users\ANUBIS PC\Desktop\parsing PE411\delivery_bot\venv\Lib\site-packages\aiogram\dispatcher\middlewares\error.py", line 25, in __call__
    return await handler(event, data)
           ^^^^^^^^^^^^^^^^^^^^^^^^^^
  File "C:\Users\ANUBIS PC\Desktop\parsing PE411\delivery_bot\venv\Lib\site-packages\aiogram\dispatcher\middlewares\user_context.py", line 56, in __call__
    return await handler(event, data)
           ^^^^^^^^^^^^^^^^^^^^^^^^^^
  File "C:\Users\ANUBIS PC\Desktop\parsing PE411\delivery_bot\venv\Lib\site-packages\aiogram\fsm\middleware.py", line 42, in __call__
    return await handler(event, data)
           ^^^^^^^^^^^^^^^^^^^^^^^^^^
  File "C:\Users\ANUBIS PC\Desktop\parsing PE411\delivery_bot\venv\Lib\site-packages\aiogram\dispatcher\event\telegram.py", line 121, in trigger
    return await wrapped_inner(event, kwargs)
           ^^^^^^^^^^^^^^^^^^^^^^^^^^^^^^^^^^
  File "C:\Users\ANUBIS PC\Desktop\parsing PE411\delivery_bot\middlewares\logging.py", line 20, in __call__
    response = await handler(event, data)
               ^^^^^^^^^^^^^^^^^^^^^^^^^^
  File "C:\Users\ANUBIS PC\Desktop\parsing PE411\delivery_bot\middlewares\auth.py", line 22, in __call__
    from_user = event.callback_query.from_user1
                ^^^^^^^^^^^^^^^^^^^^^^^^^^^^^^^
  File "C:\Users\ANUBIS PC\Desktop\parsing PE411\delivery_bot\venv\Lib\site-packages\pydantic\main.py", line 991, in __getattr__
    raise AttributeError(f'{type(self).__name__!r} object has no attribute {item!r}')
AttributeError: 'CallbackQuery' object has no attribute 'from_user1'. Did you mean: 'from_user'?
2025-11-20 21:32:55,140 - INFO - Update id=946294586 is not handled. Duration 0 ms by bot id=8200360038
2025-11-20 21:32:55,140 - ERROR - Cause exception while process update id=946294586 by bot id=8200360038
AttributeError: 'CallbackQuery' object has no attribute 'from_user1'
Traceback (most recent call last):
  File "C:\Users\ANUBIS PC\Desktop\parsing PE411\delivery_bot\venv\Lib\site-packages\aiogram\dispatcher\dispatcher.py", line 309, in _process_update
    response = await self.feed_update(bot, update, **kwargs)
               ^^^^^^^^^^^^^^^^^^^^^^^^^^^^^^^^^^^^^^^^^^^^^
  File "C:\Users\ANUBIS PC\Desktop\parsing PE411\delivery_bot\venv\Lib\site-packages\aiogram\dispatcher\dispatcher.py", line 158, in feed_update
    response = await self.update.wrap_outer_middleware(
               ^^^^^^^^^^^^^^^^^^^^^^^^^^^^^^^^^^^^^^^^
    ...<7 lines>...
    )
    ^
  File "C:\Users\ANUBIS PC\Desktop\parsing PE411\delivery_bot\venv\Lib\site-packages\aiogram\dispatcher\middlewares\error.py", line 25, in __call__
    return await handler(event, data)
           ^^^^^^^^^^^^^^^^^^^^^^^^^^
  File "C:\Users\ANUBIS PC\Desktop\parsing PE411\delivery_bot\venv\Lib\site-packages\aiogram\dispatcher\middlewares\user_context.py", line 56, in __call__
    return await handler(event, data)
           ^^^^^^^^^^^^^^^^^^^^^^^^^^
  File "C:\Users\ANUBIS PC\Desktop\parsing PE411\delivery_bot\venv\Lib\site-packages\aiogram\fsm\middleware.py", line 42, in __call__
    return await handler(event, data)
           ^^^^^^^^^^^^^^^^^^^^^^^^^^
  File "C:\Users\ANUBIS PC\Desktop\parsing PE411\delivery_bot\venv\Lib\site-packages\aiogram\dispatcher\event\telegram.py", line 121, in trigger
    return await wrapped_inner(event, kwargs)
           ^^^^^^^^^^^^^^^^^^^^^^^^^^^^^^^^^^
  File "C:\Users\ANUBIS PC\Desktop\parsing PE411\delivery_bot\middlewares\logging.py", line 20, in __call__
    response = await handler(event, data)
               ^^^^^^^^^^^^^^^^^^^^^^^^^^
  File "C:\Users\ANUBIS PC\Desktop\parsing PE411\delivery_bot\middlewares\auth.py", line 22, in __call__
    from_user = event.callback_query.from_user1
                ^^^^^^^^^^^^^^^^^^^^^^^^^^^^^^^
  File "C:\Users\ANUBIS PC\Desktop\parsing PE411\delivery_bot\venv\Lib\site-packages\pydantic\main.py", line 991, in __getattr__
    raise AttributeError(f'{type(self).__name__!r} object has no attribute {item!r}')
AttributeError: 'CallbackQuery' object has no attribute 'from_user1'. Did you mean: 'from_user'?
2025-11-20 21:32:55,375 - INFO - Update id=946294587 is not handled. Duration 1 ms by bot id=8200360038
2025-11-20 21:32:55,375 - ERROR - Cause exception while process update id=946294587 by bot id=8200360038
AttributeError: 'CallbackQuery' object has no attribute 'from_user1'
Traceback (most recent call last):
  File "C:\Users\ANUBIS PC\Desktop\parsing PE411\delivery_bot\venv\Lib\site-packages\aiogram\dispatcher\dispatcher.py", line 309, in _process_update
    response = await self.feed_update(bot, update, **kwargs)
               ^^^^^^^^^^^^^^^^^^^^^^^^^^^^^^^^^^^^^^^^^^^^^
  File "C:\Users\ANUBIS PC\Desktop\parsing PE411\delivery_bot\venv\Lib\site-packages\aiogram\dispatcher\dispatcher.py", line 158, in feed_update
    response = await self.update.wrap_outer_middleware(
               ^^^^^^^^^^^^^^^^^^^^^^^^^^^^^^^^^^^^^^^^
    ...<7 lines>...
    )
    ^
  File "C:\Users\ANUBIS PC\Desktop\parsing PE411\delivery_bot\venv\Lib\site-packages\aiogram\dispatcher\middlewares\error.py", line 25, in __call__
    return await handler(event, data)
           ^^^^^^^^^^^^^^^^^^^^^^^^^^
  File "C:\Users\ANUBIS PC\Desktop\parsing PE411\delivery_bot\venv\Lib\site-packages\aiogram\dispatcher\middlewares\user_context.py", line 56, in __call__
    return await handler(event, data)
           ^^^^^^^^^^^^^^^^^^^^^^^^^^
  File "C:\Users\ANUBIS PC\Desktop\parsing PE411\delivery_bot\venv\Lib\site-packages\aiogram\fsm\middleware.py", line 42, in __call__
    return await handler(event, data)
           ^^^^^^^^^^^^^^^^^^^^^^^^^^
  File "C:\Users\ANUBIS PC\Desktop\parsing PE411\delivery_bot\venv\Lib\site-packages\aiogram\dispatcher\event\telegram.py", line 121, in trigger
    return await wrapped_inner(event, kwargs)
           ^^^^^^^^^^^^^^^^^^^^^^^^^^^^^^^^^^
  File "C:\Users\ANUBIS PC\Desktop\parsing PE411\delivery_bot\middlewares\logging.py", line 20, in __call__
    response = await handler(event, data)
               ^^^^^^^^^^^^^^^^^^^^^^^^^^
  File "C:\Users\ANUBIS PC\Desktop\parsing PE411\delivery_bot\middlewares\auth.py", line 22, in __call__
    from_user = event.callback_query.from_user1
                ^^^^^^^^^^^^^^^^^^^^^^^^^^^^^^^
  File "C:\Users\ANUBIS PC\Desktop\parsing PE411\delivery_bot\venv\Lib\site-packages\pydantic\main.py", line 991, in __getattr__
    raise AttributeError(f'{type(self).__name__!r} object has no attribute {item!r}')
AttributeError: 'CallbackQuery' object has no attribute 'from_user1'. Did you mean: 'from_user'?
2025-11-20 21:37:04,903 - ERROR - Failed to fetch updates - TelegramNetworkError: HTTP Client says - ClientOSError: [WinError 1236] Подключение к сети было разорвано локальной системой
2025-11-20 21:37:04,903 - WARNING - Sleep for 1.000000 seconds and try again... (tryings = 0, bot id = 8200360038)
2025-11-20 21:37:26,960 - ERROR - Failed to fetch updates - TelegramNetworkError: HTTP Client says - ClientConnectorError: Cannot connect to host api.telegram.org:443 ssl:default [Превышен таймаут семафора]
2025-11-20 21:37:26,960 - WARNING - Sleep for 1.172848 seconds and try again... (tryings = 1, bot id = 8200360038)
2025-11-20 21:37:49,178 - ERROR - Failed to fetch updates - TelegramNetworkError: HTTP Client says - ClientConnectorError: Cannot connect to host api.telegram.org:443 ssl:default [Превышен таймаут семафора]
2025-11-20 21:37:49,178 - WARNING - Sleep for 1.615566 seconds and try again... (tryings = 2, bot id = 8200360038)
2025-11-20 21:38:11,843 - ERROR - Failed to fetch updates - TelegramNetworkError: HTTP Client says - ClientConnectorError: Cannot connect to host api.telegram.org:443 ssl:default [Превышен таймаут семафора]
2025-11-20 21:38:11,843 - WARNING - Sleep for 2.158327 seconds and try again... (tryings = 3, bot id = 8200360038)
2025-11-20 21:38:35,063 - ERROR - Failed to fetch updates - TelegramNetworkError: HTTP Client says - ClientConnectorError: Cannot connect to host api.telegram.org:443 ssl:default [Превышен таймаут семафора]
2025-11-20 21:38:35,063 - WARNING - Sleep for 2.697201 seconds and try again... (tryings = 4, bot id = 8200360038)
2025-11-20 21:38:58,823 - ERROR - Failed to fetch updates - TelegramNetworkError: HTTP Client says - ClientConnectorError: Cannot connect to host api.telegram.org:443 ssl:default [Превышен таймаут семафора]
2025-11-20 21:38:58,823 - WARNING - Sleep for 3.694667 seconds and try again... (tryings = 5, bot id = 8200360038)
2025-11-20 21:39:23,575 - ERROR - Failed to fetch updates - TelegramNetworkError: HTTP Client says - ClientConnectorError: Cannot connect to host api.telegram.org:443 ssl:default [Превышен таймаут семафора]
2025-11-20 21:39:23,576 - WARNING - Sleep for 4.786430 seconds and try again... (tryings = 6, bot id = 8200360038)
2025-11-20 21:39:49,410 - ERROR - Failed to fetch updates - TelegramNetworkError: HTTP Client says - ClientConnectorError: Cannot connect to host api.telegram.org:443 ssl:default [Превышен таймаут семафора]
2025-11-20 21:39:49,410 - WARNING - Sleep for 4.958709 seconds and try again... (tryings = 7, bot id = 8200360038)
2025-11-20 21:40:15,391 - ERROR - Failed to fetch updates - TelegramNetworkError: HTTP Client says - ClientConnectorError: Cannot connect to host api.telegram.org:443 ssl:default [Превышен таймаут семафора]
2025-11-20 21:40:15,391 - WARNING - Sleep for 5.099267 seconds and try again... (tryings = 8, bot id = 8200360038)
2025-11-20 21:40:41,526 - ERROR - Failed to fetch updates - TelegramNetworkError: HTTP Client says - ClientConnectorError: Cannot connect to host api.telegram.org:443 ssl:default [Превышен таймаут семафора]
2025-11-20 21:40:41,527 - WARNING - Sleep for 5.064654 seconds and try again... (tryings = 9, bot id = 8200360038)
2025-11-20 21:41:07,632 - ERROR - Failed to fetch updates - TelegramNetworkError: HTTP Client says - ClientConnectorError: Cannot connect to host api.telegram.org:443 ssl:default [Превышен таймаут семафора]
2025-11-20 21:41:07,632 - WARNING - Sleep for 4.947261 seconds and try again... (tryings = 10, bot id = 8200360038)
2025-11-20 21:41:33,622 - ERROR - Failed to fetch updates - TelegramNetworkError: HTTP Client says - ClientConnectorError: Cannot connect to host api.telegram.org:443 ssl:default [Превышен таймаут семафора]
2025-11-20 21:41:33,622 - WARNING - Sleep for 5.102730 seconds and try again... (tryings = 11, bot id = 8200360038)
2025-11-20 21:41:59,764 - ERROR - Failed to fetch updates - TelegramNetworkError: HTTP Client says - ClientConnectorError: Cannot connect to host api.telegram.org:443 ssl:default [Превышен таймаут семафора]
2025-11-20 21:41:59,764 - WARNING - Sleep for 4.969172 seconds and try again... (tryings = 12, bot id = 8200360038)
2025-11-20 21:42:25,782 - ERROR - Failed to fetch updates - TelegramNetworkError: HTTP Client says - ClientConnectorError: Cannot connect to host api.telegram.org:443 ssl:default [Превышен таймаут семафора]
2025-11-20 21:42:25,782 - WARNING - Sleep for 4.873150 seconds and try again... (tryings = 13, bot id = 8200360038)
2025-11-20 21:42:51,697 - ERROR - Failed to fetch updates - TelegramNetworkError: HTTP Client says - ClientConnectorError: Cannot connect to host api.telegram.org:443 ssl:default [Превышен таймаут семафора]
2025-11-20 21:42:51,697 - WARNING - Sleep for 5.075569 seconds and try again... (tryings = 14, bot id = 8200360038)
2025-11-20 21:43:17,826 - ERROR - Failed to fetch updates - TelegramNetworkError: HTTP Client says - ClientConnectorError: Cannot connect to host api.telegram.org:443 ssl:default [Превышен таймаут семафора]
2025-11-20 21:43:17,826 - WARNING - Sleep for 5.066776 seconds and try again... (tryings = 15, bot id = 8200360038)
2025-11-20 21:43:43,937 - ERROR - Failed to fetch updates - TelegramNetworkError: HTTP Client says - ClientConnectorError: Cannot connect to host api.telegram.org:443 ssl:default [Превышен таймаут семафора]
2025-11-20 21:43:43,937 - WARNING - Sleep for 5.054116 seconds and try again... (tryings = 16, bot id = 8200360038)
2025-11-20 21:44:10,022 - ERROR - Failed to fetch updates - TelegramNetworkError: HTTP Client says - ClientConnectorError: Cannot connect to host api.telegram.org:443 ssl:default [Превышен таймаут семафора]
2025-11-20 21:44:10,022 - WARNING - Sleep for 4.892002 seconds and try again... (tryings = 17, bot id = 8200360038)
2025-11-20 21:44:35,961 - ERROR - Failed to fetch updates - TelegramNetworkError: HTTP Client says - ClientConnectorError: Cannot connect to host api.telegram.org:443 ssl:default [Превышен таймаут семафора]
2025-11-20 21:44:35,961 - WARNING - Sleep for 5.089513 seconds and try again... (tryings = 18, bot id = 8200360038)
2025-11-20 21:45:02,109 - ERROR - Failed to fetch updates - TelegramNetworkError: HTTP Client says - ClientConnectorError: Cannot connect to host api.telegram.org:443 ssl:default [Превышен таймаут семафора]
2025-11-20 21:45:02,110 - WARNING - Sleep for 4.910965 seconds and try again... (tryings = 19, bot id = 8200360038)
2025-11-20 21:45:28,074 - ERROR - Failed to fetch updates - TelegramNetworkError: HTTP Client says - ClientConnectorError: Cannot connect to host api.telegram.org:443 ssl:default [Превышен таймаут семафора]
2025-11-20 21:45:28,074 - WARNING - Sleep for 5.084329 seconds and try again... (tryings = 20, bot id = 8200360038)
2025-11-20 21:45:54,202 - ERROR - Failed to fetch updates - TelegramNetworkError: HTTP Client says - ClientConnectorError: Cannot connect to host api.telegram.org:443 ssl:default [Превышен таймаут семафора]
2025-11-20 21:45:54,203 - WARNING - Sleep for 5.034835 seconds and try again... (tryings = 21, bot id = 8200360038)
2025-11-20 21:46:20,298 - ERROR - Failed to fetch updates - TelegramNetworkError: HTTP Client says - ClientConnectorError: Cannot connect to host api.telegram.org:443 ssl:default [Превышен таймаут семафора]
2025-11-20 21:46:20,298 - WARNING - Sleep for 4.986409 seconds and try again... (tryings = 22, bot id = 8200360038)
2025-11-20 21:46:46,336 - ERROR - Failed to fetch updates - TelegramNetworkError: HTTP Client says - ClientConnectorError: Cannot connect to host api.telegram.org:443 ssl:default [Превышен таймаут семафора]
2025-11-20 21:46:46,336 - WARNING - Sleep for 4.937598 seconds and try again... (tryings = 23, bot id = 8200360038)
2025-11-20 21:47:12,318 - ERROR - Failed to fetch updates - TelegramNetworkError: HTTP Client says - ClientConnectorError: Cannot connect to host api.telegram.org:443 ssl:default [Превышен таймаут семафора]
2025-11-20 21:47:12,319 - WARNING - Sleep for 4.837673 seconds and try again... (tryings = 24, bot id = 8200360038)
2025-11-20 21:47:38,200 - ERROR - Failed to fetch updates - TelegramNetworkError: HTTP Client says - ClientConnectorError: Cannot connect to host api.telegram.org:443 ssl:default [Превышен таймаут семафора]
2025-11-20 21:47:38,200 - WARNING - Sleep for 4.903659 seconds and try again... (tryings = 25, bot id = 8200360038)
2025-11-20 21:48:04,169 - ERROR - Failed to fetch updates - TelegramNetworkError: HTTP Client says - ClientConnectorError: Cannot connect to host api.telegram.org:443 ssl:default [Превышен таймаут семафора]
2025-11-20 21:48:04,169 - WARNING - Sleep for 5.083260 seconds and try again... (tryings = 26, bot id = 8200360038)
2025-11-20 21:48:30,302 - ERROR - Failed to fetch updates - TelegramNetworkError: HTTP Client says - ClientConnectorError: Cannot connect to host api.telegram.org:443 ssl:default [Превышен таймаут семафора]
2025-11-20 21:48:30,302 - WARNING - Sleep for 4.971414 seconds and try again... (tryings = 27, bot id = 8200360038)
2025-11-20 21:48:56,314 - ERROR - Failed to fetch updates - TelegramNetworkError: HTTP Client says - ClientConnectorError: Cannot connect to host api.telegram.org:443 ssl:default [Превышен таймаут семафора]
2025-11-20 21:48:56,314 - WARNING - Sleep for 5.085012 seconds and try again... (tryings = 28, bot id = 8200360038)
2025-11-20 21:49:22,446 - ERROR - Failed to fetch updates - TelegramNetworkError: HTTP Client says - ClientConnectorError: Cannot connect to host api.telegram.org:443 ssl:default [Превышен таймаут семафора]
2025-11-20 21:49:22,446 - WARNING - Sleep for 4.858683 seconds and try again... (tryings = 29, bot id = 8200360038)
2025-11-20 21:49:48,330 - ERROR - Failed to fetch updates - TelegramNetworkError: HTTP Client says - ClientConnectorError: Cannot connect to host api.telegram.org:443 ssl:default [Превышен таймаут семафора]
2025-11-20 21:49:48,330 - WARNING - Sleep for 4.892545 seconds and try again... (tryings = 30, bot id = 8200360038)
2025-11-20 21:50:14,272 - ERROR - Failed to fetch updates - TelegramNetworkError: HTTP Client says - ClientConnectorError: Cannot connect to host api.telegram.org:443 ssl:default [Превышен таймаут семафора]
2025-11-20 21:50:14,272 - WARNING - Sleep for 5.009308 seconds and try again... (tryings = 31, bot id = 8200360038)
2025-11-20 21:50:40,314 - ERROR - Failed to fetch updates - TelegramNetworkError: HTTP Client says - ClientConnectorError: Cannot connect to host api.telegram.org:443 ssl:default [Превышен таймаут семафора]
2025-11-20 21:50:40,315 - WARNING - Sleep for 5.132699 seconds and try again... (tryings = 32, bot id = 8200360038)
2025-11-20 21:51:06,513 - ERROR - Failed to fetch updates - TelegramNetworkError: HTTP Client says - ClientConnectorError: Cannot connect to host api.telegram.org:443 ssl:default [Превышен таймаут семафора]
2025-11-20 21:51:06,513 - WARNING - Sleep for 5.094716 seconds and try again... (tryings = 33, bot id = 8200360038)
2025-11-20 21:51:32,652 - ERROR - Failed to fetch updates - TelegramNetworkError: HTTP Client says - ClientConnectorError: Cannot connect to host api.telegram.org:443 ssl:default [Превышен таймаут семафора]
2025-11-20 21:51:32,652 - WARNING - Sleep for 5.054530 seconds and try again... (tryings = 34, bot id = 8200360038)
2025-11-20 21:51:58,761 - ERROR - Failed to fetch updates - TelegramNetworkError: HTTP Client says - ClientConnectorError: Cannot connect to host api.telegram.org:443 ssl:default [Превышен таймаут семафора]
2025-11-20 21:51:58,761 - WARNING - Sleep for 4.939503 seconds and try again... (tryings = 35, bot id = 8200360038)
2025-11-20 21:52:24,758 - ERROR - Failed to fetch updates - TelegramNetworkError: HTTP Client says - ClientConnectorError: Cannot connect to host api.telegram.org:443 ssl:default [Превышен таймаут семафора]
2025-11-20 21:52:24,758 - WARNING - Sleep for 4.992753 seconds and try again... (tryings = 36, bot id = 8200360038)
2025-11-20 21:52:50,791 - ERROR - Failed to fetch updates - TelegramNetworkError: HTTP Client says - ClientConnectorError: Cannot connect to host api.telegram.org:443 ssl:default [Превышен таймаут семафора]
2025-11-20 21:52:50,791 - WARNING - Sleep for 4.915707 seconds and try again... (tryings = 37, bot id = 8200360038)
2025-11-20 21:53:16,751 - ERROR - Failed to fetch updates - TelegramNetworkError: HTTP Client says - ClientConnectorError: Cannot connect to host api.telegram.org:443 ssl:default [Превышен таймаут семафора]
2025-11-20 21:53:16,752 - WARNING - Sleep for 4.969765 seconds and try again... (tryings = 38, bot id = 8200360038)
2025-11-20 21:53:42,761 - ERROR - Failed to fetch updates - TelegramNetworkError: HTTP Client says - ClientConnectorError: Cannot connect to host api.telegram.org:443 ssl:default [Превышен таймаут семафора]
2025-11-20 21:53:42,761 - WARNING - Sleep for 5.021589 seconds and try again... (tryings = 39, bot id = 8200360038)
2025-11-20 21:54:08,829 - ERROR - Failed to fetch updates - TelegramNetworkError: HTTP Client says - ClientConnectorError: Cannot connect to host api.telegram.org:443 ssl:default [Превышен таймаут семафора]
2025-11-20 21:54:08,829 - WARNING - Sleep for 5.001976 seconds and try again... (tryings = 40, bot id = 8200360038)
2025-11-20 21:54:16,526 - INFO - Polling stopped
2025-11-20 21:54:16,783 - INFO - Polling stopped for bot @pe411_bot id=8200360038 - 'pe411'
2025-11-26 19:37:31,598 - INFO - MESSAGE: 1760.0221633911133ms
2025-11-26 19:37:31,598 - INFO - Update id=946294619 is handled. Duration 1762 ms by bot id=8200360038
2025-11-26 19:37:34,260 - INFO - Update id=946294620 is not handled. Duration 1 ms by bot id=8200360038
2025-11-26 19:37:34,260 - ERROR - Cause exception while process update id=946294620 by bot id=8200360038
AttributeError: 'CallbackQuery' object has no attribute 'from_user1'
Traceback (most recent call last):
  File "C:\Users\ANUBIS PC\Desktop\parsing PE411\delivery_bot\venv\Lib\site-packages\aiogram\dispatcher\dispatcher.py", line 309, in _process_update
    response = await self.feed_update(bot, update, **kwargs)
               ^^^^^^^^^^^^^^^^^^^^^^^^^^^^^^^^^^^^^^^^^^^^^
  File "C:\Users\ANUBIS PC\Desktop\parsing PE411\delivery_bot\venv\Lib\site-packages\aiogram\dispatcher\dispatcher.py", line 158, in feed_update
    response = await self.update.wrap_outer_middleware(
               ^^^^^^^^^^^^^^^^^^^^^^^^^^^^^^^^^^^^^^^^
    ...<7 lines>...
    )
    ^
  File "C:\Users\ANUBIS PC\Desktop\parsing PE411\delivery_bot\venv\Lib\site-packages\aiogram\dispatcher\middlewares\error.py", line 25, in __call__
    return await handler(event, data)
           ^^^^^^^^^^^^^^^^^^^^^^^^^^
  File "C:\Users\ANUBIS PC\Desktop\parsing PE411\delivery_bot\venv\Lib\site-packages\aiogram\dispatcher\middlewares\user_context.py", line 56, in __call__
    return await handler(event, data)
           ^^^^^^^^^^^^^^^^^^^^^^^^^^
  File "C:\Users\ANUBIS PC\Desktop\parsing PE411\delivery_bot\venv\Lib\site-packages\aiogram\fsm\middleware.py", line 42, in __call__
    return await handler(event, data)
           ^^^^^^^^^^^^^^^^^^^^^^^^^^
  File "C:\Users\ANUBIS PC\Desktop\parsing PE411\delivery_bot\venv\Lib\site-packages\aiogram\dispatcher\event\telegram.py", line 121, in trigger
    return await wrapped_inner(event, kwargs)
           ^^^^^^^^^^^^^^^^^^^^^^^^^^^^^^^^^^
  File "C:\Users\ANUBIS PC\Desktop\parsing PE411\delivery_bot\middlewares\logging.py", line 20, in __call__
    response = await handler(event, data)
               ^^^^^^^^^^^^^^^^^^^^^^^^^^
  File "C:\Users\ANUBIS PC\Desktop\parsing PE411\delivery_bot\middlewares\auth.py", line 22, in __call__
    from_user = event.callback_query.from_user1
                ^^^^^^^^^^^^^^^^^^^^^^^^^^^^^^^
  File "C:\Users\ANUBIS PC\Desktop\parsing PE411\delivery_bot\venv\Lib\site-packages\pydantic\main.py", line 991, in __getattr__
    raise AttributeError(f'{type(self).__name__!r} object has no attribute {item!r}')
AttributeError: 'CallbackQuery' object has no attribute 'from_user1'. Did you mean: 'from_user'?
2025-11-26 19:37:36,683 - INFO - Update id=946294621 is not handled. Duration 1 ms by bot id=8200360038
2025-11-26 19:37:36,683 - ERROR - Cause exception while process update id=946294621 by bot id=8200360038
AttributeError: 'CallbackQuery' object has no attribute 'from_user1'
Traceback (most recent call last):
  File "C:\Users\ANUBIS PC\Desktop\parsing PE411\delivery_bot\venv\Lib\site-packages\aiogram\dispatcher\dispatcher.py", line 309, in _process_update
    response = await self.feed_update(bot, update, **kwargs)
               ^^^^^^^^^^^^^^^^^^^^^^^^^^^^^^^^^^^^^^^^^^^^^
  File "C:\Users\ANUBIS PC\Desktop\parsing PE411\delivery_bot\venv\Lib\site-packages\aiogram\dispatcher\dispatcher.py", line 158, in feed_update
    response = await self.update.wrap_outer_middleware(
               ^^^^^^^^^^^^^^^^^^^^^^^^^^^^^^^^^^^^^^^^
    ...<7 lines>...
    )
    ^
  File "C:\Users\ANUBIS PC\Desktop\parsing PE411\delivery_bot\venv\Lib\site-packages\aiogram\dispatcher\middlewares\error.py", line 25, in __call__
    return await handler(event, data)
           ^^^^^^^^^^^^^^^^^^^^^^^^^^
  File "C:\Users\ANUBIS PC\Desktop\parsing PE411\delivery_bot\venv\Lib\site-packages\aiogram\dispatcher\middlewares\user_context.py", line 56, in __call__
    return await handler(event, data)
           ^^^^^^^^^^^^^^^^^^^^^^^^^^
  File "C:\Users\ANUBIS PC\Desktop\parsing PE411\delivery_bot\venv\Lib\site-packages\aiogram\fsm\middleware.py", line 42, in __call__
    return await handler(event, data)
           ^^^^^^^^^^^^^^^^^^^^^^^^^^
  File "C:\Users\ANUBIS PC\Desktop\parsing PE411\delivery_bot\venv\Lib\site-packages\aiogram\dispatcher\event\telegram.py", line 121, in trigger
    return await wrapped_inner(event, kwargs)
           ^^^^^^^^^^^^^^^^^^^^^^^^^^^^^^^^^^
  File "C:\Users\ANUBIS PC\Desktop\parsing PE411\delivery_bot\middlewares\logging.py", line 20, in __call__
    response = await handler(event, data)
               ^^^^^^^^^^^^^^^^^^^^^^^^^^
  File "C:\Users\ANUBIS PC\Desktop\parsing PE411\delivery_bot\middlewares\auth.py", line 22, in __call__
    from_user = event.callback_query.from_user1
                ^^^^^^^^^^^^^^^^^^^^^^^^^^^^^^^
  File "C:\Users\ANUBIS PC\Desktop\parsing PE411\delivery_bot\venv\Lib\site-packages\pydantic\main.py", line 991, in __getattr__
    raise AttributeError(f'{type(self).__name__!r} object has no attribute {item!r}')
AttributeError: 'CallbackQuery' object has no attribute 'from_user1'. Did you mean: 'from_user'?
2025-11-26 19:37:37,425 - INFO - Update id=946294622 is not handled. Duration 0 ms by bot id=8200360038
2025-11-26 19:37:37,425 - ERROR - Cause exception while process update id=946294622 by bot id=8200360038
AttributeError: 'CallbackQuery' object has no attribute 'from_user1'
Traceback (most recent call last):
  File "C:\Users\ANUBIS PC\Desktop\parsing PE411\delivery_bot\venv\Lib\site-packages\aiogram\dispatcher\dispatcher.py", line 309, in _process_update
    response = await self.feed_update(bot, update, **kwargs)
               ^^^^^^^^^^^^^^^^^^^^^^^^^^^^^^^^^^^^^^^^^^^^^
  File "C:\Users\ANUBIS PC\Desktop\parsing PE411\delivery_bot\venv\Lib\site-packages\aiogram\dispatcher\dispatcher.py", line 158, in feed_update
    response = await self.update.wrap_outer_middleware(
               ^^^^^^^^^^^^^^^^^^^^^^^^^^^^^^^^^^^^^^^^
    ...<7 lines>...
    )
    ^
  File "C:\Users\ANUBIS PC\Desktop\parsing PE411\delivery_bot\venv\Lib\site-packages\aiogram\dispatcher\middlewares\error.py", line 25, in __call__
    return await handler(event, data)
           ^^^^^^^^^^^^^^^^^^^^^^^^^^
  File "C:\Users\ANUBIS PC\Desktop\parsing PE411\delivery_bot\venv\Lib\site-packages\aiogram\dispatcher\middlewares\user_context.py", line 56, in __call__
    return await handler(event, data)
           ^^^^^^^^^^^^^^^^^^^^^^^^^^
  File "C:\Users\ANUBIS PC\Desktop\parsing PE411\delivery_bot\venv\Lib\site-packages\aiogram\fsm\middleware.py", line 42, in __call__
    return await handler(event, data)
           ^^^^^^^^^^^^^^^^^^^^^^^^^^
  File "C:\Users\ANUBIS PC\Desktop\parsing PE411\delivery_bot\venv\Lib\site-packages\aiogram\dispatcher\event\telegram.py", line 121, in trigger
    return await wrapped_inner(event, kwargs)
           ^^^^^^^^^^^^^^^^^^^^^^^^^^^^^^^^^^
  File "C:\Users\ANUBIS PC\Desktop\parsing PE411\delivery_bot\middlewares\logging.py", line 20, in __call__
    response = await handler(event, data)
               ^^^^^^^^^^^^^^^^^^^^^^^^^^
  File "C:\Users\ANUBIS PC\Desktop\parsing PE411\delivery_bot\middlewares\auth.py", line 22, in __call__
    from_user = event.callback_query.from_user1
                ^^^^^^^^^^^^^^^^^^^^^^^^^^^^^^^
  File "C:\Users\ANUBIS PC\Desktop\parsing PE411\delivery_bot\venv\Lib\site-packages\pydantic\main.py", line 991, in __getattr__
    raise AttributeError(f'{type(self).__name__!r} object has no attribute {item!r}')
AttributeError: 'CallbackQuery' object has no attribute 'from_user1'. Did you mean: 'from_user'?
2025-11-26 19:38:28,497 - INFO - Polling stopped
2025-11-26 19:38:28,499 - ERROR - Failed to fetch updates - TelegramNetworkError: HTTP Client says - ServerDisconnectedError: Server disconnected
2025-11-26 19:38:28,499 - WARNING - Sleep for 1.000000 seconds and try again... (tryings = 0, bot id = 8200360038)
2025-11-26 19:38:28,757 - INFO - Polling stopped for bot @pe411_bot id=8200360038 - 'pe411'
2025-11-26 19:38:34,411 - INFO - MESSAGE: 614.6697998046875ms
2025-11-26 19:38:34,411 - INFO - Update id=946294623 is handled. Duration 616 ms by bot id=8200360038
2025-11-26 19:38:36,621 - INFO - Update id=946294624 is not handled. Duration 0 ms by bot id=8200360038
2025-11-26 19:38:36,622 - ERROR - Cause exception while process update id=946294624 by bot id=8200360038
AttributeError: 'CallbackQuery' object has no attribute 'from_user1'
Traceback (most recent call last):
  File "C:\Users\ANUBIS PC\Desktop\parsing PE411\delivery_bot\venv\Lib\site-packages\aiogram\dispatcher\dispatcher.py", line 309, in _process_update
    response = await self.feed_update(bot, update, **kwargs)
               ^^^^^^^^^^^^^^^^^^^^^^^^^^^^^^^^^^^^^^^^^^^^^
  File "C:\Users\ANUBIS PC\Desktop\parsing PE411\delivery_bot\venv\Lib\site-packages\aiogram\dispatcher\dispatcher.py", line 158, in feed_update
    response = await self.update.wrap_outer_middleware(
               ^^^^^^^^^^^^^^^^^^^^^^^^^^^^^^^^^^^^^^^^
    ...<7 lines>...
    )
    ^
  File "C:\Users\ANUBIS PC\Desktop\parsing PE411\delivery_bot\venv\Lib\site-packages\aiogram\dispatcher\middlewares\error.py", line 25, in __call__
    return await handler(event, data)
           ^^^^^^^^^^^^^^^^^^^^^^^^^^
  File "C:\Users\ANUBIS PC\Desktop\parsing PE411\delivery_bot\venv\Lib\site-packages\aiogram\dispatcher\middlewares\user_context.py", line 56, in __call__
    return await handler(event, data)
           ^^^^^^^^^^^^^^^^^^^^^^^^^^
  File "C:\Users\ANUBIS PC\Desktop\parsing PE411\delivery_bot\venv\Lib\site-packages\aiogram\fsm\middleware.py", line 42, in __call__
    return await handler(event, data)
           ^^^^^^^^^^^^^^^^^^^^^^^^^^
  File "C:\Users\ANUBIS PC\Desktop\parsing PE411\delivery_bot\venv\Lib\site-packages\aiogram\dispatcher\event\telegram.py", line 121, in trigger
    return await wrapped_inner(event, kwargs)
           ^^^^^^^^^^^^^^^^^^^^^^^^^^^^^^^^^^
  File "C:\Users\ANUBIS PC\Desktop\parsing PE411\delivery_bot\middlewares\logging.py", line 20, in __call__
    response = await handler(event, data)
               ^^^^^^^^^^^^^^^^^^^^^^^^^^
  File "C:\Users\ANUBIS PC\Desktop\parsing PE411\delivery_bot\middlewares\auth.py", line 22, in __call__
    from_user = event.callback_query.from_user1
                ^^^^^^^^^^^^^^^^^^^^^^^^^^^^^^^
  File "C:\Users\ANUBIS PC\Desktop\parsing PE411\delivery_bot\venv\Lib\site-packages\pydantic\main.py", line 991, in __getattr__
    raise AttributeError(f'{type(self).__name__!r} object has no attribute {item!r}')
AttributeError: 'CallbackQuery' object has no attribute 'from_user1'. Did you mean: 'from_user'?
2025-11-26 19:38:38,098 - INFO - Update id=946294625 is not handled. Duration 0 ms by bot id=8200360038
2025-11-26 19:38:38,098 - ERROR - Cause exception while process update id=946294625 by bot id=8200360038
AttributeError: 'CallbackQuery' object has no attribute 'from_user1'
Traceback (most recent call last):
  File "C:\Users\ANUBIS PC\Desktop\parsing PE411\delivery_bot\venv\Lib\site-packages\aiogram\dispatcher\dispatcher.py", line 309, in _process_update
    response = await self.feed_update(bot, update, **kwargs)
               ^^^^^^^^^^^^^^^^^^^^^^^^^^^^^^^^^^^^^^^^^^^^^
  File "C:\Users\ANUBIS PC\Desktop\parsing PE411\delivery_bot\venv\Lib\site-packages\aiogram\dispatcher\dispatcher.py", line 158, in feed_update
    response = await self.update.wrap_outer_middleware(
               ^^^^^^^^^^^^^^^^^^^^^^^^^^^^^^^^^^^^^^^^
    ...<7 lines>...
    )
    ^
  File "C:\Users\ANUBIS PC\Desktop\parsing PE411\delivery_bot\venv\Lib\site-packages\aiogram\dispatcher\middlewares\error.py", line 25, in __call__
    return await handler(event, data)
           ^^^^^^^^^^^^^^^^^^^^^^^^^^
  File "C:\Users\ANUBIS PC\Desktop\parsing PE411\delivery_bot\venv\Lib\site-packages\aiogram\dispatcher\middlewares\user_context.py", line 56, in __call__
    return await handler(event, data)
           ^^^^^^^^^^^^^^^^^^^^^^^^^^
  File "C:\Users\ANUBIS PC\Desktop\parsing PE411\delivery_bot\venv\Lib\site-packages\aiogram\fsm\middleware.py", line 42, in __call__
    return await handler(event, data)
           ^^^^^^^^^^^^^^^^^^^^^^^^^^
  File "C:\Users\ANUBIS PC\Desktop\parsing PE411\delivery_bot\venv\Lib\site-packages\aiogram\dispatcher\event\telegram.py", line 121, in trigger
    return await wrapped_inner(event, kwargs)
           ^^^^^^^^^^^^^^^^^^^^^^^^^^^^^^^^^^
  File "C:\Users\ANUBIS PC\Desktop\parsing PE411\delivery_bot\middlewares\logging.py", line 20, in __call__
    response = await handler(event, data)
               ^^^^^^^^^^^^^^^^^^^^^^^^^^
  File "C:\Users\ANUBIS PC\Desktop\parsing PE411\delivery_bot\middlewares\auth.py", line 22, in __call__
    from_user = event.callback_query.from_user1
                ^^^^^^^^^^^^^^^^^^^^^^^^^^^^^^^
  File "C:\Users\ANUBIS PC\Desktop\parsing PE411\delivery_bot\venv\Lib\site-packages\pydantic\main.py", line 991, in __getattr__
    raise AttributeError(f'{type(self).__name__!r} object has no attribute {item!r}')
AttributeError: 'CallbackQuery' object has no attribute 'from_user1'. Did you mean: 'from_user'?
2025-11-26 19:38:42,754 - INFO - Update id=946294626 is not handled. Duration 0 ms by bot id=8200360038
2025-11-26 19:38:42,754 - ERROR - Cause exception while process update id=946294626 by bot id=8200360038
AttributeError: 'CallbackQuery' object has no attribute 'from_user1'
Traceback (most recent call last):
  File "C:\Users\ANUBIS PC\Desktop\parsing PE411\delivery_bot\venv\Lib\site-packages\aiogram\dispatcher\dispatcher.py", line 309, in _process_update
    response = await self.feed_update(bot, update, **kwargs)
               ^^^^^^^^^^^^^^^^^^^^^^^^^^^^^^^^^^^^^^^^^^^^^
  File "C:\Users\ANUBIS PC\Desktop\parsing PE411\delivery_bot\venv\Lib\site-packages\aiogram\dispatcher\dispatcher.py", line 158, in feed_update
    response = await self.update.wrap_outer_middleware(
               ^^^^^^^^^^^^^^^^^^^^^^^^^^^^^^^^^^^^^^^^
    ...<7 lines>...
    )
    ^
  File "C:\Users\ANUBIS PC\Desktop\parsing PE411\delivery_bot\venv\Lib\site-packages\aiogram\dispatcher\middlewares\error.py", line 25, in __call__
    return await handler(event, data)
           ^^^^^^^^^^^^^^^^^^^^^^^^^^
  File "C:\Users\ANUBIS PC\Desktop\parsing PE411\delivery_bot\venv\Lib\site-packages\aiogram\dispatcher\middlewares\user_context.py", line 56, in __call__
    return await handler(event, data)
           ^^^^^^^^^^^^^^^^^^^^^^^^^^
  File "C:\Users\ANUBIS PC\Desktop\parsing PE411\delivery_bot\venv\Lib\site-packages\aiogram\fsm\middleware.py", line 42, in __call__
    return await handler(event, data)
           ^^^^^^^^^^^^^^^^^^^^^^^^^^
  File "C:\Users\ANUBIS PC\Desktop\parsing PE411\delivery_bot\venv\Lib\site-packages\aiogram\dispatcher\event\telegram.py", line 121, in trigger
    return await wrapped_inner(event, kwargs)
           ^^^^^^^^^^^^^^^^^^^^^^^^^^^^^^^^^^
  File "C:\Users\ANUBIS PC\Desktop\parsing PE411\delivery_bot\middlewares\logging.py", line 20, in __call__
    response = await handler(event, data)
               ^^^^^^^^^^^^^^^^^^^^^^^^^^
  File "C:\Users\ANUBIS PC\Desktop\parsing PE411\delivery_bot\middlewares\auth.py", line 22, in __call__
    from_user = event.callback_query.from_user1
                ^^^^^^^^^^^^^^^^^^^^^^^^^^^^^^^
  File "C:\Users\ANUBIS PC\Desktop\parsing PE411\delivery_bot\venv\Lib\site-packages\pydantic\main.py", line 991, in __getattr__
    raise AttributeError(f'{type(self).__name__!r} object has no attribute {item!r}')
AttributeError: 'CallbackQuery' object has no attribute 'from_user1'. Did you mean: 'from_user'?
2025-11-26 19:38:43,242 - INFO - Update id=946294627 is not handled. Duration 0 ms by bot id=8200360038
2025-11-26 19:38:43,242 - ERROR - Cause exception while process update id=946294627 by bot id=8200360038
AttributeError: 'CallbackQuery' object has no attribute 'from_user1'
Traceback (most recent call last):
  File "C:\Users\ANUBIS PC\Desktop\parsing PE411\delivery_bot\venv\Lib\site-packages\aiogram\dispatcher\dispatcher.py", line 309, in _process_update
    response = await self.feed_update(bot, update, **kwargs)
               ^^^^^^^^^^^^^^^^^^^^^^^^^^^^^^^^^^^^^^^^^^^^^
  File "C:\Users\ANUBIS PC\Desktop\parsing PE411\delivery_bot\venv\Lib\site-packages\aiogram\dispatcher\dispatcher.py", line 158, in feed_update
    response = await self.update.wrap_outer_middleware(
               ^^^^^^^^^^^^^^^^^^^^^^^^^^^^^^^^^^^^^^^^
    ...<7 lines>...
    )
    ^
  File "C:\Users\ANUBIS PC\Desktop\parsing PE411\delivery_bot\venv\Lib\site-packages\aiogram\dispatcher\middlewares\error.py", line 25, in __call__
    return await handler(event, data)
           ^^^^^^^^^^^^^^^^^^^^^^^^^^
  File "C:\Users\ANUBIS PC\Desktop\parsing PE411\delivery_bot\venv\Lib\site-packages\aiogram\dispatcher\middlewares\user_context.py", line 56, in __call__
    return await handler(event, data)
           ^^^^^^^^^^^^^^^^^^^^^^^^^^
  File "C:\Users\ANUBIS PC\Desktop\parsing PE411\delivery_bot\venv\Lib\site-packages\aiogram\fsm\middleware.py", line 42, in __call__
    return await handler(event, data)
           ^^^^^^^^^^^^^^^^^^^^^^^^^^
  File "C:\Users\ANUBIS PC\Desktop\parsing PE411\delivery_bot\venv\Lib\site-packages\aiogram\dispatcher\event\telegram.py", line 121, in trigger
    return await wrapped_inner(event, kwargs)
           ^^^^^^^^^^^^^^^^^^^^^^^^^^^^^^^^^^
  File "C:\Users\ANUBIS PC\Desktop\parsing PE411\delivery_bot\middlewares\logging.py", line 20, in __call__
    response = await handler(event, data)
               ^^^^^^^^^^^^^^^^^^^^^^^^^^
  File "C:\Users\ANUBIS PC\Desktop\parsing PE411\delivery_bot\middlewares\auth.py", line 22, in __call__
    from_user = event.callback_query.from_user1
                ^^^^^^^^^^^^^^^^^^^^^^^^^^^^^^^
  File "C:\Users\ANUBIS PC\Desktop\parsing PE411\delivery_bot\venv\Lib\site-packages\pydantic\main.py", line 991, in __getattr__
    raise AttributeError(f'{type(self).__name__!r} object has no attribute {item!r}')
AttributeError: 'CallbackQuery' object has no attribute 'from_user1'. Did you mean: 'from_user'?
2025-11-26 19:38:43,657 - INFO - Update id=946294628 is not handled. Duration 0 ms by bot id=8200360038
2025-11-26 19:38:43,657 - ERROR - Cause exception while process update id=946294628 by bot id=8200360038
AttributeError: 'CallbackQuery' object has no attribute 'from_user1'
Traceback (most recent call last):
  File "C:\Users\ANUBIS PC\Desktop\parsing PE411\delivery_bot\venv\Lib\site-packages\aiogram\dispatcher\dispatcher.py", line 309, in _process_update
    response = await self.feed_update(bot, update, **kwargs)
               ^^^^^^^^^^^^^^^^^^^^^^^^^^^^^^^^^^^^^^^^^^^^^
  File "C:\Users\ANUBIS PC\Desktop\parsing PE411\delivery_bot\venv\Lib\site-packages\aiogram\dispatcher\dispatcher.py", line 158, in feed_update
    response = await self.update.wrap_outer_middleware(
               ^^^^^^^^^^^^^^^^^^^^^^^^^^^^^^^^^^^^^^^^
    ...<7 lines>...
    )
    ^
  File "C:\Users\ANUBIS PC\Desktop\parsing PE411\delivery_bot\venv\Lib\site-packages\aiogram\dispatcher\middlewares\error.py", line 25, in __call__
    return await handler(event, data)
           ^^^^^^^^^^^^^^^^^^^^^^^^^^
  File "C:\Users\ANUBIS PC\Desktop\parsing PE411\delivery_bot\venv\Lib\site-packages\aiogram\dispatcher\middlewares\user_context.py", line 56, in __call__
    return await handler(event, data)
           ^^^^^^^^^^^^^^^^^^^^^^^^^^
  File "C:\Users\ANUBIS PC\Desktop\parsing PE411\delivery_bot\venv\Lib\site-packages\aiogram\fsm\middleware.py", line 42, in __call__
    return await handler(event, data)
           ^^^^^^^^^^^^^^^^^^^^^^^^^^
  File "C:\Users\ANUBIS PC\Desktop\parsing PE411\delivery_bot\venv\Lib\site-packages\aiogram\dispatcher\event\telegram.py", line 121, in trigger
    return await wrapped_inner(event, kwargs)
           ^^^^^^^^^^^^^^^^^^^^^^^^^^^^^^^^^^
  File "C:\Users\ANUBIS PC\Desktop\parsing PE411\delivery_bot\middlewares\logging.py", line 20, in __call__
    response = await handler(event, data)
               ^^^^^^^^^^^^^^^^^^^^^^^^^^
  File "C:\Users\ANUBIS PC\Desktop\parsing PE411\delivery_bot\middlewares\auth.py", line 22, in __call__
    from_user = event.callback_query.from_user1
                ^^^^^^^^^^^^^^^^^^^^^^^^^^^^^^^
  File "C:\Users\ANUBIS PC\Desktop\parsing PE411\delivery_bot\venv\Lib\site-packages\pydantic\main.py", line 991, in __getattr__
    raise AttributeError(f'{type(self).__name__!r} object has no attribute {item!r}')
AttributeError: 'CallbackQuery' object has no attribute 'from_user1'. Did you mean: 'from_user'?
2025-11-26 19:38:44,020 - INFO - Update id=946294629 is not handled. Duration 0 ms by bot id=8200360038
2025-11-26 19:38:44,020 - ERROR - Cause exception while process update id=946294629 by bot id=8200360038
AttributeError: 'CallbackQuery' object has no attribute 'from_user1'
Traceback (most recent call last):
  File "C:\Users\ANUBIS PC\Desktop\parsing PE411\delivery_bot\venv\Lib\site-packages\aiogram\dispatcher\dispatcher.py", line 309, in _process_update
    response = await self.feed_update(bot, update, **kwargs)
               ^^^^^^^^^^^^^^^^^^^^^^^^^^^^^^^^^^^^^^^^^^^^^
  File "C:\Users\ANUBIS PC\Desktop\parsing PE411\delivery_bot\venv\Lib\site-packages\aiogram\dispatcher\dispatcher.py", line 158, in feed_update
    response = await self.update.wrap_outer_middleware(
               ^^^^^^^^^^^^^^^^^^^^^^^^^^^^^^^^^^^^^^^^
    ...<7 lines>...
    )
    ^
  File "C:\Users\ANUBIS PC\Desktop\parsing PE411\delivery_bot\venv\Lib\site-packages\aiogram\dispatcher\middlewares\error.py", line 25, in __call__
    return await handler(event, data)
           ^^^^^^^^^^^^^^^^^^^^^^^^^^
  File "C:\Users\ANUBIS PC\Desktop\parsing PE411\delivery_bot\venv\Lib\site-packages\aiogram\dispatcher\middlewares\user_context.py", line 56, in __call__
    return await handler(event, data)
           ^^^^^^^^^^^^^^^^^^^^^^^^^^
  File "C:\Users\ANUBIS PC\Desktop\parsing PE411\delivery_bot\venv\Lib\site-packages\aiogram\fsm\middleware.py", line 42, in __call__
    return await handler(event, data)
           ^^^^^^^^^^^^^^^^^^^^^^^^^^
  File "C:\Users\ANUBIS PC\Desktop\parsing PE411\delivery_bot\venv\Lib\site-packages\aiogram\dispatcher\event\telegram.py", line 121, in trigger
    return await wrapped_inner(event, kwargs)
           ^^^^^^^^^^^^^^^^^^^^^^^^^^^^^^^^^^
  File "C:\Users\ANUBIS PC\Desktop\parsing PE411\delivery_bot\middlewares\logging.py", line 20, in __call__
    response = await handler(event, data)
               ^^^^^^^^^^^^^^^^^^^^^^^^^^
  File "C:\Users\ANUBIS PC\Desktop\parsing PE411\delivery_bot\middlewares\auth.py", line 22, in __call__
    from_user = event.callback_query.from_user1
                ^^^^^^^^^^^^^^^^^^^^^^^^^^^^^^^
  File "C:\Users\ANUBIS PC\Desktop\parsing PE411\delivery_bot\venv\Lib\site-packages\pydantic\main.py", line 991, in __getattr__
    raise AttributeError(f'{type(self).__name__!r} object has no attribute {item!r}')
AttributeError: 'CallbackQuery' object has no attribute 'from_user1'. Did you mean: 'from_user'?
2025-11-26 19:38:44,428 - INFO - Update id=946294630 is not handled. Duration 0 ms by bot id=8200360038
2025-11-26 19:38:44,428 - ERROR - Cause exception while process update id=946294630 by bot id=8200360038
AttributeError: 'CallbackQuery' object has no attribute 'from_user1'
Traceback (most recent call last):
  File "C:\Users\ANUBIS PC\Desktop\parsing PE411\delivery_bot\venv\Lib\site-packages\aiogram\dispatcher\dispatcher.py", line 309, in _process_update
    response = await self.feed_update(bot, update, **kwargs)
               ^^^^^^^^^^^^^^^^^^^^^^^^^^^^^^^^^^^^^^^^^^^^^
  File "C:\Users\ANUBIS PC\Desktop\parsing PE411\delivery_bot\venv\Lib\site-packages\aiogram\dispatcher\dispatcher.py", line 158, in feed_update
    response = await self.update.wrap_outer_middleware(
               ^^^^^^^^^^^^^^^^^^^^^^^^^^^^^^^^^^^^^^^^
    ...<7 lines>...
    )
    ^
  File "C:\Users\ANUBIS PC\Desktop\parsing PE411\delivery_bot\venv\Lib\site-packages\aiogram\dispatcher\middlewares\error.py", line 25, in __call__
    return await handler(event, data)
           ^^^^^^^^^^^^^^^^^^^^^^^^^^
  File "C:\Users\ANUBIS PC\Desktop\parsing PE411\delivery_bot\venv\Lib\site-packages\aiogram\dispatcher\middlewares\user_context.py", line 56, in __call__
    return await handler(event, data)
           ^^^^^^^^^^^^^^^^^^^^^^^^^^
  File "C:\Users\ANUBIS PC\Desktop\parsing PE411\delivery_bot\venv\Lib\site-packages\aiogram\fsm\middleware.py", line 42, in __call__
    return await handler(event, data)
           ^^^^^^^^^^^^^^^^^^^^^^^^^^
  File "C:\Users\ANUBIS PC\Desktop\parsing PE411\delivery_bot\venv\Lib\site-packages\aiogram\dispatcher\event\telegram.py", line 121, in trigger
    return await wrapped_inner(event, kwargs)
           ^^^^^^^^^^^^^^^^^^^^^^^^^^^^^^^^^^
  File "C:\Users\ANUBIS PC\Desktop\parsing PE411\delivery_bot\middlewares\logging.py", line 20, in __call__
    response = await handler(event, data)
               ^^^^^^^^^^^^^^^^^^^^^^^^^^
  File "C:\Users\ANUBIS PC\Desktop\parsing PE411\delivery_bot\middlewares\auth.py", line 22, in __call__
    from_user = event.callback_query.from_user1
                ^^^^^^^^^^^^^^^^^^^^^^^^^^^^^^^
  File "C:\Users\ANUBIS PC\Desktop\parsing PE411\delivery_bot\venv\Lib\site-packages\pydantic\main.py", line 991, in __getattr__
    raise AttributeError(f'{type(self).__name__!r} object has no attribute {item!r}')
AttributeError: 'CallbackQuery' object has no attribute 'from_user1'. Did you mean: 'from_user'?
2025-11-26 19:38:48,798 - INFO - Update id=946294631 is not handled. Duration 0 ms by bot id=8200360038
2025-11-26 19:38:48,799 - ERROR - Cause exception while process update id=946294631 by bot id=8200360038
AttributeError: 'CallbackQuery' object has no attribute 'from_user1'
Traceback (most recent call last):
  File "C:\Users\ANUBIS PC\Desktop\parsing PE411\delivery_bot\venv\Lib\site-packages\aiogram\dispatcher\dispatcher.py", line 309, in _process_update
    response = await self.feed_update(bot, update, **kwargs)
               ^^^^^^^^^^^^^^^^^^^^^^^^^^^^^^^^^^^^^^^^^^^^^
  File "C:\Users\ANUBIS PC\Desktop\parsing PE411\delivery_bot\venv\Lib\site-packages\aiogram\dispatcher\dispatcher.py", line 158, in feed_update
    response = await self.update.wrap_outer_middleware(
               ^^^^^^^^^^^^^^^^^^^^^^^^^^^^^^^^^^^^^^^^
    ...<7 lines>...
    )
    ^
  File "C:\Users\ANUBIS PC\Desktop\parsing PE411\delivery_bot\venv\Lib\site-packages\aiogram\dispatcher\middlewares\error.py", line 25, in __call__
    return await handler(event, data)
           ^^^^^^^^^^^^^^^^^^^^^^^^^^
  File "C:\Users\ANUBIS PC\Desktop\parsing PE411\delivery_bot\venv\Lib\site-packages\aiogram\dispatcher\middlewares\user_context.py", line 56, in __call__
    return await handler(event, data)
           ^^^^^^^^^^^^^^^^^^^^^^^^^^
  File "C:\Users\ANUBIS PC\Desktop\parsing PE411\delivery_bot\venv\Lib\site-packages\aiogram\fsm\middleware.py", line 42, in __call__
    return await handler(event, data)
           ^^^^^^^^^^^^^^^^^^^^^^^^^^
  File "C:\Users\ANUBIS PC\Desktop\parsing PE411\delivery_bot\venv\Lib\site-packages\aiogram\dispatcher\event\telegram.py", line 121, in trigger
    return await wrapped_inner(event, kwargs)
           ^^^^^^^^^^^^^^^^^^^^^^^^^^^^^^^^^^
  File "C:\Users\ANUBIS PC\Desktop\parsing PE411\delivery_bot\middlewares\logging.py", line 20, in __call__
    response = await handler(event, data)
               ^^^^^^^^^^^^^^^^^^^^^^^^^^
  File "C:\Users\ANUBIS PC\Desktop\parsing PE411\delivery_bot\middlewares\auth.py", line 22, in __call__
    from_user = event.callback_query.from_user1
                ^^^^^^^^^^^^^^^^^^^^^^^^^^^^^^^
  File "C:\Users\ANUBIS PC\Desktop\parsing PE411\delivery_bot\venv\Lib\site-packages\pydantic\main.py", line 991, in __getattr__
    raise AttributeError(f'{type(self).__name__!r} object has no attribute {item!r}')
AttributeError: 'CallbackQuery' object has no attribute 'from_user1'. Did you mean: 'from_user'?
2025-11-26 19:40:12,723 - INFO - Polling stopped
2025-11-26 19:40:12,723 - ERROR - Failed to fetch updates - TelegramNetworkError: HTTP Client says - ServerDisconnectedError: Server disconnected
2025-11-26 19:40:12,724 - WARNING - Sleep for 1.000000 seconds and try again... (tryings = 0, bot id = 8200360038)
2025-11-26 19:40:12,985 - INFO - Polling stopped for bot @pe411_bot id=8200360038 - 'pe411'
2025-11-26 19:40:18,941 - INFO - MESSAGE: 918.9209938049316ms
2025-11-26 19:40:18,942 - INFO - Update id=946294632 is handled. Duration 920 ms by bot id=8200360038
2025-11-26 19:40:20,989 - INFO - Update id=946294633 is not handled. Duration 0 ms by bot id=8200360038
2025-11-26 19:40:20,989 - ERROR - Cause exception while process update id=946294633 by bot id=8200360038
AttributeError: 'CallbackQuery' object has no attribute 'from_user1'
Traceback (most recent call last):
  File "C:\Users\ANUBIS PC\Desktop\parsing PE411\delivery_bot\venv\Lib\site-packages\aiogram\dispatcher\dispatcher.py", line 309, in _process_update
    response = await self.feed_update(bot, update, **kwargs)
               ^^^^^^^^^^^^^^^^^^^^^^^^^^^^^^^^^^^^^^^^^^^^^
  File "C:\Users\ANUBIS PC\Desktop\parsing PE411\delivery_bot\venv\Lib\site-packages\aiogram\dispatcher\dispatcher.py", line 158, in feed_update
    response = await self.update.wrap_outer_middleware(
               ^^^^^^^^^^^^^^^^^^^^^^^^^^^^^^^^^^^^^^^^
    ...<7 lines>...
    )
    ^
  File "C:\Users\ANUBIS PC\Desktop\parsing PE411\delivery_bot\venv\Lib\site-packages\aiogram\dispatcher\middlewares\error.py", line 25, in __call__
    return await handler(event, data)
           ^^^^^^^^^^^^^^^^^^^^^^^^^^
  File "C:\Users\ANUBIS PC\Desktop\parsing PE411\delivery_bot\venv\Lib\site-packages\aiogram\dispatcher\middlewares\user_context.py", line 56, in __call__
    return await handler(event, data)
           ^^^^^^^^^^^^^^^^^^^^^^^^^^
  File "C:\Users\ANUBIS PC\Desktop\parsing PE411\delivery_bot\venv\Lib\site-packages\aiogram\fsm\middleware.py", line 42, in __call__
    return await handler(event, data)
           ^^^^^^^^^^^^^^^^^^^^^^^^^^
  File "C:\Users\ANUBIS PC\Desktop\parsing PE411\delivery_bot\venv\Lib\site-packages\aiogram\dispatcher\event\telegram.py", line 121, in trigger
    return await wrapped_inner(event, kwargs)
           ^^^^^^^^^^^^^^^^^^^^^^^^^^^^^^^^^^
  File "C:\Users\ANUBIS PC\Desktop\parsing PE411\delivery_bot\middlewares\logging.py", line 20, in __call__
    response = await handler(event, data)
               ^^^^^^^^^^^^^^^^^^^^^^^^^^
  File "C:\Users\ANUBIS PC\Desktop\parsing PE411\delivery_bot\middlewares\auth.py", line 22, in __call__
    from_user = event.callback_query.from_user1
                ^^^^^^^^^^^^^^^^^^^^^^^^^^^^^^^
  File "C:\Users\ANUBIS PC\Desktop\parsing PE411\delivery_bot\venv\Lib\site-packages\pydantic\main.py", line 991, in __getattr__
    raise AttributeError(f'{type(self).__name__!r} object has no attribute {item!r}')
AttributeError: 'CallbackQuery' object has no attribute 'from_user1'. Did you mean: 'from_user'?
2025-11-26 19:40:36,966 - INFO - Polling stopped
2025-11-26 19:40:36,967 - ERROR - Failed to fetch updates - TelegramNetworkError: HTTP Client says - ServerDisconnectedError: Server disconnected
2025-11-26 19:40:36,967 - WARNING - Sleep for 1.000000 seconds and try again... (tryings = 0, bot id = 8200360038)
2025-11-26 19:40:37,229 - INFO - Polling stopped for bot @pe411_bot id=8200360038 - 'pe411'
2025-11-26 19:40:42,619 - INFO - MESSAGE: 525.4497528076172ms
2025-11-26 19:40:42,619 - INFO - Update id=946294634 is handled. Duration 527 ms by bot id=8200360038
2025-11-26 19:40:44,414 - INFO - Update id=946294635 is not handled. Duration 4 ms by bot id=8200360038
2025-11-26 19:40:44,414 - ERROR - Cause exception while process update id=946294635 by bot id=8200360038
TypeError: setting_kb() takes 0 positional arguments but 1 was given
Traceback (most recent call last):
  File "C:\Users\ANUBIS PC\Desktop\parsing PE411\delivery_bot\venv\Lib\site-packages\aiogram\dispatcher\dispatcher.py", line 309, in _process_update
    response = await self.feed_update(bot, update, **kwargs)
               ^^^^^^^^^^^^^^^^^^^^^^^^^^^^^^^^^^^^^^^^^^^^^
  File "C:\Users\ANUBIS PC\Desktop\parsing PE411\delivery_bot\venv\Lib\site-packages\aiogram\dispatcher\dispatcher.py", line 158, in feed_update
    response = await self.update.wrap_outer_middleware(
               ^^^^^^^^^^^^^^^^^^^^^^^^^^^^^^^^^^^^^^^^
    ...<7 lines>...
    )
    ^
  File "C:\Users\ANUBIS PC\Desktop\parsing PE411\delivery_bot\venv\Lib\site-packages\aiogram\dispatcher\middlewares\error.py", line 25, in __call__
    return await handler(event, data)
           ^^^^^^^^^^^^^^^^^^^^^^^^^^
  File "C:\Users\ANUBIS PC\Desktop\parsing PE411\delivery_bot\venv\Lib\site-packages\aiogram\dispatcher\middlewares\user_context.py", line 56, in __call__
    return await handler(event, data)
           ^^^^^^^^^^^^^^^^^^^^^^^^^^
  File "C:\Users\ANUBIS PC\Desktop\parsing PE411\delivery_bot\venv\Lib\site-packages\aiogram\fsm\middleware.py", line 42, in __call__
    return await handler(event, data)
           ^^^^^^^^^^^^^^^^^^^^^^^^^^
  File "C:\Users\ANUBIS PC\Desktop\parsing PE411\delivery_bot\venv\Lib\site-packages\aiogram\dispatcher\event\telegram.py", line 121, in trigger
    return await wrapped_inner(event, kwargs)
           ^^^^^^^^^^^^^^^^^^^^^^^^^^^^^^^^^^
  File "C:\Users\ANUBIS PC\Desktop\parsing PE411\delivery_bot\middlewares\logging.py", line 20, in __call__
    response = await handler(event, data)
               ^^^^^^^^^^^^^^^^^^^^^^^^^^
  File "C:\Users\ANUBIS PC\Desktop\parsing PE411\delivery_bot\middlewares\auth.py", line 28, in __call__
    return await handler(event, data)
           ^^^^^^^^^^^^^^^^^^^^^^^^^^
  File "C:\Users\ANUBIS PC\Desktop\parsing PE411\delivery_bot\venv\Lib\site-packages\aiogram\dispatcher\event\handler.py", line 43, in call
    return await wrapped()
           ^^^^^^^^^^^^^^^
  File "C:\Users\ANUBIS PC\Desktop\parsing PE411\delivery_bot\venv\Lib\site-packages\aiogram\dispatcher\dispatcher.py", line 276, in _listen_update
    return await self.propagate_event(update_type=update_type, event=event, **kwargs)
           ^^^^^^^^^^^^^^^^^^^^^^^^^^^^^^^^^^^^^^^^^^^^^^^^^^^^^^^^^^^^^^^^^^^^^^^^^^
  File "C:\Users\ANUBIS PC\Desktop\parsing PE411\delivery_bot\venv\Lib\site-packages\aiogram\dispatcher\router.py", line 146, in propagate_event
    return await observer.wrap_outer_middleware(_wrapped, event=event, data=kwargs)
           ^^^^^^^^^^^^^^^^^^^^^^^^^^^^^^^^^^^^^^^^^^^^^^^^^^^^^^^^^^^^^^^^^^^^^^^^
  File "C:\Users\ANUBIS PC\Desktop\parsing PE411\delivery_bot\venv\Lib\site-packages\aiogram\dispatcher\router.py", line 141, in _wrapped
    return await self._propagate_event(
           ^^^^^^^^^^^^^^^^^^^^^^^^^^^^
        observer=observer, update_type=update_type, event=telegram_event, **data
        ^^^^^^^^^^^^^^^^^^^^^^^^^^^^^^^^^^^^^^^^^^^^^^^^^^^^^^^^^^^^^^^^^^^^^^^^
    )
    ^
  File "C:\Users\ANUBIS PC\Desktop\parsing PE411\delivery_bot\venv\Lib\site-packages\aiogram\dispatcher\router.py", line 174, in _propagate_event
    response = await router.propagate_event(update_type=update_type, event=event, **kwargs)
               ^^^^^^^^^^^^^^^^^^^^^^^^^^^^^^^^^^^^^^^^^^^^^^^^^^^^^^^^^^^^^^^^^^^^^^^^^^^^
  File "C:\Users\ANUBIS PC\Desktop\parsing PE411\delivery_bot\venv\Lib\site-packages\aiogram\dispatcher\router.py", line 146, in propagate_event
    return await observer.wrap_outer_middleware(_wrapped, event=event, data=kwargs)
           ^^^^^^^^^^^^^^^^^^^^^^^^^^^^^^^^^^^^^^^^^^^^^^^^^^^^^^^^^^^^^^^^^^^^^^^^
  File "C:\Users\ANUBIS PC\Desktop\parsing PE411\delivery_bot\venv\Lib\site-packages\aiogram\dispatcher\router.py", line 141, in _wrapped
    return await self._propagate_event(
           ^^^^^^^^^^^^^^^^^^^^^^^^^^^^
        observer=observer, update_type=update_type, event=telegram_event, **data
        ^^^^^^^^^^^^^^^^^^^^^^^^^^^^^^^^^^^^^^^^^^^^^^^^^^^^^^^^^^^^^^^^^^^^^^^^
    )
    ^
  File "C:\Users\ANUBIS PC\Desktop\parsing PE411\delivery_bot\venv\Lib\site-packages\aiogram\dispatcher\router.py", line 166, in _propagate_event
    response = await observer.trigger(event, **kwargs)
               ^^^^^^^^^^^^^^^^^^^^^^^^^^^^^^^^^^^^^^^
  File "C:\Users\ANUBIS PC\Desktop\parsing PE411\delivery_bot\venv\Lib\site-packages\aiogram\dispatcher\event\telegram.py", line 121, in trigger
    return await wrapped_inner(event, kwargs)
           ^^^^^^^^^^^^^^^^^^^^^^^^^^^^^^^^^^
  File "C:\Users\ANUBIS PC\Desktop\parsing PE411\delivery_bot\venv\Lib\site-packages\aiogram\dispatcher\event\handler.py", line 43, in call
    return await wrapped()
           ^^^^^^^^^^^^^^^
  File "C:\Users\ANUBIS PC\Desktop\parsing PE411\delivery_bot\routers\settings.py", line 20, in settings
    reply_markup=setting_kb(user.language)
TypeError: setting_kb() takes 0 positional arguments but 1 was given
2025-11-26 19:41:10,478 - INFO - Polling stopped
2025-11-26 19:41:10,479 - ERROR - Failed to fetch updates - TelegramNetworkError: HTTP Client says - ServerDisconnectedError: Server disconnected
2025-11-26 19:41:10,479 - WARNING - Sleep for 1.000000 seconds and try again... (tryings = 0, bot id = 8200360038)
2025-11-26 19:41:10,740 - INFO - Polling stopped for bot @pe411_bot id=8200360038 - 'pe411'
2025-11-26 19:41:15,847 - INFO - Update id=946294636 is not handled. Duration 100 ms by bot id=8200360038
2025-11-26 19:41:15,847 - ERROR - Cause exception while process update id=946294636 by bot id=8200360038
TypeError: setting_kb() missing 1 required positional argument: 'lang'
Traceback (most recent call last):
  File "C:\Users\ANUBIS PC\Desktop\parsing PE411\delivery_bot\venv\Lib\site-packages\aiogram\dispatcher\dispatcher.py", line 309, in _process_update
    response = await self.feed_update(bot, update, **kwargs)
               ^^^^^^^^^^^^^^^^^^^^^^^^^^^^^^^^^^^^^^^^^^^^^
  File "C:\Users\ANUBIS PC\Desktop\parsing PE411\delivery_bot\venv\Lib\site-packages\aiogram\dispatcher\dispatcher.py", line 158, in feed_update
    response = await self.update.wrap_outer_middleware(
               ^^^^^^^^^^^^^^^^^^^^^^^^^^^^^^^^^^^^^^^^
    ...<7 lines>...
    )
    ^
  File "C:\Users\ANUBIS PC\Desktop\parsing PE411\delivery_bot\venv\Lib\site-packages\aiogram\dispatcher\middlewares\error.py", line 25, in __call__
    return await handler(event, data)
           ^^^^^^^^^^^^^^^^^^^^^^^^^^
  File "C:\Users\ANUBIS PC\Desktop\parsing PE411\delivery_bot\venv\Lib\site-packages\aiogram\dispatcher\middlewares\user_context.py", line 56, in __call__
    return await handler(event, data)
           ^^^^^^^^^^^^^^^^^^^^^^^^^^
  File "C:\Users\ANUBIS PC\Desktop\parsing PE411\delivery_bot\venv\Lib\site-packages\aiogram\fsm\middleware.py", line 42, in __call__
    return await handler(event, data)
           ^^^^^^^^^^^^^^^^^^^^^^^^^^
  File "C:\Users\ANUBIS PC\Desktop\parsing PE411\delivery_bot\venv\Lib\site-packages\aiogram\dispatcher\event\telegram.py", line 121, in trigger
    return await wrapped_inner(event, kwargs)
           ^^^^^^^^^^^^^^^^^^^^^^^^^^^^^^^^^^
  File "C:\Users\ANUBIS PC\Desktop\parsing PE411\delivery_bot\middlewares\logging.py", line 20, in __call__
    response = await handler(event, data)
               ^^^^^^^^^^^^^^^^^^^^^^^^^^
  File "C:\Users\ANUBIS PC\Desktop\parsing PE411\delivery_bot\middlewares\auth.py", line 28, in __call__
    return await handler(event, data)
           ^^^^^^^^^^^^^^^^^^^^^^^^^^
  File "C:\Users\ANUBIS PC\Desktop\parsing PE411\delivery_bot\venv\Lib\site-packages\aiogram\dispatcher\event\handler.py", line 43, in call
    return await wrapped()
           ^^^^^^^^^^^^^^^
  File "C:\Users\ANUBIS PC\Desktop\parsing PE411\delivery_bot\venv\Lib\site-packages\aiogram\dispatcher\dispatcher.py", line 276, in _listen_update
    return await self.propagate_event(update_type=update_type, event=event, **kwargs)
           ^^^^^^^^^^^^^^^^^^^^^^^^^^^^^^^^^^^^^^^^^^^^^^^^^^^^^^^^^^^^^^^^^^^^^^^^^^
  File "C:\Users\ANUBIS PC\Desktop\parsing PE411\delivery_bot\venv\Lib\site-packages\aiogram\dispatcher\router.py", line 146, in propagate_event
    return await observer.wrap_outer_middleware(_wrapped, event=event, data=kwargs)
           ^^^^^^^^^^^^^^^^^^^^^^^^^^^^^^^^^^^^^^^^^^^^^^^^^^^^^^^^^^^^^^^^^^^^^^^^
  File "C:\Users\ANUBIS PC\Desktop\parsing PE411\delivery_bot\venv\Lib\site-packages\aiogram\dispatcher\router.py", line 141, in _wrapped
    return await self._propagate_event(
           ^^^^^^^^^^^^^^^^^^^^^^^^^^^^
        observer=observer, update_type=update_type, event=telegram_event, **data
        ^^^^^^^^^^^^^^^^^^^^^^^^^^^^^^^^^^^^^^^^^^^^^^^^^^^^^^^^^^^^^^^^^^^^^^^^
    )
    ^
  File "C:\Users\ANUBIS PC\Desktop\parsing PE411\delivery_bot\venv\Lib\site-packages\aiogram\dispatcher\router.py", line 174, in _propagate_event
    response = await router.propagate_event(update_type=update_type, event=event, **kwargs)
               ^^^^^^^^^^^^^^^^^^^^^^^^^^^^^^^^^^^^^^^^^^^^^^^^^^^^^^^^^^^^^^^^^^^^^^^^^^^^
  File "C:\Users\ANUBIS PC\Desktop\parsing PE411\delivery_bot\venv\Lib\site-packages\aiogram\dispatcher\router.py", line 146, in propagate_event
    return await observer.wrap_outer_middleware(_wrapped, event=event, data=kwargs)
           ^^^^^^^^^^^^^^^^^^^^^^^^^^^^^^^^^^^^^^^^^^^^^^^^^^^^^^^^^^^^^^^^^^^^^^^^
  File "C:\Users\ANUBIS PC\Desktop\parsing PE411\delivery_bot\venv\Lib\site-packages\aiogram\dispatcher\router.py", line 141, in _wrapped
    return await self._propagate_event(
           ^^^^^^^^^^^^^^^^^^^^^^^^^^^^
        observer=observer, update_type=update_type, event=telegram_event, **data
        ^^^^^^^^^^^^^^^^^^^^^^^^^^^^^^^^^^^^^^^^^^^^^^^^^^^^^^^^^^^^^^^^^^^^^^^^
    )
    ^
  File "C:\Users\ANUBIS PC\Desktop\parsing PE411\delivery_bot\venv\Lib\site-packages\aiogram\dispatcher\router.py", line 166, in _propagate_event
    response = await observer.trigger(event, **kwargs)
               ^^^^^^^^^^^^^^^^^^^^^^^^^^^^^^^^^^^^^^^
  File "C:\Users\ANUBIS PC\Desktop\parsing PE411\delivery_bot\venv\Lib\site-packages\aiogram\dispatcher\event\telegram.py", line 121, in trigger
    return await wrapped_inner(event, kwargs)
           ^^^^^^^^^^^^^^^^^^^^^^^^^^^^^^^^^^
  File "C:\Users\ANUBIS PC\Desktop\parsing PE411\delivery_bot\venv\Lib\site-packages\aiogram\dispatcher\event\handler.py", line 43, in call
    return await wrapped()
           ^^^^^^^^^^^^^^^
  File "C:\Users\ANUBIS PC\Desktop\parsing PE411\delivery_bot\routers\start.py", line 17, in start
    inline_keyboard=[setting_kb()]
                     ~~~~~~~~~~^^
TypeError: setting_kb() missing 1 required positional argument: 'lang'
2025-11-26 19:41:42,959 - INFO - Polling stopped
2025-11-26 19:41:42,960 - ERROR - Failed to fetch updates - TelegramNetworkError: HTTP Client says - ServerDisconnectedError: Server disconnected
2025-11-26 19:41:42,960 - WARNING - Sleep for 1.000000 seconds and try again... (tryings = 0, bot id = 8200360038)
2025-11-26 19:41:43,224 - INFO - Polling stopped for bot @pe411_bot id=8200360038 - 'pe411'
2025-11-26 19:42:03,454 - INFO - MESSAGE: 554.8665523529053ms
2025-11-26 19:42:03,454 - INFO - Update id=946294638 is handled. Duration 555 ms by bot id=8200360038
2025-11-26 19:42:03,855 - INFO - MESSAGE: 960.167646408081ms
2025-11-26 19:42:03,855 - INFO - Update id=946294637 is handled. Duration 961 ms by bot id=8200360038
2025-11-26 19:42:06,185 - INFO - Update id=946294639 is not handled. Duration 5 ms by bot id=8200360038
2025-11-26 19:42:06,185 - ERROR - Cause exception while process update id=946294639 by bot id=8200360038
TypeError: setting_kb() missing 1 required positional argument: 'lang'
Traceback (most recent call last):
  File "C:\Users\ANUBIS PC\Desktop\parsing PE411\delivery_bot\venv\Lib\site-packages\aiogram\dispatcher\dispatcher.py", line 309, in _process_update
    response = await self.feed_update(bot, update, **kwargs)
               ^^^^^^^^^^^^^^^^^^^^^^^^^^^^^^^^^^^^^^^^^^^^^
  File "C:\Users\ANUBIS PC\Desktop\parsing PE411\delivery_bot\venv\Lib\site-packages\aiogram\dispatcher\dispatcher.py", line 158, in feed_update
    response = await self.update.wrap_outer_middleware(
               ^^^^^^^^^^^^^^^^^^^^^^^^^^^^^^^^^^^^^^^^
    ...<7 lines>...
    )
    ^
  File "C:\Users\ANUBIS PC\Desktop\parsing PE411\delivery_bot\venv\Lib\site-packages\aiogram\dispatcher\middlewares\error.py", line 25, in __call__
    return await handler(event, data)
           ^^^^^^^^^^^^^^^^^^^^^^^^^^
  File "C:\Users\ANUBIS PC\Desktop\parsing PE411\delivery_bot\venv\Lib\site-packages\aiogram\dispatcher\middlewares\user_context.py", line 56, in __call__
    return await handler(event, data)
           ^^^^^^^^^^^^^^^^^^^^^^^^^^
  File "C:\Users\ANUBIS PC\Desktop\parsing PE411\delivery_bot\venv\Lib\site-packages\aiogram\fsm\middleware.py", line 42, in __call__
    return await handler(event, data)
           ^^^^^^^^^^^^^^^^^^^^^^^^^^
  File "C:\Users\ANUBIS PC\Desktop\parsing PE411\delivery_bot\venv\Lib\site-packages\aiogram\dispatcher\event\telegram.py", line 121, in trigger
    return await wrapped_inner(event, kwargs)
           ^^^^^^^^^^^^^^^^^^^^^^^^^^^^^^^^^^
  File "C:\Users\ANUBIS PC\Desktop\parsing PE411\delivery_bot\middlewares\logging.py", line 20, in __call__
    response = await handler(event, data)
               ^^^^^^^^^^^^^^^^^^^^^^^^^^
  File "C:\Users\ANUBIS PC\Desktop\parsing PE411\delivery_bot\middlewares\auth.py", line 28, in __call__
    return await handler(event, data)
           ^^^^^^^^^^^^^^^^^^^^^^^^^^
  File "C:\Users\ANUBIS PC\Desktop\parsing PE411\delivery_bot\venv\Lib\site-packages\aiogram\dispatcher\event\handler.py", line 43, in call
    return await wrapped()
           ^^^^^^^^^^^^^^^
  File "C:\Users\ANUBIS PC\Desktop\parsing PE411\delivery_bot\venv\Lib\site-packages\aiogram\dispatcher\dispatcher.py", line 276, in _listen_update
    return await self.propagate_event(update_type=update_type, event=event, **kwargs)
           ^^^^^^^^^^^^^^^^^^^^^^^^^^^^^^^^^^^^^^^^^^^^^^^^^^^^^^^^^^^^^^^^^^^^^^^^^^
  File "C:\Users\ANUBIS PC\Desktop\parsing PE411\delivery_bot\venv\Lib\site-packages\aiogram\dispatcher\router.py", line 146, in propagate_event
    return await observer.wrap_outer_middleware(_wrapped, event=event, data=kwargs)
           ^^^^^^^^^^^^^^^^^^^^^^^^^^^^^^^^^^^^^^^^^^^^^^^^^^^^^^^^^^^^^^^^^^^^^^^^
  File "C:\Users\ANUBIS PC\Desktop\parsing PE411\delivery_bot\venv\Lib\site-packages\aiogram\dispatcher\router.py", line 141, in _wrapped
    return await self._propagate_event(
           ^^^^^^^^^^^^^^^^^^^^^^^^^^^^
        observer=observer, update_type=update_type, event=telegram_event, **data
        ^^^^^^^^^^^^^^^^^^^^^^^^^^^^^^^^^^^^^^^^^^^^^^^^^^^^^^^^^^^^^^^^^^^^^^^^
    )
    ^
  File "C:\Users\ANUBIS PC\Desktop\parsing PE411\delivery_bot\venv\Lib\site-packages\aiogram\dispatcher\router.py", line 174, in _propagate_event
    response = await router.propagate_event(update_type=update_type, event=event, **kwargs)
               ^^^^^^^^^^^^^^^^^^^^^^^^^^^^^^^^^^^^^^^^^^^^^^^^^^^^^^^^^^^^^^^^^^^^^^^^^^^^
  File "C:\Users\ANUBIS PC\Desktop\parsing PE411\delivery_bot\venv\Lib\site-packages\aiogram\dispatcher\router.py", line 146, in propagate_event
    return await observer.wrap_outer_middleware(_wrapped, event=event, data=kwargs)
           ^^^^^^^^^^^^^^^^^^^^^^^^^^^^^^^^^^^^^^^^^^^^^^^^^^^^^^^^^^^^^^^^^^^^^^^^
  File "C:\Users\ANUBIS PC\Desktop\parsing PE411\delivery_bot\venv\Lib\site-packages\aiogram\dispatcher\router.py", line 141, in _wrapped
    return await self._propagate_event(
           ^^^^^^^^^^^^^^^^^^^^^^^^^^^^
        observer=observer, update_type=update_type, event=telegram_event, **data
        ^^^^^^^^^^^^^^^^^^^^^^^^^^^^^^^^^^^^^^^^^^^^^^^^^^^^^^^^^^^^^^^^^^^^^^^^
    )
    ^
  File "C:\Users\ANUBIS PC\Desktop\parsing PE411\delivery_bot\venv\Lib\site-packages\aiogram\dispatcher\router.py", line 166, in _propagate_event
    response = await observer.trigger(event, **kwargs)
               ^^^^^^^^^^^^^^^^^^^^^^^^^^^^^^^^^^^^^^^
  File "C:\Users\ANUBIS PC\Desktop\parsing PE411\delivery_bot\venv\Lib\site-packages\aiogram\dispatcher\event\telegram.py", line 121, in trigger
    return await wrapped_inner(event, kwargs)
           ^^^^^^^^^^^^^^^^^^^^^^^^^^^^^^^^^^
  File "C:\Users\ANUBIS PC\Desktop\parsing PE411\delivery_bot\venv\Lib\site-packages\aiogram\dispatcher\event\handler.py", line 43, in call
    return await wrapped()
           ^^^^^^^^^^^^^^^
  File "C:\Users\ANUBIS PC\Desktop\parsing PE411\delivery_bot\routers\settings.py", line 19, in settings
    inline_message_id=setting_kb(),
                      ~~~~~~~~~~^^
TypeError: setting_kb() missing 1 required positional argument: 'lang'
2025-11-26 19:42:15,081 - INFO - Polling stopped
2025-11-26 19:42:15,082 - ERROR - Failed to fetch updates - TelegramNetworkError: HTTP Client says - ServerDisconnectedError: Server disconnected
2025-11-26 19:42:15,082 - WARNING - Sleep for 1.000000 seconds and try again... (tryings = 0, bot id = 8200360038)
2025-11-26 19:42:15,347 - INFO - Polling stopped for bot @pe411_bot id=8200360038 - 'pe411'
2025-11-26 19:42:21,779 - INFO - MESSAGE: 727.9036045074463ms
2025-11-26 19:42:21,779 - INFO - Update id=946294640 is handled. Duration 729 ms by bot id=8200360038
2025-11-26 19:42:26,838 - INFO - CALLBACK: 135.3445053100586ms
2025-11-26 19:42:26,839 - INFO - Update id=946294641 is handled. Duration 136 ms by bot id=8200360038
2025-11-26 19:42:28,527 - INFO - CALLBACK: 182.0509433746338ms
2025-11-26 19:42:28,527 - INFO - Update id=946294642 is handled. Duration 182 ms by bot id=8200360038
2025-11-26 19:42:33,465 - INFO - CALLBACK: 148.64802360534668ms
2025-11-26 19:42:33,465 - INFO - Update id=946294643 is handled. Duration 149 ms by bot id=8200360038
2025-11-26 19:42:34,154 - INFO - CALLBACK: 2.1009445190429688ms
2025-11-26 19:42:34,154 - INFO - Update id=946294644 is not handled. Duration 2 ms by bot id=8200360038
2025-11-26 19:42:35,068 - INFO - CALLBACK: 2.054452896118164ms
2025-11-26 19:42:35,068 - INFO - Update id=946294645 is not handled. Duration 2 ms by bot id=8200360038
2025-11-26 19:42:36,649 - INFO - CALLBACK: 2.439260482788086ms
2025-11-26 19:42:36,649 - INFO - Update id=946294646 is not handled. Duration 3 ms by bot id=8200360038
2025-11-26 19:42:37,144 - INFO - CALLBACK: 2.0995140075683594ms
2025-11-26 19:42:37,144 - INFO - Update id=946294647 is not handled. Duration 2 ms by bot id=8200360038
2025-11-26 19:42:39,286 - INFO - CALLBACK: 117.63238906860352ms
2025-11-26 19:42:39,286 - INFO - Update id=946294648 is handled. Duration 118 ms by bot id=8200360038
2025-11-26 20:15:34,921 - INFO - Polling stopped
2025-11-26 20:15:34,922 - ERROR - Failed to fetch updates - TelegramNetworkError: HTTP Client says - ServerDisconnectedError: Server disconnected
2025-11-26 20:15:34,923 - WARNING - Sleep for 1.000000 seconds and try again... (tryings = 0, bot id = 8200360038)
2025-11-26 20:15:35,179 - INFO - Polling stopped for bot @pe411_bot id=8200360038 - 'pe411'
2025-11-26 20:15:41,936 - INFO - MESSAGE: 755.5081844329834ms
2025-11-26 20:15:41,942 - INFO - Update id=946294649 is handled. Duration 762 ms by bot id=8200360038
2025-11-26 20:15:43,786 - INFO - CALLBACK: 132.81536102294922ms
2025-11-26 20:15:43,786 - INFO - Update id=946294650 is handled. Duration 133 ms by bot id=8200360038
2025-11-26 20:15:45,434 - INFO - CALLBACK: 2.3713111877441406ms
2025-11-26 20:15:45,434 - INFO - Update id=946294651 is not handled. Duration 3 ms by bot id=8200360038
2025-11-26 20:15:51,358 - INFO - CALLBACK: 2.5844573974609375ms
2025-11-26 20:15:51,358 - INFO - Update id=946294652 is not handled. Duration 3 ms by bot id=8200360038
2025-11-26 20:15:52,183 - INFO - CALLBACK: 179.1698932647705ms
2025-11-26 20:15:52,183 - INFO - Update id=946294653 is handled. Duration 180 ms by bot id=8200360038
2025-11-26 20:15:54,498 - INFO - CALLBACK: 126.2509822845459ms
2025-11-26 20:15:54,498 - INFO - Update id=946294654 is handled. Duration 126 ms by bot id=8200360038
2025-11-26 20:15:56,027 - INFO - CALLBACK: 2.3093223571777344ms
2025-11-26 20:15:56,027 - INFO - Update id=946294655 is not handled. Duration 2 ms by bot id=8200360038
2025-11-26 20:16:03,452 - INFO - MESSAGE: 2.329111099243164ms
2025-11-26 20:16:03,452 - INFO - Update id=946294656 is not handled. Duration 2 ms by bot id=8200360038
2025-11-26 20:16:16,090 - INFO - CALLBACK: 2.3627281188964844ms
2025-11-26 20:16:16,090 - INFO - Update id=946294657 is not handled. Duration 2 ms by bot id=8200360038
2025-11-26 20:17:00,083 - INFO - Polling stopped
2025-11-26 20:17:00,084 - ERROR - Failed to fetch updates - TelegramNetworkError: HTTP Client says - ServerDisconnectedError: Server disconnected
2025-11-26 20:17:00,084 - WARNING - Sleep for 1.000000 seconds and try again... (tryings = 0, bot id = 8200360038)
2025-11-26 20:17:00,340 - INFO - Polling stopped for bot @pe411_bot id=8200360038 - 'pe411'
2025-11-26 20:17:06,254 - INFO - MESSAGE: 728.0230522155762ms
2025-11-26 20:17:06,254 - INFO - Update id=946294658 is handled. Duration 729 ms by bot id=8200360038
2025-11-26 20:17:07,512 - INFO - CALLBACK: 126.90019607543945ms
2025-11-26 20:17:07,513 - INFO - Update id=946294659 is handled. Duration 127 ms by bot id=8200360038
2025-11-26 20:17:08,660 - INFO - CALLBACK: 2.397298812866211ms
2025-11-26 20:17:08,661 - INFO - Update id=946294660 is not handled. Duration 3 ms by bot id=8200360038
2025-11-26 20:17:14,475 - INFO - CALLBACK: 2.333402633666992ms
2025-11-26 20:17:14,475 - INFO - Update id=946294661 is not handled. Duration 2 ms by bot id=8200360038
2025-11-26 20:17:37,136 - INFO - Polling stopped
2025-11-26 20:17:37,137 - ERROR - Failed to fetch updates - TelegramNetworkError: HTTP Client says - ServerDisconnectedError: Server disconnected
2025-11-26 20:17:37,137 - WARNING - Sleep for 1.000000 seconds and try again... (tryings = 0, bot id = 8200360038)
2025-11-26 20:17:37,389 - INFO - Polling stopped for bot @pe411_bot id=8200360038 - 'pe411'
2025-11-26 20:17:43,244 - INFO - CALLBACK: 896.4166641235352ms
2025-11-26 20:17:43,244 - INFO - Update id=946294662 is handled. Duration 898 ms by bot id=8200360038
2025-11-26 20:17:47,096 - INFO - Update id=946294663 is not handled. Duration 318 ms by bot id=8200360038
2025-11-26 20:17:47,096 - ERROR - Cause exception while process update id=946294663 by bot id=8200360038
KeyError: 'chat_id'
Traceback (most recent call last):
  File "C:\Users\ANUBIS PC\Desktop\parsing PE411\delivery_bot\venv\Lib\site-packages\aiogram\dispatcher\dispatcher.py", line 309, in _process_update
    response = await self.feed_update(bot, update, **kwargs)
               ^^^^^^^^^^^^^^^^^^^^^^^^^^^^^^^^^^^^^^^^^^^^^
  File "C:\Users\ANUBIS PC\Desktop\parsing PE411\delivery_bot\venv\Lib\site-packages\aiogram\dispatcher\dispatcher.py", line 158, in feed_update
    response = await self.update.wrap_outer_middleware(
               ^^^^^^^^^^^^^^^^^^^^^^^^^^^^^^^^^^^^^^^^
    ...<7 lines>...
    )
    ^
  File "C:\Users\ANUBIS PC\Desktop\parsing PE411\delivery_bot\venv\Lib\site-packages\aiogram\dispatcher\middlewares\error.py", line 25, in __call__
    return await handler(event, data)
           ^^^^^^^^^^^^^^^^^^^^^^^^^^
  File "C:\Users\ANUBIS PC\Desktop\parsing PE411\delivery_bot\venv\Lib\site-packages\aiogram\dispatcher\middlewares\user_context.py", line 56, in __call__
    return await handler(event, data)
           ^^^^^^^^^^^^^^^^^^^^^^^^^^
  File "C:\Users\ANUBIS PC\Desktop\parsing PE411\delivery_bot\venv\Lib\site-packages\aiogram\fsm\middleware.py", line 42, in __call__
    return await handler(event, data)
           ^^^^^^^^^^^^^^^^^^^^^^^^^^
  File "C:\Users\ANUBIS PC\Desktop\parsing PE411\delivery_bot\venv\Lib\site-packages\aiogram\dispatcher\event\telegram.py", line 121, in trigger
    return await wrapped_inner(event, kwargs)
           ^^^^^^^^^^^^^^^^^^^^^^^^^^^^^^^^^^
  File "C:\Users\ANUBIS PC\Desktop\parsing PE411\delivery_bot\middlewares\logging.py", line 20, in __call__
    response = await handler(event, data)
               ^^^^^^^^^^^^^^^^^^^^^^^^^^
  File "C:\Users\ANUBIS PC\Desktop\parsing PE411\delivery_bot\middlewares\auth.py", line 28, in __call__
    return await handler(event, data)
           ^^^^^^^^^^^^^^^^^^^^^^^^^^
  File "C:\Users\ANUBIS PC\Desktop\parsing PE411\delivery_bot\venv\Lib\site-packages\aiogram\dispatcher\event\handler.py", line 43, in call
    return await wrapped()
           ^^^^^^^^^^^^^^^
  File "C:\Users\ANUBIS PC\Desktop\parsing PE411\delivery_bot\venv\Lib\site-packages\aiogram\dispatcher\dispatcher.py", line 276, in _listen_update
    return await self.propagate_event(update_type=update_type, event=event, **kwargs)
           ^^^^^^^^^^^^^^^^^^^^^^^^^^^^^^^^^^^^^^^^^^^^^^^^^^^^^^^^^^^^^^^^^^^^^^^^^^
  File "C:\Users\ANUBIS PC\Desktop\parsing PE411\delivery_bot\venv\Lib\site-packages\aiogram\dispatcher\router.py", line 146, in propagate_event
    return await observer.wrap_outer_middleware(_wrapped, event=event, data=kwargs)
           ^^^^^^^^^^^^^^^^^^^^^^^^^^^^^^^^^^^^^^^^^^^^^^^^^^^^^^^^^^^^^^^^^^^^^^^^
  File "C:\Users\ANUBIS PC\Desktop\parsing PE411\delivery_bot\venv\Lib\site-packages\aiogram\dispatcher\router.py", line 141, in _wrapped
    return await self._propagate_event(
           ^^^^^^^^^^^^^^^^^^^^^^^^^^^^
        observer=observer, update_type=update_type, event=telegram_event, **data
        ^^^^^^^^^^^^^^^^^^^^^^^^^^^^^^^^^^^^^^^^^^^^^^^^^^^^^^^^^^^^^^^^^^^^^^^^
    )
    ^
  File "C:\Users\ANUBIS PC\Desktop\parsing PE411\delivery_bot\venv\Lib\site-packages\aiogram\dispatcher\router.py", line 174, in _propagate_event
    response = await router.propagate_event(update_type=update_type, event=event, **kwargs)
               ^^^^^^^^^^^^^^^^^^^^^^^^^^^^^^^^^^^^^^^^^^^^^^^^^^^^^^^^^^^^^^^^^^^^^^^^^^^^
  File "C:\Users\ANUBIS PC\Desktop\parsing PE411\delivery_bot\venv\Lib\site-packages\aiogram\dispatcher\router.py", line 146, in propagate_event
    return await observer.wrap_outer_middleware(_wrapped, event=event, data=kwargs)
           ^^^^^^^^^^^^^^^^^^^^^^^^^^^^^^^^^^^^^^^^^^^^^^^^^^^^^^^^^^^^^^^^^^^^^^^^
  File "C:\Users\ANUBIS PC\Desktop\parsing PE411\delivery_bot\venv\Lib\site-packages\aiogram\dispatcher\router.py", line 141, in _wrapped
    return await self._propagate_event(
           ^^^^^^^^^^^^^^^^^^^^^^^^^^^^
        observer=observer, update_type=update_type, event=telegram_event, **data
        ^^^^^^^^^^^^^^^^^^^^^^^^^^^^^^^^^^^^^^^^^^^^^^^^^^^^^^^^^^^^^^^^^^^^^^^^
    )
    ^
  File "C:\Users\ANUBIS PC\Desktop\parsing PE411\delivery_bot\venv\Lib\site-packages\aiogram\dispatcher\router.py", line 166, in _propagate_event
    response = await observer.trigger(event, **kwargs)
               ^^^^^^^^^^^^^^^^^^^^^^^^^^^^^^^^^^^^^^^
  File "C:\Users\ANUBIS PC\Desktop\parsing PE411\delivery_bot\venv\Lib\site-packages\aiogram\dispatcher\event\telegram.py", line 121, in trigger
    return await wrapped_inner(event, kwargs)
           ^^^^^^^^^^^^^^^^^^^^^^^^^^^^^^^^^^
  File "C:\Users\ANUBIS PC\Desktop\parsing PE411\delivery_bot\venv\Lib\site-packages\aiogram\dispatcher\event\handler.py", line 43, in call
    return await wrapped()
           ^^^^^^^^^^^^^^^
  File "C:\Users\ANUBIS PC\Desktop\parsing PE411\delivery_bot\routers\settings.py", line 70, in get_fullname_handler
    chat_id=data["chat_id"],
            ~~~~^^^^^^^^^^^
KeyError: 'chat_id'
2025-11-26 20:18:01,748 - INFO - Polling stopped
2025-11-26 20:18:01,749 - ERROR - Failed to fetch updates - TelegramNetworkError: HTTP Client says - ServerDisconnectedError: Server disconnected
2025-11-26 20:18:01,749 - WARNING - Sleep for 1.000000 seconds and try again... (tryings = 0, bot id = 8200360038)
2025-11-26 20:18:02,004 - INFO - Polling stopped for bot @pe411_bot id=8200360038 - 'pe411'
2025-11-26 20:18:07,695 - INFO - MESSAGE: 538.3903980255127ms
2025-11-26 20:18:07,695 - INFO - Update id=946294664 is handled. Duration 540 ms by bot id=8200360038
2025-11-26 20:18:10,924 - INFO - CALLBACK: 216.42470359802246ms
2025-11-26 20:18:10,924 - INFO - Update id=946294665 is handled. Duration 217 ms by bot id=8200360038
2025-11-26 20:18:12,382 - INFO - CALLBACK: 240.24629592895508ms
2025-11-26 20:18:12,382 - INFO - Update id=946294666 is handled. Duration 240 ms by bot id=8200360038
2025-11-26 20:18:16,703 - INFO - MESSAGE: 695.8053112030029ms
2025-11-26 20:18:16,703 - INFO - Update id=946294667 is handled. Duration 696 ms by bot id=8200360038
2025-11-26 20:34:25,577 - INFO - Polling stopped
2025-11-26 20:34:25,579 - ERROR - Failed to fetch updates - TelegramNetworkError: HTTP Client says - ServerDisconnectedError: Server disconnected
2025-11-26 20:34:25,579 - WARNING - Sleep for 1.000000 seconds and try again... (tryings = 0, bot id = 8200360038)
2025-11-26 20:34:25,834 - INFO - Polling stopped for bot @pe411_bot id=8200360038 - 'pe411'
2025-11-26 20:34:36,183 - INFO - MESSAGE: 562.9210472106934ms
2025-11-26 20:34:36,183 - INFO - Update id=946294668 is handled. Duration 564 ms by bot id=8200360038
2025-11-26 20:34:38,509 - INFO - CALLBACK: 198.27842712402344ms
2025-11-26 20:34:38,509 - INFO - Update id=946294669 is handled. Duration 199 ms by bot id=8200360038
2025-11-26 20:34:40,006 - INFO - CALLBACK: 143.97621154785156ms
2025-11-26 20:34:40,006 - INFO - Update id=946294670 is handled. Duration 144 ms by bot id=8200360038
2025-11-26 20:34:41,693 - INFO - CALLBACK: 538.4080410003662ms
2025-11-26 20:34:41,693 - INFO - Update id=946294671 is handled. Duration 539 ms by bot id=8200360038
2025-11-26 21:38:17,248 - INFO - Polling stopped
2025-11-26 21:38:17,249 - ERROR - Failed to fetch updates - TelegramNetworkError: HTTP Client says - ServerDisconnectedError: Server disconnected
2025-11-26 21:38:17,249 - WARNING - Sleep for 1.000000 seconds and try again... (tryings = 0, bot id = 8200360038)
2025-11-26 21:38:17,501 - INFO - Polling stopped for bot @pe411_bot id=8200360038 - 'pe411'
2025-11-26 21:39:06,861 - INFO - MESSAGE: 757.2333812713623ms
2025-11-26 21:39:06,861 - INFO - Update id=946294672 is handled. Duration 759 ms by bot id=8200360038
2025-11-26 21:39:09,070 - INFO - CALLBACK: 218.11366081237793ms
2025-11-26 21:39:09,070 - INFO - Update id=946294673 is handled. Duration 218 ms by bot id=8200360038
2025-11-26 21:39:15,291 - INFO - Update id=946294674 is not handled. Duration 6 ms by bot id=8200360038
2025-11-26 21:39:15,291 - ERROR - Cause exception while process update id=946294674 by bot id=8200360038
TypeError: object CategoryManager can't be used in 'await' expression
Traceback (most recent call last):
  File "C:\Users\ANUBIS PC\Desktop\parsing PE411\delivery_bot\venv\Lib\site-packages\aiogram\dispatcher\dispatcher.py", line 309, in _process_update
    response = await self.feed_update(bot, update, **kwargs)
               ^^^^^^^^^^^^^^^^^^^^^^^^^^^^^^^^^^^^^^^^^^^^^
  File "C:\Users\ANUBIS PC\Desktop\parsing PE411\delivery_bot\venv\Lib\site-packages\aiogram\dispatcher\dispatcher.py", line 158, in feed_update
    response = await self.update.wrap_outer_middleware(
               ^^^^^^^^^^^^^^^^^^^^^^^^^^^^^^^^^^^^^^^^
    ...<7 lines>...
    )
    ^
  File "C:\Users\ANUBIS PC\Desktop\parsing PE411\delivery_bot\venv\Lib\site-packages\aiogram\dispatcher\middlewares\error.py", line 25, in __call__
    return await handler(event, data)
           ^^^^^^^^^^^^^^^^^^^^^^^^^^
  File "C:\Users\ANUBIS PC\Desktop\parsing PE411\delivery_bot\venv\Lib\site-packages\aiogram\dispatcher\middlewares\user_context.py", line 56, in __call__
    return await handler(event, data)
           ^^^^^^^^^^^^^^^^^^^^^^^^^^
  File "C:\Users\ANUBIS PC\Desktop\parsing PE411\delivery_bot\venv\Lib\site-packages\aiogram\fsm\middleware.py", line 42, in __call__
    return await handler(event, data)
           ^^^^^^^^^^^^^^^^^^^^^^^^^^
  File "C:\Users\ANUBIS PC\Desktop\parsing PE411\delivery_bot\venv\Lib\site-packages\aiogram\dispatcher\event\telegram.py", line 121, in trigger
    return await wrapped_inner(event, kwargs)
           ^^^^^^^^^^^^^^^^^^^^^^^^^^^^^^^^^^
  File "C:\Users\ANUBIS PC\Desktop\parsing PE411\delivery_bot\middlewares\logging.py", line 20, in __call__
    response = await handler(event, data)
               ^^^^^^^^^^^^^^^^^^^^^^^^^^
  File "C:\Users\ANUBIS PC\Desktop\parsing PE411\delivery_bot\middlewares\auth.py", line 28, in __call__
    return await handler(event, data)
           ^^^^^^^^^^^^^^^^^^^^^^^^^^
  File "C:\Users\ANUBIS PC\Desktop\parsing PE411\delivery_bot\venv\Lib\site-packages\aiogram\dispatcher\event\handler.py", line 43, in call
    return await wrapped()
           ^^^^^^^^^^^^^^^
  File "C:\Users\ANUBIS PC\Desktop\parsing PE411\delivery_bot\venv\Lib\site-packages\aiogram\dispatcher\dispatcher.py", line 276, in _listen_update
    return await self.propagate_event(update_type=update_type, event=event, **kwargs)
           ^^^^^^^^^^^^^^^^^^^^^^^^^^^^^^^^^^^^^^^^^^^^^^^^^^^^^^^^^^^^^^^^^^^^^^^^^^
  File "C:\Users\ANUBIS PC\Desktop\parsing PE411\delivery_bot\venv\Lib\site-packages\aiogram\dispatcher\router.py", line 146, in propagate_event
    return await observer.wrap_outer_middleware(_wrapped, event=event, data=kwargs)
           ^^^^^^^^^^^^^^^^^^^^^^^^^^^^^^^^^^^^^^^^^^^^^^^^^^^^^^^^^^^^^^^^^^^^^^^^
  File "C:\Users\ANUBIS PC\Desktop\parsing PE411\delivery_bot\venv\Lib\site-packages\aiogram\dispatcher\router.py", line 141, in _wrapped
    return await self._propagate_event(
           ^^^^^^^^^^^^^^^^^^^^^^^^^^^^
        observer=observer, update_type=update_type, event=telegram_event, **data
        ^^^^^^^^^^^^^^^^^^^^^^^^^^^^^^^^^^^^^^^^^^^^^^^^^^^^^^^^^^^^^^^^^^^^^^^^
    )
    ^
  File "C:\Users\ANUBIS PC\Desktop\parsing PE411\delivery_bot\venv\Lib\site-packages\aiogram\dispatcher\router.py", line 174, in _propagate_event
    response = await router.propagate_event(update_type=update_type, event=event, **kwargs)
               ^^^^^^^^^^^^^^^^^^^^^^^^^^^^^^^^^^^^^^^^^^^^^^^^^^^^^^^^^^^^^^^^^^^^^^^^^^^^
  File "C:\Users\ANUBIS PC\Desktop\parsing PE411\delivery_bot\venv\Lib\site-packages\aiogram\dispatcher\router.py", line 146, in propagate_event
    return await observer.wrap_outer_middleware(_wrapped, event=event, data=kwargs)
           ^^^^^^^^^^^^^^^^^^^^^^^^^^^^^^^^^^^^^^^^^^^^^^^^^^^^^^^^^^^^^^^^^^^^^^^^
  File "C:\Users\ANUBIS PC\Desktop\parsing PE411\delivery_bot\venv\Lib\site-packages\aiogram\dispatcher\router.py", line 141, in _wrapped
    return await self._propagate_event(
           ^^^^^^^^^^^^^^^^^^^^^^^^^^^^
        observer=observer, update_type=update_type, event=telegram_event, **data
        ^^^^^^^^^^^^^^^^^^^^^^^^^^^^^^^^^^^^^^^^^^^^^^^^^^^^^^^^^^^^^^^^^^^^^^^^
    )
    ^
  File "C:\Users\ANUBIS PC\Desktop\parsing PE411\delivery_bot\venv\Lib\site-packages\aiogram\dispatcher\router.py", line 166, in _propagate_event
    response = await observer.trigger(event, **kwargs)
               ^^^^^^^^^^^^^^^^^^^^^^^^^^^^^^^^^^^^^^^
  File "C:\Users\ANUBIS PC\Desktop\parsing PE411\delivery_bot\venv\Lib\site-packages\aiogram\dispatcher\event\telegram.py", line 121, in trigger
    return await wrapped_inner(event, kwargs)
           ^^^^^^^^^^^^^^^^^^^^^^^^^^^^^^^^^^
  File "C:\Users\ANUBIS PC\Desktop\parsing PE411\delivery_bot\venv\Lib\site-packages\aiogram\dispatcher\event\handler.py", line 43, in call
    return await wrapped()
           ^^^^^^^^^^^^^^^
  File "C:\Users\ANUBIS PC\Desktop\parsing PE411\delivery_bot\routers\menu.py", line 52, in category_handler
    category_manager = await CategoryManager(session)
                       ^^^^^^^^^^^^^^^^^^^^^^^^^^^^^^
TypeError: object CategoryManager can't be used in 'await' expression
2025-11-26 21:39:40,183 - INFO - Update id=946294675 is not handled. Duration 4 ms by bot id=8200360038
2025-11-26 21:39:40,183 - ERROR - Cause exception while process update id=946294675 by bot id=8200360038
TypeError: object CategoryManager can't be used in 'await' expression
Traceback (most recent call last):
  File "C:\Users\ANUBIS PC\Desktop\parsing PE411\delivery_bot\venv\Lib\site-packages\aiogram\dispatcher\dispatcher.py", line 309, in _process_update
    response = await self.feed_update(bot, update, **kwargs)
               ^^^^^^^^^^^^^^^^^^^^^^^^^^^^^^^^^^^^^^^^^^^^^
  File "C:\Users\ANUBIS PC\Desktop\parsing PE411\delivery_bot\venv\Lib\site-packages\aiogram\dispatcher\dispatcher.py", line 158, in feed_update
    response = await self.update.wrap_outer_middleware(
               ^^^^^^^^^^^^^^^^^^^^^^^^^^^^^^^^^^^^^^^^
    ...<7 lines>...
    )
    ^
  File "C:\Users\ANUBIS PC\Desktop\parsing PE411\delivery_bot\venv\Lib\site-packages\aiogram\dispatcher\middlewares\error.py", line 25, in __call__
    return await handler(event, data)
           ^^^^^^^^^^^^^^^^^^^^^^^^^^
  File "C:\Users\ANUBIS PC\Desktop\parsing PE411\delivery_bot\venv\Lib\site-packages\aiogram\dispatcher\middlewares\user_context.py", line 56, in __call__
    return await handler(event, data)
           ^^^^^^^^^^^^^^^^^^^^^^^^^^
  File "C:\Users\ANUBIS PC\Desktop\parsing PE411\delivery_bot\venv\Lib\site-packages\aiogram\fsm\middleware.py", line 42, in __call__
    return await handler(event, data)
           ^^^^^^^^^^^^^^^^^^^^^^^^^^
  File "C:\Users\ANUBIS PC\Desktop\parsing PE411\delivery_bot\venv\Lib\site-packages\aiogram\dispatcher\event\telegram.py", line 121, in trigger
    return await wrapped_inner(event, kwargs)
           ^^^^^^^^^^^^^^^^^^^^^^^^^^^^^^^^^^
  File "C:\Users\ANUBIS PC\Desktop\parsing PE411\delivery_bot\middlewares\logging.py", line 20, in __call__
    response = await handler(event, data)
               ^^^^^^^^^^^^^^^^^^^^^^^^^^
  File "C:\Users\ANUBIS PC\Desktop\parsing PE411\delivery_bot\middlewares\auth.py", line 28, in __call__
    return await handler(event, data)
           ^^^^^^^^^^^^^^^^^^^^^^^^^^
  File "C:\Users\ANUBIS PC\Desktop\parsing PE411\delivery_bot\venv\Lib\site-packages\aiogram\dispatcher\event\handler.py", line 43, in call
    return await wrapped()
           ^^^^^^^^^^^^^^^
  File "C:\Users\ANUBIS PC\Desktop\parsing PE411\delivery_bot\venv\Lib\site-packages\aiogram\dispatcher\dispatcher.py", line 276, in _listen_update
    return await self.propagate_event(update_type=update_type, event=event, **kwargs)
           ^^^^^^^^^^^^^^^^^^^^^^^^^^^^^^^^^^^^^^^^^^^^^^^^^^^^^^^^^^^^^^^^^^^^^^^^^^
  File "C:\Users\ANUBIS PC\Desktop\parsing PE411\delivery_bot\venv\Lib\site-packages\aiogram\dispatcher\router.py", line 146, in propagate_event
    return await observer.wrap_outer_middleware(_wrapped, event=event, data=kwargs)
           ^^^^^^^^^^^^^^^^^^^^^^^^^^^^^^^^^^^^^^^^^^^^^^^^^^^^^^^^^^^^^^^^^^^^^^^^
  File "C:\Users\ANUBIS PC\Desktop\parsing PE411\delivery_bot\venv\Lib\site-packages\aiogram\dispatcher\router.py", line 141, in _wrapped
    return await self._propagate_event(
           ^^^^^^^^^^^^^^^^^^^^^^^^^^^^
        observer=observer, update_type=update_type, event=telegram_event, **data
        ^^^^^^^^^^^^^^^^^^^^^^^^^^^^^^^^^^^^^^^^^^^^^^^^^^^^^^^^^^^^^^^^^^^^^^^^
    )
    ^
  File "C:\Users\ANUBIS PC\Desktop\parsing PE411\delivery_bot\venv\Lib\site-packages\aiogram\dispatcher\router.py", line 174, in _propagate_event
    response = await router.propagate_event(update_type=update_type, event=event, **kwargs)
               ^^^^^^^^^^^^^^^^^^^^^^^^^^^^^^^^^^^^^^^^^^^^^^^^^^^^^^^^^^^^^^^^^^^^^^^^^^^^
  File "C:\Users\ANUBIS PC\Desktop\parsing PE411\delivery_bot\venv\Lib\site-packages\aiogram\dispatcher\router.py", line 146, in propagate_event
    return await observer.wrap_outer_middleware(_wrapped, event=event, data=kwargs)
           ^^^^^^^^^^^^^^^^^^^^^^^^^^^^^^^^^^^^^^^^^^^^^^^^^^^^^^^^^^^^^^^^^^^^^^^^
  File "C:\Users\ANUBIS PC\Desktop\parsing PE411\delivery_bot\venv\Lib\site-packages\aiogram\dispatcher\router.py", line 141, in _wrapped
    return await self._propagate_event(
           ^^^^^^^^^^^^^^^^^^^^^^^^^^^^
        observer=observer, update_type=update_type, event=telegram_event, **data
        ^^^^^^^^^^^^^^^^^^^^^^^^^^^^^^^^^^^^^^^^^^^^^^^^^^^^^^^^^^^^^^^^^^^^^^^^
    )
    ^
  File "C:\Users\ANUBIS PC\Desktop\parsing PE411\delivery_bot\venv\Lib\site-packages\aiogram\dispatcher\router.py", line 166, in _propagate_event
    response = await observer.trigger(event, **kwargs)
               ^^^^^^^^^^^^^^^^^^^^^^^^^^^^^^^^^^^^^^^
  File "C:\Users\ANUBIS PC\Desktop\parsing PE411\delivery_bot\venv\Lib\site-packages\aiogram\dispatcher\event\telegram.py", line 121, in trigger
    return await wrapped_inner(event, kwargs)
           ^^^^^^^^^^^^^^^^^^^^^^^^^^^^^^^^^^
  File "C:\Users\ANUBIS PC\Desktop\parsing PE411\delivery_bot\venv\Lib\site-packages\aiogram\dispatcher\event\handler.py", line 43, in call
    return await wrapped()
           ^^^^^^^^^^^^^^^
  File "C:\Users\ANUBIS PC\Desktop\parsing PE411\delivery_bot\routers\menu.py", line 52, in category_handler
    category_manager = await CategoryManager(session)
                       ^^^^^^^^^^^^^^^^^^^^^^^^^^^^^^
TypeError: object CategoryManager can't be used in 'await' expression
2025-11-26 21:40:01,505 - INFO - Polling stopped
2025-11-26 21:40:01,506 - ERROR - Failed to fetch updates - TelegramNetworkError: HTTP Client says - ServerDisconnectedError: Server disconnected
2025-11-26 21:40:01,506 - WARNING - Sleep for 1.000000 seconds and try again... (tryings = 0, bot id = 8200360038)
2025-11-26 21:40:01,771 - INFO - Polling stopped for bot @pe411_bot id=8200360038 - 'pe411'
2025-11-26 21:40:07,846 - INFO - MESSAGE: 825.1805305480957ms
2025-11-26 21:40:07,846 - INFO - Update id=946294676 is handled. Duration 827 ms by bot id=8200360038
2025-11-26 21:40:09,288 - INFO - CALLBACK: 326.1072635650635ms
2025-11-26 21:40:09,288 - INFO - Update id=946294677 is handled. Duration 326 ms by bot id=8200360038
2025-11-26 21:40:10,903 - INFO - Update id=946294678 is not handled. Duration 5 ms by bot id=8200360038
2025-11-26 21:40:10,903 - ERROR - Cause exception while process update id=946294678 by bot id=8200360038
TypeError: object type can't be used in 'await' expression
Traceback (most recent call last):
  File "C:\Users\ANUBIS PC\Desktop\parsing PE411\delivery_bot\venv\Lib\site-packages\aiogram\dispatcher\dispatcher.py", line 309, in _process_update
    response = await self.feed_update(bot, update, **kwargs)
               ^^^^^^^^^^^^^^^^^^^^^^^^^^^^^^^^^^^^^^^^^^^^^
  File "C:\Users\ANUBIS PC\Desktop\parsing PE411\delivery_bot\venv\Lib\site-packages\aiogram\dispatcher\dispatcher.py", line 158, in feed_update
    response = await self.update.wrap_outer_middleware(
               ^^^^^^^^^^^^^^^^^^^^^^^^^^^^^^^^^^^^^^^^
    ...<7 lines>...
    )
    ^
  File "C:\Users\ANUBIS PC\Desktop\parsing PE411\delivery_bot\venv\Lib\site-packages\aiogram\dispatcher\middlewares\error.py", line 25, in __call__
    return await handler(event, data)
           ^^^^^^^^^^^^^^^^^^^^^^^^^^
  File "C:\Users\ANUBIS PC\Desktop\parsing PE411\delivery_bot\venv\Lib\site-packages\aiogram\dispatcher\middlewares\user_context.py", line 56, in __call__
    return await handler(event, data)
           ^^^^^^^^^^^^^^^^^^^^^^^^^^
  File "C:\Users\ANUBIS PC\Desktop\parsing PE411\delivery_bot\venv\Lib\site-packages\aiogram\fsm\middleware.py", line 42, in __call__
    return await handler(event, data)
           ^^^^^^^^^^^^^^^^^^^^^^^^^^
  File "C:\Users\ANUBIS PC\Desktop\parsing PE411\delivery_bot\venv\Lib\site-packages\aiogram\dispatcher\event\telegram.py", line 121, in trigger
    return await wrapped_inner(event, kwargs)
           ^^^^^^^^^^^^^^^^^^^^^^^^^^^^^^^^^^
  File "C:\Users\ANUBIS PC\Desktop\parsing PE411\delivery_bot\middlewares\logging.py", line 20, in __call__
    response = await handler(event, data)
               ^^^^^^^^^^^^^^^^^^^^^^^^^^
  File "C:\Users\ANUBIS PC\Desktop\parsing PE411\delivery_bot\middlewares\auth.py", line 28, in __call__
    return await handler(event, data)
           ^^^^^^^^^^^^^^^^^^^^^^^^^^
  File "C:\Users\ANUBIS PC\Desktop\parsing PE411\delivery_bot\venv\Lib\site-packages\aiogram\dispatcher\event\handler.py", line 43, in call
    return await wrapped()
           ^^^^^^^^^^^^^^^
  File "C:\Users\ANUBIS PC\Desktop\parsing PE411\delivery_bot\venv\Lib\site-packages\aiogram\dispatcher\dispatcher.py", line 276, in _listen_update
    return await self.propagate_event(update_type=update_type, event=event, **kwargs)
           ^^^^^^^^^^^^^^^^^^^^^^^^^^^^^^^^^^^^^^^^^^^^^^^^^^^^^^^^^^^^^^^^^^^^^^^^^^
  File "C:\Users\ANUBIS PC\Desktop\parsing PE411\delivery_bot\venv\Lib\site-packages\aiogram\dispatcher\router.py", line 146, in propagate_event
    return await observer.wrap_outer_middleware(_wrapped, event=event, data=kwargs)
           ^^^^^^^^^^^^^^^^^^^^^^^^^^^^^^^^^^^^^^^^^^^^^^^^^^^^^^^^^^^^^^^^^^^^^^^^
  File "C:\Users\ANUBIS PC\Desktop\parsing PE411\delivery_bot\venv\Lib\site-packages\aiogram\dispatcher\router.py", line 141, in _wrapped
    return await self._propagate_event(
           ^^^^^^^^^^^^^^^^^^^^^^^^^^^^
        observer=observer, update_type=update_type, event=telegram_event, **data
        ^^^^^^^^^^^^^^^^^^^^^^^^^^^^^^^^^^^^^^^^^^^^^^^^^^^^^^^^^^^^^^^^^^^^^^^^
    )
    ^
  File "C:\Users\ANUBIS PC\Desktop\parsing PE411\delivery_bot\venv\Lib\site-packages\aiogram\dispatcher\router.py", line 174, in _propagate_event
    response = await router.propagate_event(update_type=update_type, event=event, **kwargs)
               ^^^^^^^^^^^^^^^^^^^^^^^^^^^^^^^^^^^^^^^^^^^^^^^^^^^^^^^^^^^^^^^^^^^^^^^^^^^^
  File "C:\Users\ANUBIS PC\Desktop\parsing PE411\delivery_bot\venv\Lib\site-packages\aiogram\dispatcher\router.py", line 146, in propagate_event
    return await observer.wrap_outer_middleware(_wrapped, event=event, data=kwargs)
           ^^^^^^^^^^^^^^^^^^^^^^^^^^^^^^^^^^^^^^^^^^^^^^^^^^^^^^^^^^^^^^^^^^^^^^^^
  File "C:\Users\ANUBIS PC\Desktop\parsing PE411\delivery_bot\venv\Lib\site-packages\aiogram\dispatcher\router.py", line 141, in _wrapped
    return await self._propagate_event(
           ^^^^^^^^^^^^^^^^^^^^^^^^^^^^
        observer=observer, update_type=update_type, event=telegram_event, **data
        ^^^^^^^^^^^^^^^^^^^^^^^^^^^^^^^^^^^^^^^^^^^^^^^^^^^^^^^^^^^^^^^^^^^^^^^^
    )
    ^
  File "C:\Users\ANUBIS PC\Desktop\parsing PE411\delivery_bot\venv\Lib\site-packages\aiogram\dispatcher\router.py", line 166, in _propagate_event
    response = await observer.trigger(event, **kwargs)
               ^^^^^^^^^^^^^^^^^^^^^^^^^^^^^^^^^^^^^^^
  File "C:\Users\ANUBIS PC\Desktop\parsing PE411\delivery_bot\venv\Lib\site-packages\aiogram\dispatcher\event\telegram.py", line 121, in trigger
    return await wrapped_inner(event, kwargs)
           ^^^^^^^^^^^^^^^^^^^^^^^^^^^^^^^^^^
  File "C:\Users\ANUBIS PC\Desktop\parsing PE411\delivery_bot\venv\Lib\site-packages\aiogram\dispatcher\event\handler.py", line 43, in call
    return await wrapped()
           ^^^^^^^^^^^^^^^
  File "C:\Users\ANUBIS PC\Desktop\parsing PE411\delivery_bot\routers\menu.py", line 52, in category_handler
    category_manager = await CategoryManager
                       ^^^^^^^^^^^^^^^^^^^^^
TypeError: object type can't be used in 'await' expression
2025-11-26 21:40:12,304 - INFO - Update id=946294679 is not handled. Duration 13 ms by bot id=8200360038
2025-11-26 21:40:12,305 - ERROR - Cause exception while process update id=946294679 by bot id=8200360038
TypeError: object type can't be used in 'await' expression
Traceback (most recent call last):
  File "C:\Users\ANUBIS PC\Desktop\parsing PE411\delivery_bot\venv\Lib\site-packages\aiogram\dispatcher\dispatcher.py", line 309, in _process_update
    response = await self.feed_update(bot, update, **kwargs)
               ^^^^^^^^^^^^^^^^^^^^^^^^^^^^^^^^^^^^^^^^^^^^^
  File "C:\Users\ANUBIS PC\Desktop\parsing PE411\delivery_bot\venv\Lib\site-packages\aiogram\dispatcher\dispatcher.py", line 158, in feed_update
    response = await self.update.wrap_outer_middleware(
               ^^^^^^^^^^^^^^^^^^^^^^^^^^^^^^^^^^^^^^^^
    ...<7 lines>...
    )
    ^
  File "C:\Users\ANUBIS PC\Desktop\parsing PE411\delivery_bot\venv\Lib\site-packages\aiogram\dispatcher\middlewares\error.py", line 25, in __call__
    return await handler(event, data)
           ^^^^^^^^^^^^^^^^^^^^^^^^^^
  File "C:\Users\ANUBIS PC\Desktop\parsing PE411\delivery_bot\venv\Lib\site-packages\aiogram\dispatcher\middlewares\user_context.py", line 56, in __call__
    return await handler(event, data)
           ^^^^^^^^^^^^^^^^^^^^^^^^^^
  File "C:\Users\ANUBIS PC\Desktop\parsing PE411\delivery_bot\venv\Lib\site-packages\aiogram\fsm\middleware.py", line 42, in __call__
    return await handler(event, data)
           ^^^^^^^^^^^^^^^^^^^^^^^^^^
  File "C:\Users\ANUBIS PC\Desktop\parsing PE411\delivery_bot\venv\Lib\site-packages\aiogram\dispatcher\event\telegram.py", line 121, in trigger
    return await wrapped_inner(event, kwargs)
           ^^^^^^^^^^^^^^^^^^^^^^^^^^^^^^^^^^
  File "C:\Users\ANUBIS PC\Desktop\parsing PE411\delivery_bot\middlewares\logging.py", line 20, in __call__
    response = await handler(event, data)
               ^^^^^^^^^^^^^^^^^^^^^^^^^^
  File "C:\Users\ANUBIS PC\Desktop\parsing PE411\delivery_bot\middlewares\auth.py", line 28, in __call__
    return await handler(event, data)
           ^^^^^^^^^^^^^^^^^^^^^^^^^^
  File "C:\Users\ANUBIS PC\Desktop\parsing PE411\delivery_bot\venv\Lib\site-packages\aiogram\dispatcher\event\handler.py", line 43, in call
    return await wrapped()
           ^^^^^^^^^^^^^^^
  File "C:\Users\ANUBIS PC\Desktop\parsing PE411\delivery_bot\venv\Lib\site-packages\aiogram\dispatcher\dispatcher.py", line 276, in _listen_update
    return await self.propagate_event(update_type=update_type, event=event, **kwargs)
           ^^^^^^^^^^^^^^^^^^^^^^^^^^^^^^^^^^^^^^^^^^^^^^^^^^^^^^^^^^^^^^^^^^^^^^^^^^
  File "C:\Users\ANUBIS PC\Desktop\parsing PE411\delivery_bot\venv\Lib\site-packages\aiogram\dispatcher\router.py", line 146, in propagate_event
    return await observer.wrap_outer_middleware(_wrapped, event=event, data=kwargs)
           ^^^^^^^^^^^^^^^^^^^^^^^^^^^^^^^^^^^^^^^^^^^^^^^^^^^^^^^^^^^^^^^^^^^^^^^^
  File "C:\Users\ANUBIS PC\Desktop\parsing PE411\delivery_bot\venv\Lib\site-packages\aiogram\dispatcher\router.py", line 141, in _wrapped
    return await self._propagate_event(
           ^^^^^^^^^^^^^^^^^^^^^^^^^^^^
        observer=observer, update_type=update_type, event=telegram_event, **data
        ^^^^^^^^^^^^^^^^^^^^^^^^^^^^^^^^^^^^^^^^^^^^^^^^^^^^^^^^^^^^^^^^^^^^^^^^
    )
    ^
  File "C:\Users\ANUBIS PC\Desktop\parsing PE411\delivery_bot\venv\Lib\site-packages\aiogram\dispatcher\router.py", line 174, in _propagate_event
    response = await router.propagate_event(update_type=update_type, event=event, **kwargs)
               ^^^^^^^^^^^^^^^^^^^^^^^^^^^^^^^^^^^^^^^^^^^^^^^^^^^^^^^^^^^^^^^^^^^^^^^^^^^^
  File "C:\Users\ANUBIS PC\Desktop\parsing PE411\delivery_bot\venv\Lib\site-packages\aiogram\dispatcher\router.py", line 146, in propagate_event
    return await observer.wrap_outer_middleware(_wrapped, event=event, data=kwargs)
           ^^^^^^^^^^^^^^^^^^^^^^^^^^^^^^^^^^^^^^^^^^^^^^^^^^^^^^^^^^^^^^^^^^^^^^^^
  File "C:\Users\ANUBIS PC\Desktop\parsing PE411\delivery_bot\venv\Lib\site-packages\aiogram\dispatcher\router.py", line 141, in _wrapped
    return await self._propagate_event(
           ^^^^^^^^^^^^^^^^^^^^^^^^^^^^
        observer=observer, update_type=update_type, event=telegram_event, **data
        ^^^^^^^^^^^^^^^^^^^^^^^^^^^^^^^^^^^^^^^^^^^^^^^^^^^^^^^^^^^^^^^^^^^^^^^^
    )
    ^
  File "C:\Users\ANUBIS PC\Desktop\parsing PE411\delivery_bot\venv\Lib\site-packages\aiogram\dispatcher\router.py", line 166, in _propagate_event
    response = await observer.trigger(event, **kwargs)
               ^^^^^^^^^^^^^^^^^^^^^^^^^^^^^^^^^^^^^^^
  File "C:\Users\ANUBIS PC\Desktop\parsing PE411\delivery_bot\venv\Lib\site-packages\aiogram\dispatcher\event\telegram.py", line 121, in trigger
    return await wrapped_inner(event, kwargs)
           ^^^^^^^^^^^^^^^^^^^^^^^^^^^^^^^^^^
  File "C:\Users\ANUBIS PC\Desktop\parsing PE411\delivery_bot\venv\Lib\site-packages\aiogram\dispatcher\event\handler.py", line 43, in call
    return await wrapped()
           ^^^^^^^^^^^^^^^
  File "C:\Users\ANUBIS PC\Desktop\parsing PE411\delivery_bot\routers\menu.py", line 52, in category_handler
    category_manager = await CategoryManager
                       ^^^^^^^^^^^^^^^^^^^^^
TypeError: object type can't be used in 'await' expression
2025-11-26 21:40:13,050 - INFO - Update id=946294680 is not handled. Duration 4 ms by bot id=8200360038
2025-11-26 21:40:13,050 - ERROR - Cause exception while process update id=946294680 by bot id=8200360038
TypeError: object type can't be used in 'await' expression
Traceback (most recent call last):
  File "C:\Users\ANUBIS PC\Desktop\parsing PE411\delivery_bot\venv\Lib\site-packages\aiogram\dispatcher\dispatcher.py", line 309, in _process_update
    response = await self.feed_update(bot, update, **kwargs)
               ^^^^^^^^^^^^^^^^^^^^^^^^^^^^^^^^^^^^^^^^^^^^^
  File "C:\Users\ANUBIS PC\Desktop\parsing PE411\delivery_bot\venv\Lib\site-packages\aiogram\dispatcher\dispatcher.py", line 158, in feed_update
    response = await self.update.wrap_outer_middleware(
               ^^^^^^^^^^^^^^^^^^^^^^^^^^^^^^^^^^^^^^^^
    ...<7 lines>...
    )
    ^
  File "C:\Users\ANUBIS PC\Desktop\parsing PE411\delivery_bot\venv\Lib\site-packages\aiogram\dispatcher\middlewares\error.py", line 25, in __call__
    return await handler(event, data)
           ^^^^^^^^^^^^^^^^^^^^^^^^^^
  File "C:\Users\ANUBIS PC\Desktop\parsing PE411\delivery_bot\venv\Lib\site-packages\aiogram\dispatcher\middlewares\user_context.py", line 56, in __call__
    return await handler(event, data)
           ^^^^^^^^^^^^^^^^^^^^^^^^^^
  File "C:\Users\ANUBIS PC\Desktop\parsing PE411\delivery_bot\venv\Lib\site-packages\aiogram\fsm\middleware.py", line 42, in __call__
    return await handler(event, data)
           ^^^^^^^^^^^^^^^^^^^^^^^^^^
  File "C:\Users\ANUBIS PC\Desktop\parsing PE411\delivery_bot\venv\Lib\site-packages\aiogram\dispatcher\event\telegram.py", line 121, in trigger
    return await wrapped_inner(event, kwargs)
           ^^^^^^^^^^^^^^^^^^^^^^^^^^^^^^^^^^
  File "C:\Users\ANUBIS PC\Desktop\parsing PE411\delivery_bot\middlewares\logging.py", line 20, in __call__
    response = await handler(event, data)
               ^^^^^^^^^^^^^^^^^^^^^^^^^^
  File "C:\Users\ANUBIS PC\Desktop\parsing PE411\delivery_bot\middlewares\auth.py", line 28, in __call__
    return await handler(event, data)
           ^^^^^^^^^^^^^^^^^^^^^^^^^^
  File "C:\Users\ANUBIS PC\Desktop\parsing PE411\delivery_bot\venv\Lib\site-packages\aiogram\dispatcher\event\handler.py", line 43, in call
    return await wrapped()
           ^^^^^^^^^^^^^^^
  File "C:\Users\ANUBIS PC\Desktop\parsing PE411\delivery_bot\venv\Lib\site-packages\aiogram\dispatcher\dispatcher.py", line 276, in _listen_update
    return await self.propagate_event(update_type=update_type, event=event, **kwargs)
           ^^^^^^^^^^^^^^^^^^^^^^^^^^^^^^^^^^^^^^^^^^^^^^^^^^^^^^^^^^^^^^^^^^^^^^^^^^
  File "C:\Users\ANUBIS PC\Desktop\parsing PE411\delivery_bot\venv\Lib\site-packages\aiogram\dispatcher\router.py", line 146, in propagate_event
    return await observer.wrap_outer_middleware(_wrapped, event=event, data=kwargs)
           ^^^^^^^^^^^^^^^^^^^^^^^^^^^^^^^^^^^^^^^^^^^^^^^^^^^^^^^^^^^^^^^^^^^^^^^^
  File "C:\Users\ANUBIS PC\Desktop\parsing PE411\delivery_bot\venv\Lib\site-packages\aiogram\dispatcher\router.py", line 141, in _wrapped
    return await self._propagate_event(
           ^^^^^^^^^^^^^^^^^^^^^^^^^^^^
        observer=observer, update_type=update_type, event=telegram_event, **data
        ^^^^^^^^^^^^^^^^^^^^^^^^^^^^^^^^^^^^^^^^^^^^^^^^^^^^^^^^^^^^^^^^^^^^^^^^
    )
    ^
  File "C:\Users\ANUBIS PC\Desktop\parsing PE411\delivery_bot\venv\Lib\site-packages\aiogram\dispatcher\router.py", line 174, in _propagate_event
    response = await router.propagate_event(update_type=update_type, event=event, **kwargs)
               ^^^^^^^^^^^^^^^^^^^^^^^^^^^^^^^^^^^^^^^^^^^^^^^^^^^^^^^^^^^^^^^^^^^^^^^^^^^^
  File "C:\Users\ANUBIS PC\Desktop\parsing PE411\delivery_bot\venv\Lib\site-packages\aiogram\dispatcher\router.py", line 146, in propagate_event
    return await observer.wrap_outer_middleware(_wrapped, event=event, data=kwargs)
           ^^^^^^^^^^^^^^^^^^^^^^^^^^^^^^^^^^^^^^^^^^^^^^^^^^^^^^^^^^^^^^^^^^^^^^^^
  File "C:\Users\ANUBIS PC\Desktop\parsing PE411\delivery_bot\venv\Lib\site-packages\aiogram\dispatcher\router.py", line 141, in _wrapped
    return await self._propagate_event(
           ^^^^^^^^^^^^^^^^^^^^^^^^^^^^
        observer=observer, update_type=update_type, event=telegram_event, **data
        ^^^^^^^^^^^^^^^^^^^^^^^^^^^^^^^^^^^^^^^^^^^^^^^^^^^^^^^^^^^^^^^^^^^^^^^^
    )
    ^
  File "C:\Users\ANUBIS PC\Desktop\parsing PE411\delivery_bot\venv\Lib\site-packages\aiogram\dispatcher\router.py", line 166, in _propagate_event
    response = await observer.trigger(event, **kwargs)
               ^^^^^^^^^^^^^^^^^^^^^^^^^^^^^^^^^^^^^^^
  File "C:\Users\ANUBIS PC\Desktop\parsing PE411\delivery_bot\venv\Lib\site-packages\aiogram\dispatcher\event\telegram.py", line 121, in trigger
    return await wrapped_inner(event, kwargs)
           ^^^^^^^^^^^^^^^^^^^^^^^^^^^^^^^^^^
  File "C:\Users\ANUBIS PC\Desktop\parsing PE411\delivery_bot\venv\Lib\site-packages\aiogram\dispatcher\event\handler.py", line 43, in call
    return await wrapped()
           ^^^^^^^^^^^^^^^
  File "C:\Users\ANUBIS PC\Desktop\parsing PE411\delivery_bot\routers\menu.py", line 52, in category_handler
    category_manager = await CategoryManager
                       ^^^^^^^^^^^^^^^^^^^^^
TypeError: object type can't be used in 'await' expression
2025-11-26 21:40:13,554 - INFO - Update id=946294681 is not handled. Duration 4 ms by bot id=8200360038
2025-11-26 21:40:13,554 - ERROR - Cause exception while process update id=946294681 by bot id=8200360038
TypeError: object type can't be used in 'await' expression
Traceback (most recent call last):
  File "C:\Users\ANUBIS PC\Desktop\parsing PE411\delivery_bot\venv\Lib\site-packages\aiogram\dispatcher\dispatcher.py", line 309, in _process_update
    response = await self.feed_update(bot, update, **kwargs)
               ^^^^^^^^^^^^^^^^^^^^^^^^^^^^^^^^^^^^^^^^^^^^^
  File "C:\Users\ANUBIS PC\Desktop\parsing PE411\delivery_bot\venv\Lib\site-packages\aiogram\dispatcher\dispatcher.py", line 158, in feed_update
    response = await self.update.wrap_outer_middleware(
               ^^^^^^^^^^^^^^^^^^^^^^^^^^^^^^^^^^^^^^^^
    ...<7 lines>...
    )
    ^
  File "C:\Users\ANUBIS PC\Desktop\parsing PE411\delivery_bot\venv\Lib\site-packages\aiogram\dispatcher\middlewares\error.py", line 25, in __call__
    return await handler(event, data)
           ^^^^^^^^^^^^^^^^^^^^^^^^^^
  File "C:\Users\ANUBIS PC\Desktop\parsing PE411\delivery_bot\venv\Lib\site-packages\aiogram\dispatcher\middlewares\user_context.py", line 56, in __call__
    return await handler(event, data)
           ^^^^^^^^^^^^^^^^^^^^^^^^^^
  File "C:\Users\ANUBIS PC\Desktop\parsing PE411\delivery_bot\venv\Lib\site-packages\aiogram\fsm\middleware.py", line 42, in __call__
    return await handler(event, data)
           ^^^^^^^^^^^^^^^^^^^^^^^^^^
  File "C:\Users\ANUBIS PC\Desktop\parsing PE411\delivery_bot\venv\Lib\site-packages\aiogram\dispatcher\event\telegram.py", line 121, in trigger
    return await wrapped_inner(event, kwargs)
           ^^^^^^^^^^^^^^^^^^^^^^^^^^^^^^^^^^
  File "C:\Users\ANUBIS PC\Desktop\parsing PE411\delivery_bot\middlewares\logging.py", line 20, in __call__
    response = await handler(event, data)
               ^^^^^^^^^^^^^^^^^^^^^^^^^^
  File "C:\Users\ANUBIS PC\Desktop\parsing PE411\delivery_bot\middlewares\auth.py", line 28, in __call__
    return await handler(event, data)
           ^^^^^^^^^^^^^^^^^^^^^^^^^^
  File "C:\Users\ANUBIS PC\Desktop\parsing PE411\delivery_bot\venv\Lib\site-packages\aiogram\dispatcher\event\handler.py", line 43, in call
    return await wrapped()
           ^^^^^^^^^^^^^^^
  File "C:\Users\ANUBIS PC\Desktop\parsing PE411\delivery_bot\venv\Lib\site-packages\aiogram\dispatcher\dispatcher.py", line 276, in _listen_update
    return await self.propagate_event(update_type=update_type, event=event, **kwargs)
           ^^^^^^^^^^^^^^^^^^^^^^^^^^^^^^^^^^^^^^^^^^^^^^^^^^^^^^^^^^^^^^^^^^^^^^^^^^
  File "C:\Users\ANUBIS PC\Desktop\parsing PE411\delivery_bot\venv\Lib\site-packages\aiogram\dispatcher\router.py", line 146, in propagate_event
    return await observer.wrap_outer_middleware(_wrapped, event=event, data=kwargs)
           ^^^^^^^^^^^^^^^^^^^^^^^^^^^^^^^^^^^^^^^^^^^^^^^^^^^^^^^^^^^^^^^^^^^^^^^^
  File "C:\Users\ANUBIS PC\Desktop\parsing PE411\delivery_bot\venv\Lib\site-packages\aiogram\dispatcher\router.py", line 141, in _wrapped
    return await self._propagate_event(
           ^^^^^^^^^^^^^^^^^^^^^^^^^^^^
        observer=observer, update_type=update_type, event=telegram_event, **data
        ^^^^^^^^^^^^^^^^^^^^^^^^^^^^^^^^^^^^^^^^^^^^^^^^^^^^^^^^^^^^^^^^^^^^^^^^
    )
    ^
  File "C:\Users\ANUBIS PC\Desktop\parsing PE411\delivery_bot\venv\Lib\site-packages\aiogram\dispatcher\router.py", line 174, in _propagate_event
    response = await router.propagate_event(update_type=update_type, event=event, **kwargs)
               ^^^^^^^^^^^^^^^^^^^^^^^^^^^^^^^^^^^^^^^^^^^^^^^^^^^^^^^^^^^^^^^^^^^^^^^^^^^^
  File "C:\Users\ANUBIS PC\Desktop\parsing PE411\delivery_bot\venv\Lib\site-packages\aiogram\dispatcher\router.py", line 146, in propagate_event
    return await observer.wrap_outer_middleware(_wrapped, event=event, data=kwargs)
           ^^^^^^^^^^^^^^^^^^^^^^^^^^^^^^^^^^^^^^^^^^^^^^^^^^^^^^^^^^^^^^^^^^^^^^^^
  File "C:\Users\ANUBIS PC\Desktop\parsing PE411\delivery_bot\venv\Lib\site-packages\aiogram\dispatcher\router.py", line 141, in _wrapped
    return await self._propagate_event(
           ^^^^^^^^^^^^^^^^^^^^^^^^^^^^
        observer=observer, update_type=update_type, event=telegram_event, **data
        ^^^^^^^^^^^^^^^^^^^^^^^^^^^^^^^^^^^^^^^^^^^^^^^^^^^^^^^^^^^^^^^^^^^^^^^^
    )
    ^
  File "C:\Users\ANUBIS PC\Desktop\parsing PE411\delivery_bot\venv\Lib\site-packages\aiogram\dispatcher\router.py", line 166, in _propagate_event
    response = await observer.trigger(event, **kwargs)
               ^^^^^^^^^^^^^^^^^^^^^^^^^^^^^^^^^^^^^^^
  File "C:\Users\ANUBIS PC\Desktop\parsing PE411\delivery_bot\venv\Lib\site-packages\aiogram\dispatcher\event\telegram.py", line 121, in trigger
    return await wrapped_inner(event, kwargs)
           ^^^^^^^^^^^^^^^^^^^^^^^^^^^^^^^^^^
  File "C:\Users\ANUBIS PC\Desktop\parsing PE411\delivery_bot\venv\Lib\site-packages\aiogram\dispatcher\event\handler.py", line 43, in call
    return await wrapped()
           ^^^^^^^^^^^^^^^
  File "C:\Users\ANUBIS PC\Desktop\parsing PE411\delivery_bot\routers\menu.py", line 52, in category_handler
    category_manager = await CategoryManager
                       ^^^^^^^^^^^^^^^^^^^^^
TypeError: object type can't be used in 'await' expression
2025-11-26 21:40:14,193 - INFO - Update id=946294682 is not handled. Duration 4 ms by bot id=8200360038
2025-11-26 21:40:14,193 - ERROR - Cause exception while process update id=946294682 by bot id=8200360038
TypeError: object type can't be used in 'await' expression
Traceback (most recent call last):
  File "C:\Users\ANUBIS PC\Desktop\parsing PE411\delivery_bot\venv\Lib\site-packages\aiogram\dispatcher\dispatcher.py", line 309, in _process_update
    response = await self.feed_update(bot, update, **kwargs)
               ^^^^^^^^^^^^^^^^^^^^^^^^^^^^^^^^^^^^^^^^^^^^^
  File "C:\Users\ANUBIS PC\Desktop\parsing PE411\delivery_bot\venv\Lib\site-packages\aiogram\dispatcher\dispatcher.py", line 158, in feed_update
    response = await self.update.wrap_outer_middleware(
               ^^^^^^^^^^^^^^^^^^^^^^^^^^^^^^^^^^^^^^^^
    ...<7 lines>...
    )
    ^
  File "C:\Users\ANUBIS PC\Desktop\parsing PE411\delivery_bot\venv\Lib\site-packages\aiogram\dispatcher\middlewares\error.py", line 25, in __call__
    return await handler(event, data)
           ^^^^^^^^^^^^^^^^^^^^^^^^^^
  File "C:\Users\ANUBIS PC\Desktop\parsing PE411\delivery_bot\venv\Lib\site-packages\aiogram\dispatcher\middlewares\user_context.py", line 56, in __call__
    return await handler(event, data)
           ^^^^^^^^^^^^^^^^^^^^^^^^^^
  File "C:\Users\ANUBIS PC\Desktop\parsing PE411\delivery_bot\venv\Lib\site-packages\aiogram\fsm\middleware.py", line 42, in __call__
    return await handler(event, data)
           ^^^^^^^^^^^^^^^^^^^^^^^^^^
  File "C:\Users\ANUBIS PC\Desktop\parsing PE411\delivery_bot\venv\Lib\site-packages\aiogram\dispatcher\event\telegram.py", line 121, in trigger
    return await wrapped_inner(event, kwargs)
           ^^^^^^^^^^^^^^^^^^^^^^^^^^^^^^^^^^
  File "C:\Users\ANUBIS PC\Desktop\parsing PE411\delivery_bot\middlewares\logging.py", line 20, in __call__
    response = await handler(event, data)
               ^^^^^^^^^^^^^^^^^^^^^^^^^^
  File "C:\Users\ANUBIS PC\Desktop\parsing PE411\delivery_bot\middlewares\auth.py", line 28, in __call__
    return await handler(event, data)
           ^^^^^^^^^^^^^^^^^^^^^^^^^^
  File "C:\Users\ANUBIS PC\Desktop\parsing PE411\delivery_bot\venv\Lib\site-packages\aiogram\dispatcher\event\handler.py", line 43, in call
    return await wrapped()
           ^^^^^^^^^^^^^^^
  File "C:\Users\ANUBIS PC\Desktop\parsing PE411\delivery_bot\venv\Lib\site-packages\aiogram\dispatcher\dispatcher.py", line 276, in _listen_update
    return await self.propagate_event(update_type=update_type, event=event, **kwargs)
           ^^^^^^^^^^^^^^^^^^^^^^^^^^^^^^^^^^^^^^^^^^^^^^^^^^^^^^^^^^^^^^^^^^^^^^^^^^
  File "C:\Users\ANUBIS PC\Desktop\parsing PE411\delivery_bot\venv\Lib\site-packages\aiogram\dispatcher\router.py", line 146, in propagate_event
    return await observer.wrap_outer_middleware(_wrapped, event=event, data=kwargs)
           ^^^^^^^^^^^^^^^^^^^^^^^^^^^^^^^^^^^^^^^^^^^^^^^^^^^^^^^^^^^^^^^^^^^^^^^^
  File "C:\Users\ANUBIS PC\Desktop\parsing PE411\delivery_bot\venv\Lib\site-packages\aiogram\dispatcher\router.py", line 141, in _wrapped
    return await self._propagate_event(
           ^^^^^^^^^^^^^^^^^^^^^^^^^^^^
        observer=observer, update_type=update_type, event=telegram_event, **data
        ^^^^^^^^^^^^^^^^^^^^^^^^^^^^^^^^^^^^^^^^^^^^^^^^^^^^^^^^^^^^^^^^^^^^^^^^
    )
    ^
  File "C:\Users\ANUBIS PC\Desktop\parsing PE411\delivery_bot\venv\Lib\site-packages\aiogram\dispatcher\router.py", line 174, in _propagate_event
    response = await router.propagate_event(update_type=update_type, event=event, **kwargs)
               ^^^^^^^^^^^^^^^^^^^^^^^^^^^^^^^^^^^^^^^^^^^^^^^^^^^^^^^^^^^^^^^^^^^^^^^^^^^^
  File "C:\Users\ANUBIS PC\Desktop\parsing PE411\delivery_bot\venv\Lib\site-packages\aiogram\dispatcher\router.py", line 146, in propagate_event
    return await observer.wrap_outer_middleware(_wrapped, event=event, data=kwargs)
           ^^^^^^^^^^^^^^^^^^^^^^^^^^^^^^^^^^^^^^^^^^^^^^^^^^^^^^^^^^^^^^^^^^^^^^^^
  File "C:\Users\ANUBIS PC\Desktop\parsing PE411\delivery_bot\venv\Lib\site-packages\aiogram\dispatcher\router.py", line 141, in _wrapped
    return await self._propagate_event(
           ^^^^^^^^^^^^^^^^^^^^^^^^^^^^
        observer=observer, update_type=update_type, event=telegram_event, **data
        ^^^^^^^^^^^^^^^^^^^^^^^^^^^^^^^^^^^^^^^^^^^^^^^^^^^^^^^^^^^^^^^^^^^^^^^^
    )
    ^
  File "C:\Users\ANUBIS PC\Desktop\parsing PE411\delivery_bot\venv\Lib\site-packages\aiogram\dispatcher\router.py", line 166, in _propagate_event
    response = await observer.trigger(event, **kwargs)
               ^^^^^^^^^^^^^^^^^^^^^^^^^^^^^^^^^^^^^^^
  File "C:\Users\ANUBIS PC\Desktop\parsing PE411\delivery_bot\venv\Lib\site-packages\aiogram\dispatcher\event\telegram.py", line 121, in trigger
    return await wrapped_inner(event, kwargs)
           ^^^^^^^^^^^^^^^^^^^^^^^^^^^^^^^^^^
  File "C:\Users\ANUBIS PC\Desktop\parsing PE411\delivery_bot\venv\Lib\site-packages\aiogram\dispatcher\event\handler.py", line 43, in call
    return await wrapped()
           ^^^^^^^^^^^^^^^
  File "C:\Users\ANUBIS PC\Desktop\parsing PE411\delivery_bot\routers\menu.py", line 52, in category_handler
    category_manager = await CategoryManager
                       ^^^^^^^^^^^^^^^^^^^^^
TypeError: object type can't be used in 'await' expression
2025-11-26 21:40:14,417 - INFO - Update id=946294683 is not handled. Duration 4 ms by bot id=8200360038
2025-11-26 21:40:14,418 - ERROR - Cause exception while process update id=946294683 by bot id=8200360038
TypeError: object type can't be used in 'await' expression
Traceback (most recent call last):
  File "C:\Users\ANUBIS PC\Desktop\parsing PE411\delivery_bot\venv\Lib\site-packages\aiogram\dispatcher\dispatcher.py", line 309, in _process_update
    response = await self.feed_update(bot, update, **kwargs)
               ^^^^^^^^^^^^^^^^^^^^^^^^^^^^^^^^^^^^^^^^^^^^^
  File "C:\Users\ANUBIS PC\Desktop\parsing PE411\delivery_bot\venv\Lib\site-packages\aiogram\dispatcher\dispatcher.py", line 158, in feed_update
    response = await self.update.wrap_outer_middleware(
               ^^^^^^^^^^^^^^^^^^^^^^^^^^^^^^^^^^^^^^^^
    ...<7 lines>...
    )
    ^
  File "C:\Users\ANUBIS PC\Desktop\parsing PE411\delivery_bot\venv\Lib\site-packages\aiogram\dispatcher\middlewares\error.py", line 25, in __call__
    return await handler(event, data)
           ^^^^^^^^^^^^^^^^^^^^^^^^^^
  File "C:\Users\ANUBIS PC\Desktop\parsing PE411\delivery_bot\venv\Lib\site-packages\aiogram\dispatcher\middlewares\user_context.py", line 56, in __call__
    return await handler(event, data)
           ^^^^^^^^^^^^^^^^^^^^^^^^^^
  File "C:\Users\ANUBIS PC\Desktop\parsing PE411\delivery_bot\venv\Lib\site-packages\aiogram\fsm\middleware.py", line 42, in __call__
    return await handler(event, data)
           ^^^^^^^^^^^^^^^^^^^^^^^^^^
  File "C:\Users\ANUBIS PC\Desktop\parsing PE411\delivery_bot\venv\Lib\site-packages\aiogram\dispatcher\event\telegram.py", line 121, in trigger
    return await wrapped_inner(event, kwargs)
           ^^^^^^^^^^^^^^^^^^^^^^^^^^^^^^^^^^
  File "C:\Users\ANUBIS PC\Desktop\parsing PE411\delivery_bot\middlewares\logging.py", line 20, in __call__
    response = await handler(event, data)
               ^^^^^^^^^^^^^^^^^^^^^^^^^^
  File "C:\Users\ANUBIS PC\Desktop\parsing PE411\delivery_bot\middlewares\auth.py", line 28, in __call__
    return await handler(event, data)
           ^^^^^^^^^^^^^^^^^^^^^^^^^^
  File "C:\Users\ANUBIS PC\Desktop\parsing PE411\delivery_bot\venv\Lib\site-packages\aiogram\dispatcher\event\handler.py", line 43, in call
    return await wrapped()
           ^^^^^^^^^^^^^^^
  File "C:\Users\ANUBIS PC\Desktop\parsing PE411\delivery_bot\venv\Lib\site-packages\aiogram\dispatcher\dispatcher.py", line 276, in _listen_update
    return await self.propagate_event(update_type=update_type, event=event, **kwargs)
           ^^^^^^^^^^^^^^^^^^^^^^^^^^^^^^^^^^^^^^^^^^^^^^^^^^^^^^^^^^^^^^^^^^^^^^^^^^
  File "C:\Users\ANUBIS PC\Desktop\parsing PE411\delivery_bot\venv\Lib\site-packages\aiogram\dispatcher\router.py", line 146, in propagate_event
    return await observer.wrap_outer_middleware(_wrapped, event=event, data=kwargs)
           ^^^^^^^^^^^^^^^^^^^^^^^^^^^^^^^^^^^^^^^^^^^^^^^^^^^^^^^^^^^^^^^^^^^^^^^^
  File "C:\Users\ANUBIS PC\Desktop\parsing PE411\delivery_bot\venv\Lib\site-packages\aiogram\dispatcher\router.py", line 141, in _wrapped
    return await self._propagate_event(
           ^^^^^^^^^^^^^^^^^^^^^^^^^^^^
        observer=observer, update_type=update_type, event=telegram_event, **data
        ^^^^^^^^^^^^^^^^^^^^^^^^^^^^^^^^^^^^^^^^^^^^^^^^^^^^^^^^^^^^^^^^^^^^^^^^
    )
    ^
  File "C:\Users\ANUBIS PC\Desktop\parsing PE411\delivery_bot\venv\Lib\site-packages\aiogram\dispatcher\router.py", line 174, in _propagate_event
    response = await router.propagate_event(update_type=update_type, event=event, **kwargs)
               ^^^^^^^^^^^^^^^^^^^^^^^^^^^^^^^^^^^^^^^^^^^^^^^^^^^^^^^^^^^^^^^^^^^^^^^^^^^^
  File "C:\Users\ANUBIS PC\Desktop\parsing PE411\delivery_bot\venv\Lib\site-packages\aiogram\dispatcher\router.py", line 146, in propagate_event
    return await observer.wrap_outer_middleware(_wrapped, event=event, data=kwargs)
           ^^^^^^^^^^^^^^^^^^^^^^^^^^^^^^^^^^^^^^^^^^^^^^^^^^^^^^^^^^^^^^^^^^^^^^^^
  File "C:\Users\ANUBIS PC\Desktop\parsing PE411\delivery_bot\venv\Lib\site-packages\aiogram\dispatcher\router.py", line 141, in _wrapped
    return await self._propagate_event(
           ^^^^^^^^^^^^^^^^^^^^^^^^^^^^
        observer=observer, update_type=update_type, event=telegram_event, **data
        ^^^^^^^^^^^^^^^^^^^^^^^^^^^^^^^^^^^^^^^^^^^^^^^^^^^^^^^^^^^^^^^^^^^^^^^^
    )
    ^
  File "C:\Users\ANUBIS PC\Desktop\parsing PE411\delivery_bot\venv\Lib\site-packages\aiogram\dispatcher\router.py", line 166, in _propagate_event
    response = await observer.trigger(event, **kwargs)
               ^^^^^^^^^^^^^^^^^^^^^^^^^^^^^^^^^^^^^^^
  File "C:\Users\ANUBIS PC\Desktop\parsing PE411\delivery_bot\venv\Lib\site-packages\aiogram\dispatcher\event\telegram.py", line 121, in trigger
    return await wrapped_inner(event, kwargs)
           ^^^^^^^^^^^^^^^^^^^^^^^^^^^^^^^^^^
  File "C:\Users\ANUBIS PC\Desktop\parsing PE411\delivery_bot\venv\Lib\site-packages\aiogram\dispatcher\event\handler.py", line 43, in call
    return await wrapped()
           ^^^^^^^^^^^^^^^
  File "C:\Users\ANUBIS PC\Desktop\parsing PE411\delivery_bot\routers\menu.py", line 52, in category_handler
    category_manager = await CategoryManager
                       ^^^^^^^^^^^^^^^^^^^^^
TypeError: object type can't be used in 'await' expression
2025-11-26 21:40:14,818 - INFO - Update id=946294684 is not handled. Duration 4 ms by bot id=8200360038
2025-11-26 21:40:14,818 - ERROR - Cause exception while process update id=946294684 by bot id=8200360038
TypeError: object type can't be used in 'await' expression
Traceback (most recent call last):
  File "C:\Users\ANUBIS PC\Desktop\parsing PE411\delivery_bot\venv\Lib\site-packages\aiogram\dispatcher\dispatcher.py", line 309, in _process_update
    response = await self.feed_update(bot, update, **kwargs)
               ^^^^^^^^^^^^^^^^^^^^^^^^^^^^^^^^^^^^^^^^^^^^^
  File "C:\Users\ANUBIS PC\Desktop\parsing PE411\delivery_bot\venv\Lib\site-packages\aiogram\dispatcher\dispatcher.py", line 158, in feed_update
    response = await self.update.wrap_outer_middleware(
               ^^^^^^^^^^^^^^^^^^^^^^^^^^^^^^^^^^^^^^^^
    ...<7 lines>...
    )
    ^
  File "C:\Users\ANUBIS PC\Desktop\parsing PE411\delivery_bot\venv\Lib\site-packages\aiogram\dispatcher\middlewares\error.py", line 25, in __call__
    return await handler(event, data)
           ^^^^^^^^^^^^^^^^^^^^^^^^^^
  File "C:\Users\ANUBIS PC\Desktop\parsing PE411\delivery_bot\venv\Lib\site-packages\aiogram\dispatcher\middlewares\user_context.py", line 56, in __call__
    return await handler(event, data)
           ^^^^^^^^^^^^^^^^^^^^^^^^^^
  File "C:\Users\ANUBIS PC\Desktop\parsing PE411\delivery_bot\venv\Lib\site-packages\aiogram\fsm\middleware.py", line 42, in __call__
    return await handler(event, data)
           ^^^^^^^^^^^^^^^^^^^^^^^^^^
  File "C:\Users\ANUBIS PC\Desktop\parsing PE411\delivery_bot\venv\Lib\site-packages\aiogram\dispatcher\event\telegram.py", line 121, in trigger
    return await wrapped_inner(event, kwargs)
           ^^^^^^^^^^^^^^^^^^^^^^^^^^^^^^^^^^
  File "C:\Users\ANUBIS PC\Desktop\parsing PE411\delivery_bot\middlewares\logging.py", line 20, in __call__
    response = await handler(event, data)
               ^^^^^^^^^^^^^^^^^^^^^^^^^^
  File "C:\Users\ANUBIS PC\Desktop\parsing PE411\delivery_bot\middlewares\auth.py", line 28, in __call__
    return await handler(event, data)
           ^^^^^^^^^^^^^^^^^^^^^^^^^^
  File "C:\Users\ANUBIS PC\Desktop\parsing PE411\delivery_bot\venv\Lib\site-packages\aiogram\dispatcher\event\handler.py", line 43, in call
    return await wrapped()
           ^^^^^^^^^^^^^^^
  File "C:\Users\ANUBIS PC\Desktop\parsing PE411\delivery_bot\venv\Lib\site-packages\aiogram\dispatcher\dispatcher.py", line 276, in _listen_update
    return await self.propagate_event(update_type=update_type, event=event, **kwargs)
           ^^^^^^^^^^^^^^^^^^^^^^^^^^^^^^^^^^^^^^^^^^^^^^^^^^^^^^^^^^^^^^^^^^^^^^^^^^
  File "C:\Users\ANUBIS PC\Desktop\parsing PE411\delivery_bot\venv\Lib\site-packages\aiogram\dispatcher\router.py", line 146, in propagate_event
    return await observer.wrap_outer_middleware(_wrapped, event=event, data=kwargs)
           ^^^^^^^^^^^^^^^^^^^^^^^^^^^^^^^^^^^^^^^^^^^^^^^^^^^^^^^^^^^^^^^^^^^^^^^^
  File "C:\Users\ANUBIS PC\Desktop\parsing PE411\delivery_bot\venv\Lib\site-packages\aiogram\dispatcher\router.py", line 141, in _wrapped
    return await self._propagate_event(
           ^^^^^^^^^^^^^^^^^^^^^^^^^^^^
        observer=observer, update_type=update_type, event=telegram_event, **data
        ^^^^^^^^^^^^^^^^^^^^^^^^^^^^^^^^^^^^^^^^^^^^^^^^^^^^^^^^^^^^^^^^^^^^^^^^
    )
    ^
  File "C:\Users\ANUBIS PC\Desktop\parsing PE411\delivery_bot\venv\Lib\site-packages\aiogram\dispatcher\router.py", line 174, in _propagate_event
    response = await router.propagate_event(update_type=update_type, event=event, **kwargs)
               ^^^^^^^^^^^^^^^^^^^^^^^^^^^^^^^^^^^^^^^^^^^^^^^^^^^^^^^^^^^^^^^^^^^^^^^^^^^^
  File "C:\Users\ANUBIS PC\Desktop\parsing PE411\delivery_bot\venv\Lib\site-packages\aiogram\dispatcher\router.py", line 146, in propagate_event
    return await observer.wrap_outer_middleware(_wrapped, event=event, data=kwargs)
           ^^^^^^^^^^^^^^^^^^^^^^^^^^^^^^^^^^^^^^^^^^^^^^^^^^^^^^^^^^^^^^^^^^^^^^^^
  File "C:\Users\ANUBIS PC\Desktop\parsing PE411\delivery_bot\venv\Lib\site-packages\aiogram\dispatcher\router.py", line 141, in _wrapped
    return await self._propagate_event(
           ^^^^^^^^^^^^^^^^^^^^^^^^^^^^
        observer=observer, update_type=update_type, event=telegram_event, **data
        ^^^^^^^^^^^^^^^^^^^^^^^^^^^^^^^^^^^^^^^^^^^^^^^^^^^^^^^^^^^^^^^^^^^^^^^^
    )
    ^
  File "C:\Users\ANUBIS PC\Desktop\parsing PE411\delivery_bot\venv\Lib\site-packages\aiogram\dispatcher\router.py", line 166, in _propagate_event
    response = await observer.trigger(event, **kwargs)
               ^^^^^^^^^^^^^^^^^^^^^^^^^^^^^^^^^^^^^^^
  File "C:\Users\ANUBIS PC\Desktop\parsing PE411\delivery_bot\venv\Lib\site-packages\aiogram\dispatcher\event\telegram.py", line 121, in trigger
    return await wrapped_inner(event, kwargs)
           ^^^^^^^^^^^^^^^^^^^^^^^^^^^^^^^^^^
  File "C:\Users\ANUBIS PC\Desktop\parsing PE411\delivery_bot\venv\Lib\site-packages\aiogram\dispatcher\event\handler.py", line 43, in call
    return await wrapped()
           ^^^^^^^^^^^^^^^
  File "C:\Users\ANUBIS PC\Desktop\parsing PE411\delivery_bot\routers\menu.py", line 52, in category_handler
    category_manager = await CategoryManager
                       ^^^^^^^^^^^^^^^^^^^^^
TypeError: object type can't be used in 'await' expression
2025-11-26 21:40:15,217 - INFO - Update id=946294685 is not handled. Duration 4 ms by bot id=8200360038
2025-11-26 21:40:15,217 - ERROR - Cause exception while process update id=946294685 by bot id=8200360038
TypeError: object type can't be used in 'await' expression
Traceback (most recent call last):
  File "C:\Users\ANUBIS PC\Desktop\parsing PE411\delivery_bot\venv\Lib\site-packages\aiogram\dispatcher\dispatcher.py", line 309, in _process_update
    response = await self.feed_update(bot, update, **kwargs)
               ^^^^^^^^^^^^^^^^^^^^^^^^^^^^^^^^^^^^^^^^^^^^^
  File "C:\Users\ANUBIS PC\Desktop\parsing PE411\delivery_bot\venv\Lib\site-packages\aiogram\dispatcher\dispatcher.py", line 158, in feed_update
    response = await self.update.wrap_outer_middleware(
               ^^^^^^^^^^^^^^^^^^^^^^^^^^^^^^^^^^^^^^^^
    ...<7 lines>...
    )
    ^
  File "C:\Users\ANUBIS PC\Desktop\parsing PE411\delivery_bot\venv\Lib\site-packages\aiogram\dispatcher\middlewares\error.py", line 25, in __call__
    return await handler(event, data)
           ^^^^^^^^^^^^^^^^^^^^^^^^^^
  File "C:\Users\ANUBIS PC\Desktop\parsing PE411\delivery_bot\venv\Lib\site-packages\aiogram\dispatcher\middlewares\user_context.py", line 56, in __call__
    return await handler(event, data)
           ^^^^^^^^^^^^^^^^^^^^^^^^^^
  File "C:\Users\ANUBIS PC\Desktop\parsing PE411\delivery_bot\venv\Lib\site-packages\aiogram\fsm\middleware.py", line 42, in __call__
    return await handler(event, data)
           ^^^^^^^^^^^^^^^^^^^^^^^^^^
  File "C:\Users\ANUBIS PC\Desktop\parsing PE411\delivery_bot\venv\Lib\site-packages\aiogram\dispatcher\event\telegram.py", line 121, in trigger
    return await wrapped_inner(event, kwargs)
           ^^^^^^^^^^^^^^^^^^^^^^^^^^^^^^^^^^
  File "C:\Users\ANUBIS PC\Desktop\parsing PE411\delivery_bot\middlewares\logging.py", line 20, in __call__
    response = await handler(event, data)
               ^^^^^^^^^^^^^^^^^^^^^^^^^^
  File "C:\Users\ANUBIS PC\Desktop\parsing PE411\delivery_bot\middlewares\auth.py", line 28, in __call__
    return await handler(event, data)
           ^^^^^^^^^^^^^^^^^^^^^^^^^^
  File "C:\Users\ANUBIS PC\Desktop\parsing PE411\delivery_bot\venv\Lib\site-packages\aiogram\dispatcher\event\handler.py", line 43, in call
    return await wrapped()
           ^^^^^^^^^^^^^^^
  File "C:\Users\ANUBIS PC\Desktop\parsing PE411\delivery_bot\venv\Lib\site-packages\aiogram\dispatcher\dispatcher.py", line 276, in _listen_update
    return await self.propagate_event(update_type=update_type, event=event, **kwargs)
           ^^^^^^^^^^^^^^^^^^^^^^^^^^^^^^^^^^^^^^^^^^^^^^^^^^^^^^^^^^^^^^^^^^^^^^^^^^
  File "C:\Users\ANUBIS PC\Desktop\parsing PE411\delivery_bot\venv\Lib\site-packages\aiogram\dispatcher\router.py", line 146, in propagate_event
    return await observer.wrap_outer_middleware(_wrapped, event=event, data=kwargs)
           ^^^^^^^^^^^^^^^^^^^^^^^^^^^^^^^^^^^^^^^^^^^^^^^^^^^^^^^^^^^^^^^^^^^^^^^^
  File "C:\Users\ANUBIS PC\Desktop\parsing PE411\delivery_bot\venv\Lib\site-packages\aiogram\dispatcher\router.py", line 141, in _wrapped
    return await self._propagate_event(
           ^^^^^^^^^^^^^^^^^^^^^^^^^^^^
        observer=observer, update_type=update_type, event=telegram_event, **data
        ^^^^^^^^^^^^^^^^^^^^^^^^^^^^^^^^^^^^^^^^^^^^^^^^^^^^^^^^^^^^^^^^^^^^^^^^
    )
    ^
  File "C:\Users\ANUBIS PC\Desktop\parsing PE411\delivery_bot\venv\Lib\site-packages\aiogram\dispatcher\router.py", line 174, in _propagate_event
    response = await router.propagate_event(update_type=update_type, event=event, **kwargs)
               ^^^^^^^^^^^^^^^^^^^^^^^^^^^^^^^^^^^^^^^^^^^^^^^^^^^^^^^^^^^^^^^^^^^^^^^^^^^^
  File "C:\Users\ANUBIS PC\Desktop\parsing PE411\delivery_bot\venv\Lib\site-packages\aiogram\dispatcher\router.py", line 146, in propagate_event
    return await observer.wrap_outer_middleware(_wrapped, event=event, data=kwargs)
           ^^^^^^^^^^^^^^^^^^^^^^^^^^^^^^^^^^^^^^^^^^^^^^^^^^^^^^^^^^^^^^^^^^^^^^^^
  File "C:\Users\ANUBIS PC\Desktop\parsing PE411\delivery_bot\venv\Lib\site-packages\aiogram\dispatcher\router.py", line 141, in _wrapped
    return await self._propagate_event(
           ^^^^^^^^^^^^^^^^^^^^^^^^^^^^
        observer=observer, update_type=update_type, event=telegram_event, **data
        ^^^^^^^^^^^^^^^^^^^^^^^^^^^^^^^^^^^^^^^^^^^^^^^^^^^^^^^^^^^^^^^^^^^^^^^^
    )
    ^
  File "C:\Users\ANUBIS PC\Desktop\parsing PE411\delivery_bot\venv\Lib\site-packages\aiogram\dispatcher\router.py", line 166, in _propagate_event
    response = await observer.trigger(event, **kwargs)
               ^^^^^^^^^^^^^^^^^^^^^^^^^^^^^^^^^^^^^^^
  File "C:\Users\ANUBIS PC\Desktop\parsing PE411\delivery_bot\venv\Lib\site-packages\aiogram\dispatcher\event\telegram.py", line 121, in trigger
    return await wrapped_inner(event, kwargs)
           ^^^^^^^^^^^^^^^^^^^^^^^^^^^^^^^^^^
  File "C:\Users\ANUBIS PC\Desktop\parsing PE411\delivery_bot\venv\Lib\site-packages\aiogram\dispatcher\event\handler.py", line 43, in call
    return await wrapped()
           ^^^^^^^^^^^^^^^
  File "C:\Users\ANUBIS PC\Desktop\parsing PE411\delivery_bot\routers\menu.py", line 52, in category_handler
    category_manager = await CategoryManager
                       ^^^^^^^^^^^^^^^^^^^^^
TypeError: object type can't be used in 'await' expression
2025-11-26 21:40:15,509 - INFO - Update id=946294686 is not handled. Duration 4 ms by bot id=8200360038
2025-11-26 21:40:15,510 - ERROR - Cause exception while process update id=946294686 by bot id=8200360038
TypeError: object type can't be used in 'await' expression
Traceback (most recent call last):
  File "C:\Users\ANUBIS PC\Desktop\parsing PE411\delivery_bot\venv\Lib\site-packages\aiogram\dispatcher\dispatcher.py", line 309, in _process_update
    response = await self.feed_update(bot, update, **kwargs)
               ^^^^^^^^^^^^^^^^^^^^^^^^^^^^^^^^^^^^^^^^^^^^^
  File "C:\Users\ANUBIS PC\Desktop\parsing PE411\delivery_bot\venv\Lib\site-packages\aiogram\dispatcher\dispatcher.py", line 158, in feed_update
    response = await self.update.wrap_outer_middleware(
               ^^^^^^^^^^^^^^^^^^^^^^^^^^^^^^^^^^^^^^^^
    ...<7 lines>...
    )
    ^
  File "C:\Users\ANUBIS PC\Desktop\parsing PE411\delivery_bot\venv\Lib\site-packages\aiogram\dispatcher\middlewares\error.py", line 25, in __call__
    return await handler(event, data)
           ^^^^^^^^^^^^^^^^^^^^^^^^^^
  File "C:\Users\ANUBIS PC\Desktop\parsing PE411\delivery_bot\venv\Lib\site-packages\aiogram\dispatcher\middlewares\user_context.py", line 56, in __call__
    return await handler(event, data)
           ^^^^^^^^^^^^^^^^^^^^^^^^^^
  File "C:\Users\ANUBIS PC\Desktop\parsing PE411\delivery_bot\venv\Lib\site-packages\aiogram\fsm\middleware.py", line 42, in __call__
    return await handler(event, data)
           ^^^^^^^^^^^^^^^^^^^^^^^^^^
  File "C:\Users\ANUBIS PC\Desktop\parsing PE411\delivery_bot\venv\Lib\site-packages\aiogram\dispatcher\event\telegram.py", line 121, in trigger
    return await wrapped_inner(event, kwargs)
           ^^^^^^^^^^^^^^^^^^^^^^^^^^^^^^^^^^
  File "C:\Users\ANUBIS PC\Desktop\parsing PE411\delivery_bot\middlewares\logging.py", line 20, in __call__
    response = await handler(event, data)
               ^^^^^^^^^^^^^^^^^^^^^^^^^^
  File "C:\Users\ANUBIS PC\Desktop\parsing PE411\delivery_bot\middlewares\auth.py", line 28, in __call__
    return await handler(event, data)
           ^^^^^^^^^^^^^^^^^^^^^^^^^^
  File "C:\Users\ANUBIS PC\Desktop\parsing PE411\delivery_bot\venv\Lib\site-packages\aiogram\dispatcher\event\handler.py", line 43, in call
    return await wrapped()
           ^^^^^^^^^^^^^^^
  File "C:\Users\ANUBIS PC\Desktop\parsing PE411\delivery_bot\venv\Lib\site-packages\aiogram\dispatcher\dispatcher.py", line 276, in _listen_update
    return await self.propagate_event(update_type=update_type, event=event, **kwargs)
           ^^^^^^^^^^^^^^^^^^^^^^^^^^^^^^^^^^^^^^^^^^^^^^^^^^^^^^^^^^^^^^^^^^^^^^^^^^
  File "C:\Users\ANUBIS PC\Desktop\parsing PE411\delivery_bot\venv\Lib\site-packages\aiogram\dispatcher\router.py", line 146, in propagate_event
    return await observer.wrap_outer_middleware(_wrapped, event=event, data=kwargs)
           ^^^^^^^^^^^^^^^^^^^^^^^^^^^^^^^^^^^^^^^^^^^^^^^^^^^^^^^^^^^^^^^^^^^^^^^^
  File "C:\Users\ANUBIS PC\Desktop\parsing PE411\delivery_bot\venv\Lib\site-packages\aiogram\dispatcher\router.py", line 141, in _wrapped
    return await self._propagate_event(
           ^^^^^^^^^^^^^^^^^^^^^^^^^^^^
        observer=observer, update_type=update_type, event=telegram_event, **data
        ^^^^^^^^^^^^^^^^^^^^^^^^^^^^^^^^^^^^^^^^^^^^^^^^^^^^^^^^^^^^^^^^^^^^^^^^
    )
    ^
  File "C:\Users\ANUBIS PC\Desktop\parsing PE411\delivery_bot\venv\Lib\site-packages\aiogram\dispatcher\router.py", line 174, in _propagate_event
    response = await router.propagate_event(update_type=update_type, event=event, **kwargs)
               ^^^^^^^^^^^^^^^^^^^^^^^^^^^^^^^^^^^^^^^^^^^^^^^^^^^^^^^^^^^^^^^^^^^^^^^^^^^^
  File "C:\Users\ANUBIS PC\Desktop\parsing PE411\delivery_bot\venv\Lib\site-packages\aiogram\dispatcher\router.py", line 146, in propagate_event
    return await observer.wrap_outer_middleware(_wrapped, event=event, data=kwargs)
           ^^^^^^^^^^^^^^^^^^^^^^^^^^^^^^^^^^^^^^^^^^^^^^^^^^^^^^^^^^^^^^^^^^^^^^^^
  File "C:\Users\ANUBIS PC\Desktop\parsing PE411\delivery_bot\venv\Lib\site-packages\aiogram\dispatcher\router.py", line 141, in _wrapped
    return await self._propagate_event(
           ^^^^^^^^^^^^^^^^^^^^^^^^^^^^
        observer=observer, update_type=update_type, event=telegram_event, **data
        ^^^^^^^^^^^^^^^^^^^^^^^^^^^^^^^^^^^^^^^^^^^^^^^^^^^^^^^^^^^^^^^^^^^^^^^^
    )
    ^
  File "C:\Users\ANUBIS PC\Desktop\parsing PE411\delivery_bot\venv\Lib\site-packages\aiogram\dispatcher\router.py", line 166, in _propagate_event
    response = await observer.trigger(event, **kwargs)
               ^^^^^^^^^^^^^^^^^^^^^^^^^^^^^^^^^^^^^^^
  File "C:\Users\ANUBIS PC\Desktop\parsing PE411\delivery_bot\venv\Lib\site-packages\aiogram\dispatcher\event\telegram.py", line 121, in trigger
    return await wrapped_inner(event, kwargs)
           ^^^^^^^^^^^^^^^^^^^^^^^^^^^^^^^^^^
  File "C:\Users\ANUBIS PC\Desktop\parsing PE411\delivery_bot\venv\Lib\site-packages\aiogram\dispatcher\event\handler.py", line 43, in call
    return await wrapped()
           ^^^^^^^^^^^^^^^
  File "C:\Users\ANUBIS PC\Desktop\parsing PE411\delivery_bot\routers\menu.py", line 52, in category_handler
    category_manager = await CategoryManager
                       ^^^^^^^^^^^^^^^^^^^^^
TypeError: object type can't be used in 'await' expression
2025-11-26 21:40:20,559 - INFO - CALLBACK: 128.58915328979492ms
2025-11-26 21:40:20,559 - INFO - Update id=946294687 is handled. Duration 129 ms by bot id=8200360038
2025-11-26 21:41:45,056 - INFO - Polling stopped
2025-11-26 21:41:45,057 - ERROR - Failed to fetch updates - TelegramNetworkError: HTTP Client says - ServerDisconnectedError: Server disconnected
2025-11-26 21:41:45,057 - WARNING - Sleep for 1.000000 seconds and try again... (tryings = 0, bot id = 8200360038)
2025-11-26 21:41:45,317 - INFO - Polling stopped for bot @pe411_bot id=8200360038 - 'pe411'
2025-11-26 21:41:52,433 - INFO - MESSAGE: 538.2874011993408ms
2025-11-26 21:41:52,433 - INFO - Update id=946294688 is handled. Duration 540 ms by bot id=8200360038
2025-11-26 21:41:54,531 - INFO - CALLBACK: 240.9672737121582ms
2025-11-26 21:41:54,531 - INFO - Update id=946294689 is handled. Duration 241 ms by bot id=8200360038
2025-11-26 21:41:55,937 - INFO - Update id=946294690 is not handled. Duration 73 ms by bot id=8200360038
2025-11-26 21:41:55,937 - ERROR - Cause exception while process update id=946294690 by bot id=8200360038
AttributeError: 'list' object has no attribute 'get'
Traceback (most recent call last):
  File "C:\Users\ANUBIS PC\Desktop\parsing PE411\delivery_bot\venv\Lib\site-packages\aiogram\dispatcher\dispatcher.py", line 309, in _process_update
    response = await self.feed_update(bot, update, **kwargs)
               ^^^^^^^^^^^^^^^^^^^^^^^^^^^^^^^^^^^^^^^^^^^^^
  File "C:\Users\ANUBIS PC\Desktop\parsing PE411\delivery_bot\venv\Lib\site-packages\aiogram\dispatcher\dispatcher.py", line 158, in feed_update
    response = await self.update.wrap_outer_middleware(
               ^^^^^^^^^^^^^^^^^^^^^^^^^^^^^^^^^^^^^^^^
    ...<7 lines>...
    )
    ^
  File "C:\Users\ANUBIS PC\Desktop\parsing PE411\delivery_bot\venv\Lib\site-packages\aiogram\dispatcher\middlewares\error.py", line 25, in __call__
    return await handler(event, data)
           ^^^^^^^^^^^^^^^^^^^^^^^^^^
  File "C:\Users\ANUBIS PC\Desktop\parsing PE411\delivery_bot\venv\Lib\site-packages\aiogram\dispatcher\middlewares\user_context.py", line 56, in __call__
    return await handler(event, data)
           ^^^^^^^^^^^^^^^^^^^^^^^^^^
  File "C:\Users\ANUBIS PC\Desktop\parsing PE411\delivery_bot\venv\Lib\site-packages\aiogram\fsm\middleware.py", line 42, in __call__
    return await handler(event, data)
           ^^^^^^^^^^^^^^^^^^^^^^^^^^
  File "C:\Users\ANUBIS PC\Desktop\parsing PE411\delivery_bot\venv\Lib\site-packages\aiogram\dispatcher\event\telegram.py", line 121, in trigger
    return await wrapped_inner(event, kwargs)
           ^^^^^^^^^^^^^^^^^^^^^^^^^^^^^^^^^^
  File "C:\Users\ANUBIS PC\Desktop\parsing PE411\delivery_bot\middlewares\logging.py", line 20, in __call__
    response = await handler(event, data)
               ^^^^^^^^^^^^^^^^^^^^^^^^^^
  File "C:\Users\ANUBIS PC\Desktop\parsing PE411\delivery_bot\middlewares\auth.py", line 28, in __call__
    return await handler(event, data)
           ^^^^^^^^^^^^^^^^^^^^^^^^^^
  File "C:\Users\ANUBIS PC\Desktop\parsing PE411\delivery_bot\venv\Lib\site-packages\aiogram\dispatcher\event\handler.py", line 43, in call
    return await wrapped()
           ^^^^^^^^^^^^^^^
  File "C:\Users\ANUBIS PC\Desktop\parsing PE411\delivery_bot\venv\Lib\site-packages\aiogram\dispatcher\dispatcher.py", line 276, in _listen_update
    return await self.propagate_event(update_type=update_type, event=event, **kwargs)
           ^^^^^^^^^^^^^^^^^^^^^^^^^^^^^^^^^^^^^^^^^^^^^^^^^^^^^^^^^^^^^^^^^^^^^^^^^^
  File "C:\Users\ANUBIS PC\Desktop\parsing PE411\delivery_bot\venv\Lib\site-packages\aiogram\dispatcher\router.py", line 146, in propagate_event
    return await observer.wrap_outer_middleware(_wrapped, event=event, data=kwargs)
           ^^^^^^^^^^^^^^^^^^^^^^^^^^^^^^^^^^^^^^^^^^^^^^^^^^^^^^^^^^^^^^^^^^^^^^^^
  File "C:\Users\ANUBIS PC\Desktop\parsing PE411\delivery_bot\venv\Lib\site-packages\aiogram\dispatcher\router.py", line 141, in _wrapped
    return await self._propagate_event(
           ^^^^^^^^^^^^^^^^^^^^^^^^^^^^
        observer=observer, update_type=update_type, event=telegram_event, **data
        ^^^^^^^^^^^^^^^^^^^^^^^^^^^^^^^^^^^^^^^^^^^^^^^^^^^^^^^^^^^^^^^^^^^^^^^^
    )
    ^
  File "C:\Users\ANUBIS PC\Desktop\parsing PE411\delivery_bot\venv\Lib\site-packages\aiogram\dispatcher\router.py", line 174, in _propagate_event
    response = await router.propagate_event(update_type=update_type, event=event, **kwargs)
               ^^^^^^^^^^^^^^^^^^^^^^^^^^^^^^^^^^^^^^^^^^^^^^^^^^^^^^^^^^^^^^^^^^^^^^^^^^^^
  File "C:\Users\ANUBIS PC\Desktop\parsing PE411\delivery_bot\venv\Lib\site-packages\aiogram\dispatcher\router.py", line 146, in propagate_event
    return await observer.wrap_outer_middleware(_wrapped, event=event, data=kwargs)
           ^^^^^^^^^^^^^^^^^^^^^^^^^^^^^^^^^^^^^^^^^^^^^^^^^^^^^^^^^^^^^^^^^^^^^^^^
  File "C:\Users\ANUBIS PC\Desktop\parsing PE411\delivery_bot\venv\Lib\site-packages\aiogram\dispatcher\router.py", line 141, in _wrapped
    return await self._propagate_event(
           ^^^^^^^^^^^^^^^^^^^^^^^^^^^^
        observer=observer, update_type=update_type, event=telegram_event, **data
        ^^^^^^^^^^^^^^^^^^^^^^^^^^^^^^^^^^^^^^^^^^^^^^^^^^^^^^^^^^^^^^^^^^^^^^^^
    )
    ^
  File "C:\Users\ANUBIS PC\Desktop\parsing PE411\delivery_bot\venv\Lib\site-packages\aiogram\dispatcher\router.py", line 166, in _propagate_event
    response = await observer.trigger(event, **kwargs)
               ^^^^^^^^^^^^^^^^^^^^^^^^^^^^^^^^^^^^^^^
  File "C:\Users\ANUBIS PC\Desktop\parsing PE411\delivery_bot\venv\Lib\site-packages\aiogram\dispatcher\event\telegram.py", line 121, in trigger
    return await wrapped_inner(event, kwargs)
           ^^^^^^^^^^^^^^^^^^^^^^^^^^^^^^^^^^
  File "C:\Users\ANUBIS PC\Desktop\parsing PE411\delivery_bot\venv\Lib\site-packages\aiogram\dispatcher\event\handler.py", line 43, in call
    return await wrapped()
           ^^^^^^^^^^^^^^^
  File "C:\Users\ANUBIS PC\Desktop\parsing PE411\delivery_bot\routers\menu.py", line 53, in category_handler
    category = category_manager.get(category_id)
               ^^^^^^^^^^^^^^^^^^^^
AttributeError: 'list' object has no attribute 'get'
2025-11-26 21:41:57,587 - INFO - Update id=946294691 is not handled. Duration 5 ms by bot id=8200360038
2025-11-26 21:41:57,587 - ERROR - Cause exception while process update id=946294691 by bot id=8200360038
AttributeError: 'list' object has no attribute 'get'
Traceback (most recent call last):
  File "C:\Users\ANUBIS PC\Desktop\parsing PE411\delivery_bot\venv\Lib\site-packages\aiogram\dispatcher\dispatcher.py", line 309, in _process_update
    response = await self.feed_update(bot, update, **kwargs)
               ^^^^^^^^^^^^^^^^^^^^^^^^^^^^^^^^^^^^^^^^^^^^^
  File "C:\Users\ANUBIS PC\Desktop\parsing PE411\delivery_bot\venv\Lib\site-packages\aiogram\dispatcher\dispatcher.py", line 158, in feed_update
    response = await self.update.wrap_outer_middleware(
               ^^^^^^^^^^^^^^^^^^^^^^^^^^^^^^^^^^^^^^^^
    ...<7 lines>...
    )
    ^
  File "C:\Users\ANUBIS PC\Desktop\parsing PE411\delivery_bot\venv\Lib\site-packages\aiogram\dispatcher\middlewares\error.py", line 25, in __call__
    return await handler(event, data)
           ^^^^^^^^^^^^^^^^^^^^^^^^^^
  File "C:\Users\ANUBIS PC\Desktop\parsing PE411\delivery_bot\venv\Lib\site-packages\aiogram\dispatcher\middlewares\user_context.py", line 56, in __call__
    return await handler(event, data)
           ^^^^^^^^^^^^^^^^^^^^^^^^^^
  File "C:\Users\ANUBIS PC\Desktop\parsing PE411\delivery_bot\venv\Lib\site-packages\aiogram\fsm\middleware.py", line 42, in __call__
    return await handler(event, data)
           ^^^^^^^^^^^^^^^^^^^^^^^^^^
  File "C:\Users\ANUBIS PC\Desktop\parsing PE411\delivery_bot\venv\Lib\site-packages\aiogram\dispatcher\event\telegram.py", line 121, in trigger
    return await wrapped_inner(event, kwargs)
           ^^^^^^^^^^^^^^^^^^^^^^^^^^^^^^^^^^
  File "C:\Users\ANUBIS PC\Desktop\parsing PE411\delivery_bot\middlewares\logging.py", line 20, in __call__
    response = await handler(event, data)
               ^^^^^^^^^^^^^^^^^^^^^^^^^^
  File "C:\Users\ANUBIS PC\Desktop\parsing PE411\delivery_bot\middlewares\auth.py", line 28, in __call__
    return await handler(event, data)
           ^^^^^^^^^^^^^^^^^^^^^^^^^^
  File "C:\Users\ANUBIS PC\Desktop\parsing PE411\delivery_bot\venv\Lib\site-packages\aiogram\dispatcher\event\handler.py", line 43, in call
    return await wrapped()
           ^^^^^^^^^^^^^^^
  File "C:\Users\ANUBIS PC\Desktop\parsing PE411\delivery_bot\venv\Lib\site-packages\aiogram\dispatcher\dispatcher.py", line 276, in _listen_update
    return await self.propagate_event(update_type=update_type, event=event, **kwargs)
           ^^^^^^^^^^^^^^^^^^^^^^^^^^^^^^^^^^^^^^^^^^^^^^^^^^^^^^^^^^^^^^^^^^^^^^^^^^
  File "C:\Users\ANUBIS PC\Desktop\parsing PE411\delivery_bot\venv\Lib\site-packages\aiogram\dispatcher\router.py", line 146, in propagate_event
    return await observer.wrap_outer_middleware(_wrapped, event=event, data=kwargs)
           ^^^^^^^^^^^^^^^^^^^^^^^^^^^^^^^^^^^^^^^^^^^^^^^^^^^^^^^^^^^^^^^^^^^^^^^^
  File "C:\Users\ANUBIS PC\Desktop\parsing PE411\delivery_bot\venv\Lib\site-packages\aiogram\dispatcher\router.py", line 141, in _wrapped
    return await self._propagate_event(
           ^^^^^^^^^^^^^^^^^^^^^^^^^^^^
        observer=observer, update_type=update_type, event=telegram_event, **data
        ^^^^^^^^^^^^^^^^^^^^^^^^^^^^^^^^^^^^^^^^^^^^^^^^^^^^^^^^^^^^^^^^^^^^^^^^
    )
    ^
  File "C:\Users\ANUBIS PC\Desktop\parsing PE411\delivery_bot\venv\Lib\site-packages\aiogram\dispatcher\router.py", line 174, in _propagate_event
    response = await router.propagate_event(update_type=update_type, event=event, **kwargs)
               ^^^^^^^^^^^^^^^^^^^^^^^^^^^^^^^^^^^^^^^^^^^^^^^^^^^^^^^^^^^^^^^^^^^^^^^^^^^^
  File "C:\Users\ANUBIS PC\Desktop\parsing PE411\delivery_bot\venv\Lib\site-packages\aiogram\dispatcher\router.py", line 146, in propagate_event
    return await observer.wrap_outer_middleware(_wrapped, event=event, data=kwargs)
           ^^^^^^^^^^^^^^^^^^^^^^^^^^^^^^^^^^^^^^^^^^^^^^^^^^^^^^^^^^^^^^^^^^^^^^^^
  File "C:\Users\ANUBIS PC\Desktop\parsing PE411\delivery_bot\venv\Lib\site-packages\aiogram\dispatcher\router.py", line 141, in _wrapped
    return await self._propagate_event(
           ^^^^^^^^^^^^^^^^^^^^^^^^^^^^
        observer=observer, update_type=update_type, event=telegram_event, **data
        ^^^^^^^^^^^^^^^^^^^^^^^^^^^^^^^^^^^^^^^^^^^^^^^^^^^^^^^^^^^^^^^^^^^^^^^^
    )
    ^
  File "C:\Users\ANUBIS PC\Desktop\parsing PE411\delivery_bot\venv\Lib\site-packages\aiogram\dispatcher\router.py", line 166, in _propagate_event
    response = await observer.trigger(event, **kwargs)
               ^^^^^^^^^^^^^^^^^^^^^^^^^^^^^^^^^^^^^^^
  File "C:\Users\ANUBIS PC\Desktop\parsing PE411\delivery_bot\venv\Lib\site-packages\aiogram\dispatcher\event\telegram.py", line 121, in trigger
    return await wrapped_inner(event, kwargs)
           ^^^^^^^^^^^^^^^^^^^^^^^^^^^^^^^^^^
  File "C:\Users\ANUBIS PC\Desktop\parsing PE411\delivery_bot\venv\Lib\site-packages\aiogram\dispatcher\event\handler.py", line 43, in call
    return await wrapped()
           ^^^^^^^^^^^^^^^
  File "C:\Users\ANUBIS PC\Desktop\parsing PE411\delivery_bot\routers\menu.py", line 53, in category_handler
    category = category_manager.get(category_id)
               ^^^^^^^^^^^^^^^^^^^^
AttributeError: 'list' object has no attribute 'get'
2025-11-26 21:41:57,922 - INFO - Update id=946294692 is not handled. Duration 5 ms by bot id=8200360038
2025-11-26 21:41:57,922 - ERROR - Cause exception while process update id=946294692 by bot id=8200360038
AttributeError: 'list' object has no attribute 'get'
Traceback (most recent call last):
  File "C:\Users\ANUBIS PC\Desktop\parsing PE411\delivery_bot\venv\Lib\site-packages\aiogram\dispatcher\dispatcher.py", line 309, in _process_update
    response = await self.feed_update(bot, update, **kwargs)
               ^^^^^^^^^^^^^^^^^^^^^^^^^^^^^^^^^^^^^^^^^^^^^
  File "C:\Users\ANUBIS PC\Desktop\parsing PE411\delivery_bot\venv\Lib\site-packages\aiogram\dispatcher\dispatcher.py", line 158, in feed_update
    response = await self.update.wrap_outer_middleware(
               ^^^^^^^^^^^^^^^^^^^^^^^^^^^^^^^^^^^^^^^^
    ...<7 lines>...
    )
    ^
  File "C:\Users\ANUBIS PC\Desktop\parsing PE411\delivery_bot\venv\Lib\site-packages\aiogram\dispatcher\middlewares\error.py", line 25, in __call__
    return await handler(event, data)
           ^^^^^^^^^^^^^^^^^^^^^^^^^^
  File "C:\Users\ANUBIS PC\Desktop\parsing PE411\delivery_bot\venv\Lib\site-packages\aiogram\dispatcher\middlewares\user_context.py", line 56, in __call__
    return await handler(event, data)
           ^^^^^^^^^^^^^^^^^^^^^^^^^^
  File "C:\Users\ANUBIS PC\Desktop\parsing PE411\delivery_bot\venv\Lib\site-packages\aiogram\fsm\middleware.py", line 42, in __call__
    return await handler(event, data)
           ^^^^^^^^^^^^^^^^^^^^^^^^^^
  File "C:\Users\ANUBIS PC\Desktop\parsing PE411\delivery_bot\venv\Lib\site-packages\aiogram\dispatcher\event\telegram.py", line 121, in trigger
    return await wrapped_inner(event, kwargs)
           ^^^^^^^^^^^^^^^^^^^^^^^^^^^^^^^^^^
  File "C:\Users\ANUBIS PC\Desktop\parsing PE411\delivery_bot\middlewares\logging.py", line 20, in __call__
    response = await handler(event, data)
               ^^^^^^^^^^^^^^^^^^^^^^^^^^
  File "C:\Users\ANUBIS PC\Desktop\parsing PE411\delivery_bot\middlewares\auth.py", line 28, in __call__
    return await handler(event, data)
           ^^^^^^^^^^^^^^^^^^^^^^^^^^
  File "C:\Users\ANUBIS PC\Desktop\parsing PE411\delivery_bot\venv\Lib\site-packages\aiogram\dispatcher\event\handler.py", line 43, in call
    return await wrapped()
           ^^^^^^^^^^^^^^^
  File "C:\Users\ANUBIS PC\Desktop\parsing PE411\delivery_bot\venv\Lib\site-packages\aiogram\dispatcher\dispatcher.py", line 276, in _listen_update
    return await self.propagate_event(update_type=update_type, event=event, **kwargs)
           ^^^^^^^^^^^^^^^^^^^^^^^^^^^^^^^^^^^^^^^^^^^^^^^^^^^^^^^^^^^^^^^^^^^^^^^^^^
  File "C:\Users\ANUBIS PC\Desktop\parsing PE411\delivery_bot\venv\Lib\site-packages\aiogram\dispatcher\router.py", line 146, in propagate_event
    return await observer.wrap_outer_middleware(_wrapped, event=event, data=kwargs)
           ^^^^^^^^^^^^^^^^^^^^^^^^^^^^^^^^^^^^^^^^^^^^^^^^^^^^^^^^^^^^^^^^^^^^^^^^
  File "C:\Users\ANUBIS PC\Desktop\parsing PE411\delivery_bot\venv\Lib\site-packages\aiogram\dispatcher\router.py", line 141, in _wrapped
    return await self._propagate_event(
           ^^^^^^^^^^^^^^^^^^^^^^^^^^^^
        observer=observer, update_type=update_type, event=telegram_event, **data
        ^^^^^^^^^^^^^^^^^^^^^^^^^^^^^^^^^^^^^^^^^^^^^^^^^^^^^^^^^^^^^^^^^^^^^^^^
    )
    ^
  File "C:\Users\ANUBIS PC\Desktop\parsing PE411\delivery_bot\venv\Lib\site-packages\aiogram\dispatcher\router.py", line 174, in _propagate_event
    response = await router.propagate_event(update_type=update_type, event=event, **kwargs)
               ^^^^^^^^^^^^^^^^^^^^^^^^^^^^^^^^^^^^^^^^^^^^^^^^^^^^^^^^^^^^^^^^^^^^^^^^^^^^
  File "C:\Users\ANUBIS PC\Desktop\parsing PE411\delivery_bot\venv\Lib\site-packages\aiogram\dispatcher\router.py", line 146, in propagate_event
    return await observer.wrap_outer_middleware(_wrapped, event=event, data=kwargs)
           ^^^^^^^^^^^^^^^^^^^^^^^^^^^^^^^^^^^^^^^^^^^^^^^^^^^^^^^^^^^^^^^^^^^^^^^^
  File "C:\Users\ANUBIS PC\Desktop\parsing PE411\delivery_bot\venv\Lib\site-packages\aiogram\dispatcher\router.py", line 141, in _wrapped
    return await self._propagate_event(
           ^^^^^^^^^^^^^^^^^^^^^^^^^^^^
        observer=observer, update_type=update_type, event=telegram_event, **data
        ^^^^^^^^^^^^^^^^^^^^^^^^^^^^^^^^^^^^^^^^^^^^^^^^^^^^^^^^^^^^^^^^^^^^^^^^
    )
    ^
  File "C:\Users\ANUBIS PC\Desktop\parsing PE411\delivery_bot\venv\Lib\site-packages\aiogram\dispatcher\router.py", line 166, in _propagate_event
    response = await observer.trigger(event, **kwargs)
               ^^^^^^^^^^^^^^^^^^^^^^^^^^^^^^^^^^^^^^^
  File "C:\Users\ANUBIS PC\Desktop\parsing PE411\delivery_bot\venv\Lib\site-packages\aiogram\dispatcher\event\telegram.py", line 121, in trigger
    return await wrapped_inner(event, kwargs)
           ^^^^^^^^^^^^^^^^^^^^^^^^^^^^^^^^^^
  File "C:\Users\ANUBIS PC\Desktop\parsing PE411\delivery_bot\venv\Lib\site-packages\aiogram\dispatcher\event\handler.py", line 43, in call
    return await wrapped()
           ^^^^^^^^^^^^^^^
  File "C:\Users\ANUBIS PC\Desktop\parsing PE411\delivery_bot\routers\menu.py", line 53, in category_handler
    category = category_manager.get(category_id)
               ^^^^^^^^^^^^^^^^^^^^
AttributeError: 'list' object has no attribute 'get'
2025-11-26 21:41:58,307 - INFO - Update id=946294693 is not handled. Duration 5 ms by bot id=8200360038
2025-11-26 21:41:58,308 - ERROR - Cause exception while process update id=946294693 by bot id=8200360038
AttributeError: 'list' object has no attribute 'get'
Traceback (most recent call last):
  File "C:\Users\ANUBIS PC\Desktop\parsing PE411\delivery_bot\venv\Lib\site-packages\aiogram\dispatcher\dispatcher.py", line 309, in _process_update
    response = await self.feed_update(bot, update, **kwargs)
               ^^^^^^^^^^^^^^^^^^^^^^^^^^^^^^^^^^^^^^^^^^^^^
  File "C:\Users\ANUBIS PC\Desktop\parsing PE411\delivery_bot\venv\Lib\site-packages\aiogram\dispatcher\dispatcher.py", line 158, in feed_update
    response = await self.update.wrap_outer_middleware(
               ^^^^^^^^^^^^^^^^^^^^^^^^^^^^^^^^^^^^^^^^
    ...<7 lines>...
    )
    ^
  File "C:\Users\ANUBIS PC\Desktop\parsing PE411\delivery_bot\venv\Lib\site-packages\aiogram\dispatcher\middlewares\error.py", line 25, in __call__
    return await handler(event, data)
           ^^^^^^^^^^^^^^^^^^^^^^^^^^
  File "C:\Users\ANUBIS PC\Desktop\parsing PE411\delivery_bot\venv\Lib\site-packages\aiogram\dispatcher\middlewares\user_context.py", line 56, in __call__
    return await handler(event, data)
           ^^^^^^^^^^^^^^^^^^^^^^^^^^
  File "C:\Users\ANUBIS PC\Desktop\parsing PE411\delivery_bot\venv\Lib\site-packages\aiogram\fsm\middleware.py", line 42, in __call__
    return await handler(event, data)
           ^^^^^^^^^^^^^^^^^^^^^^^^^^
  File "C:\Users\ANUBIS PC\Desktop\parsing PE411\delivery_bot\venv\Lib\site-packages\aiogram\dispatcher\event\telegram.py", line 121, in trigger
    return await wrapped_inner(event, kwargs)
           ^^^^^^^^^^^^^^^^^^^^^^^^^^^^^^^^^^
  File "C:\Users\ANUBIS PC\Desktop\parsing PE411\delivery_bot\middlewares\logging.py", line 20, in __call__
    response = await handler(event, data)
               ^^^^^^^^^^^^^^^^^^^^^^^^^^
  File "C:\Users\ANUBIS PC\Desktop\parsing PE411\delivery_bot\middlewares\auth.py", line 28, in __call__
    return await handler(event, data)
           ^^^^^^^^^^^^^^^^^^^^^^^^^^
  File "C:\Users\ANUBIS PC\Desktop\parsing PE411\delivery_bot\venv\Lib\site-packages\aiogram\dispatcher\event\handler.py", line 43, in call
    return await wrapped()
           ^^^^^^^^^^^^^^^
  File "C:\Users\ANUBIS PC\Desktop\parsing PE411\delivery_bot\venv\Lib\site-packages\aiogram\dispatcher\dispatcher.py", line 276, in _listen_update
    return await self.propagate_event(update_type=update_type, event=event, **kwargs)
           ^^^^^^^^^^^^^^^^^^^^^^^^^^^^^^^^^^^^^^^^^^^^^^^^^^^^^^^^^^^^^^^^^^^^^^^^^^
  File "C:\Users\ANUBIS PC\Desktop\parsing PE411\delivery_bot\venv\Lib\site-packages\aiogram\dispatcher\router.py", line 146, in propagate_event
    return await observer.wrap_outer_middleware(_wrapped, event=event, data=kwargs)
           ^^^^^^^^^^^^^^^^^^^^^^^^^^^^^^^^^^^^^^^^^^^^^^^^^^^^^^^^^^^^^^^^^^^^^^^^
  File "C:\Users\ANUBIS PC\Desktop\parsing PE411\delivery_bot\venv\Lib\site-packages\aiogram\dispatcher\router.py", line 141, in _wrapped
    return await self._propagate_event(
           ^^^^^^^^^^^^^^^^^^^^^^^^^^^^
        observer=observer, update_type=update_type, event=telegram_event, **data
        ^^^^^^^^^^^^^^^^^^^^^^^^^^^^^^^^^^^^^^^^^^^^^^^^^^^^^^^^^^^^^^^^^^^^^^^^
    )
    ^
  File "C:\Users\ANUBIS PC\Desktop\parsing PE411\delivery_bot\venv\Lib\site-packages\aiogram\dispatcher\router.py", line 174, in _propagate_event
    response = await router.propagate_event(update_type=update_type, event=event, **kwargs)
               ^^^^^^^^^^^^^^^^^^^^^^^^^^^^^^^^^^^^^^^^^^^^^^^^^^^^^^^^^^^^^^^^^^^^^^^^^^^^
  File "C:\Users\ANUBIS PC\Desktop\parsing PE411\delivery_bot\venv\Lib\site-packages\aiogram\dispatcher\router.py", line 146, in propagate_event
    return await observer.wrap_outer_middleware(_wrapped, event=event, data=kwargs)
           ^^^^^^^^^^^^^^^^^^^^^^^^^^^^^^^^^^^^^^^^^^^^^^^^^^^^^^^^^^^^^^^^^^^^^^^^
  File "C:\Users\ANUBIS PC\Desktop\parsing PE411\delivery_bot\venv\Lib\site-packages\aiogram\dispatcher\router.py", line 141, in _wrapped
    return await self._propagate_event(
           ^^^^^^^^^^^^^^^^^^^^^^^^^^^^
        observer=observer, update_type=update_type, event=telegram_event, **data
        ^^^^^^^^^^^^^^^^^^^^^^^^^^^^^^^^^^^^^^^^^^^^^^^^^^^^^^^^^^^^^^^^^^^^^^^^
    )
    ^
  File "C:\Users\ANUBIS PC\Desktop\parsing PE411\delivery_bot\venv\Lib\site-packages\aiogram\dispatcher\router.py", line 166, in _propagate_event
    response = await observer.trigger(event, **kwargs)
               ^^^^^^^^^^^^^^^^^^^^^^^^^^^^^^^^^^^^^^^
  File "C:\Users\ANUBIS PC\Desktop\parsing PE411\delivery_bot\venv\Lib\site-packages\aiogram\dispatcher\event\telegram.py", line 121, in trigger
    return await wrapped_inner(event, kwargs)
           ^^^^^^^^^^^^^^^^^^^^^^^^^^^^^^^^^^
  File "C:\Users\ANUBIS PC\Desktop\parsing PE411\delivery_bot\venv\Lib\site-packages\aiogram\dispatcher\event\handler.py", line 43, in call
    return await wrapped()
           ^^^^^^^^^^^^^^^
  File "C:\Users\ANUBIS PC\Desktop\parsing PE411\delivery_bot\routers\menu.py", line 53, in category_handler
    category = category_manager.get(category_id)
               ^^^^^^^^^^^^^^^^^^^^
AttributeError: 'list' object has no attribute 'get'
2025-11-26 21:41:59,690 - INFO - Update id=946294694 is not handled. Duration 5 ms by bot id=8200360038
2025-11-26 21:41:59,690 - ERROR - Cause exception while process update id=946294694 by bot id=8200360038
AttributeError: 'list' object has no attribute 'get'
Traceback (most recent call last):
  File "C:\Users\ANUBIS PC\Desktop\parsing PE411\delivery_bot\venv\Lib\site-packages\aiogram\dispatcher\dispatcher.py", line 309, in _process_update
    response = await self.feed_update(bot, update, **kwargs)
               ^^^^^^^^^^^^^^^^^^^^^^^^^^^^^^^^^^^^^^^^^^^^^
  File "C:\Users\ANUBIS PC\Desktop\parsing PE411\delivery_bot\venv\Lib\site-packages\aiogram\dispatcher\dispatcher.py", line 158, in feed_update
    response = await self.update.wrap_outer_middleware(
               ^^^^^^^^^^^^^^^^^^^^^^^^^^^^^^^^^^^^^^^^
    ...<7 lines>...
    )
    ^
  File "C:\Users\ANUBIS PC\Desktop\parsing PE411\delivery_bot\venv\Lib\site-packages\aiogram\dispatcher\middlewares\error.py", line 25, in __call__
    return await handler(event, data)
           ^^^^^^^^^^^^^^^^^^^^^^^^^^
  File "C:\Users\ANUBIS PC\Desktop\parsing PE411\delivery_bot\venv\Lib\site-packages\aiogram\dispatcher\middlewares\user_context.py", line 56, in __call__
    return await handler(event, data)
           ^^^^^^^^^^^^^^^^^^^^^^^^^^
  File "C:\Users\ANUBIS PC\Desktop\parsing PE411\delivery_bot\venv\Lib\site-packages\aiogram\fsm\middleware.py", line 42, in __call__
    return await handler(event, data)
           ^^^^^^^^^^^^^^^^^^^^^^^^^^
  File "C:\Users\ANUBIS PC\Desktop\parsing PE411\delivery_bot\venv\Lib\site-packages\aiogram\dispatcher\event\telegram.py", line 121, in trigger
    return await wrapped_inner(event, kwargs)
           ^^^^^^^^^^^^^^^^^^^^^^^^^^^^^^^^^^
  File "C:\Users\ANUBIS PC\Desktop\parsing PE411\delivery_bot\middlewares\logging.py", line 20, in __call__
    response = await handler(event, data)
               ^^^^^^^^^^^^^^^^^^^^^^^^^^
  File "C:\Users\ANUBIS PC\Desktop\parsing PE411\delivery_bot\middlewares\auth.py", line 28, in __call__
    return await handler(event, data)
           ^^^^^^^^^^^^^^^^^^^^^^^^^^
  File "C:\Users\ANUBIS PC\Desktop\parsing PE411\delivery_bot\venv\Lib\site-packages\aiogram\dispatcher\event\handler.py", line 43, in call
    return await wrapped()
           ^^^^^^^^^^^^^^^
  File "C:\Users\ANUBIS PC\Desktop\parsing PE411\delivery_bot\venv\Lib\site-packages\aiogram\dispatcher\dispatcher.py", line 276, in _listen_update
    return await self.propagate_event(update_type=update_type, event=event, **kwargs)
           ^^^^^^^^^^^^^^^^^^^^^^^^^^^^^^^^^^^^^^^^^^^^^^^^^^^^^^^^^^^^^^^^^^^^^^^^^^
  File "C:\Users\ANUBIS PC\Desktop\parsing PE411\delivery_bot\venv\Lib\site-packages\aiogram\dispatcher\router.py", line 146, in propagate_event
    return await observer.wrap_outer_middleware(_wrapped, event=event, data=kwargs)
           ^^^^^^^^^^^^^^^^^^^^^^^^^^^^^^^^^^^^^^^^^^^^^^^^^^^^^^^^^^^^^^^^^^^^^^^^
  File "C:\Users\ANUBIS PC\Desktop\parsing PE411\delivery_bot\venv\Lib\site-packages\aiogram\dispatcher\router.py", line 141, in _wrapped
    return await self._propagate_event(
           ^^^^^^^^^^^^^^^^^^^^^^^^^^^^
        observer=observer, update_type=update_type, event=telegram_event, **data
        ^^^^^^^^^^^^^^^^^^^^^^^^^^^^^^^^^^^^^^^^^^^^^^^^^^^^^^^^^^^^^^^^^^^^^^^^
    )
    ^
  File "C:\Users\ANUBIS PC\Desktop\parsing PE411\delivery_bot\venv\Lib\site-packages\aiogram\dispatcher\router.py", line 174, in _propagate_event
    response = await router.propagate_event(update_type=update_type, event=event, **kwargs)
               ^^^^^^^^^^^^^^^^^^^^^^^^^^^^^^^^^^^^^^^^^^^^^^^^^^^^^^^^^^^^^^^^^^^^^^^^^^^^
  File "C:\Users\ANUBIS PC\Desktop\parsing PE411\delivery_bot\venv\Lib\site-packages\aiogram\dispatcher\router.py", line 146, in propagate_event
    return await observer.wrap_outer_middleware(_wrapped, event=event, data=kwargs)
           ^^^^^^^^^^^^^^^^^^^^^^^^^^^^^^^^^^^^^^^^^^^^^^^^^^^^^^^^^^^^^^^^^^^^^^^^
  File "C:\Users\ANUBIS PC\Desktop\parsing PE411\delivery_bot\venv\Lib\site-packages\aiogram\dispatcher\router.py", line 141, in _wrapped
    return await self._propagate_event(
           ^^^^^^^^^^^^^^^^^^^^^^^^^^^^
        observer=observer, update_type=update_type, event=telegram_event, **data
        ^^^^^^^^^^^^^^^^^^^^^^^^^^^^^^^^^^^^^^^^^^^^^^^^^^^^^^^^^^^^^^^^^^^^^^^^
    )
    ^
  File "C:\Users\ANUBIS PC\Desktop\parsing PE411\delivery_bot\venv\Lib\site-packages\aiogram\dispatcher\router.py", line 166, in _propagate_event
    response = await observer.trigger(event, **kwargs)
               ^^^^^^^^^^^^^^^^^^^^^^^^^^^^^^^^^^^^^^^
  File "C:\Users\ANUBIS PC\Desktop\parsing PE411\delivery_bot\venv\Lib\site-packages\aiogram\dispatcher\event\telegram.py", line 121, in trigger
    return await wrapped_inner(event, kwargs)
           ^^^^^^^^^^^^^^^^^^^^^^^^^^^^^^^^^^
  File "C:\Users\ANUBIS PC\Desktop\parsing PE411\delivery_bot\venv\Lib\site-packages\aiogram\dispatcher\event\handler.py", line 43, in call
    return await wrapped()
           ^^^^^^^^^^^^^^^
  File "C:\Users\ANUBIS PC\Desktop\parsing PE411\delivery_bot\routers\menu.py", line 53, in category_handler
    category = category_manager.get(category_id)
               ^^^^^^^^^^^^^^^^^^^^
AttributeError: 'list' object has no attribute 'get'
2025-11-26 21:42:00,078 - INFO - Update id=946294695 is not handled. Duration 5 ms by bot id=8200360038
2025-11-26 21:42:00,078 - ERROR - Cause exception while process update id=946294695 by bot id=8200360038
AttributeError: 'list' object has no attribute 'get'
Traceback (most recent call last):
  File "C:\Users\ANUBIS PC\Desktop\parsing PE411\delivery_bot\venv\Lib\site-packages\aiogram\dispatcher\dispatcher.py", line 309, in _process_update
    response = await self.feed_update(bot, update, **kwargs)
               ^^^^^^^^^^^^^^^^^^^^^^^^^^^^^^^^^^^^^^^^^^^^^
  File "C:\Users\ANUBIS PC\Desktop\parsing PE411\delivery_bot\venv\Lib\site-packages\aiogram\dispatcher\dispatcher.py", line 158, in feed_update
    response = await self.update.wrap_outer_middleware(
               ^^^^^^^^^^^^^^^^^^^^^^^^^^^^^^^^^^^^^^^^
    ...<7 lines>...
    )
    ^
  File "C:\Users\ANUBIS PC\Desktop\parsing PE411\delivery_bot\venv\Lib\site-packages\aiogram\dispatcher\middlewares\error.py", line 25, in __call__
    return await handler(event, data)
           ^^^^^^^^^^^^^^^^^^^^^^^^^^
  File "C:\Users\ANUBIS PC\Desktop\parsing PE411\delivery_bot\venv\Lib\site-packages\aiogram\dispatcher\middlewares\user_context.py", line 56, in __call__
    return await handler(event, data)
           ^^^^^^^^^^^^^^^^^^^^^^^^^^
  File "C:\Users\ANUBIS PC\Desktop\parsing PE411\delivery_bot\venv\Lib\site-packages\aiogram\fsm\middleware.py", line 42, in __call__
    return await handler(event, data)
           ^^^^^^^^^^^^^^^^^^^^^^^^^^
  File "C:\Users\ANUBIS PC\Desktop\parsing PE411\delivery_bot\venv\Lib\site-packages\aiogram\dispatcher\event\telegram.py", line 121, in trigger
    return await wrapped_inner(event, kwargs)
           ^^^^^^^^^^^^^^^^^^^^^^^^^^^^^^^^^^
  File "C:\Users\ANUBIS PC\Desktop\parsing PE411\delivery_bot\middlewares\logging.py", line 20, in __call__
    response = await handler(event, data)
               ^^^^^^^^^^^^^^^^^^^^^^^^^^
  File "C:\Users\ANUBIS PC\Desktop\parsing PE411\delivery_bot\middlewares\auth.py", line 28, in __call__
    return await handler(event, data)
           ^^^^^^^^^^^^^^^^^^^^^^^^^^
  File "C:\Users\ANUBIS PC\Desktop\parsing PE411\delivery_bot\venv\Lib\site-packages\aiogram\dispatcher\event\handler.py", line 43, in call
    return await wrapped()
           ^^^^^^^^^^^^^^^
  File "C:\Users\ANUBIS PC\Desktop\parsing PE411\delivery_bot\venv\Lib\site-packages\aiogram\dispatcher\dispatcher.py", line 276, in _listen_update
    return await self.propagate_event(update_type=update_type, event=event, **kwargs)
           ^^^^^^^^^^^^^^^^^^^^^^^^^^^^^^^^^^^^^^^^^^^^^^^^^^^^^^^^^^^^^^^^^^^^^^^^^^
  File "C:\Users\ANUBIS PC\Desktop\parsing PE411\delivery_bot\venv\Lib\site-packages\aiogram\dispatcher\router.py", line 146, in propagate_event
    return await observer.wrap_outer_middleware(_wrapped, event=event, data=kwargs)
           ^^^^^^^^^^^^^^^^^^^^^^^^^^^^^^^^^^^^^^^^^^^^^^^^^^^^^^^^^^^^^^^^^^^^^^^^
  File "C:\Users\ANUBIS PC\Desktop\parsing PE411\delivery_bot\venv\Lib\site-packages\aiogram\dispatcher\router.py", line 141, in _wrapped
    return await self._propagate_event(
           ^^^^^^^^^^^^^^^^^^^^^^^^^^^^
        observer=observer, update_type=update_type, event=telegram_event, **data
        ^^^^^^^^^^^^^^^^^^^^^^^^^^^^^^^^^^^^^^^^^^^^^^^^^^^^^^^^^^^^^^^^^^^^^^^^
    )
    ^
  File "C:\Users\ANUBIS PC\Desktop\parsing PE411\delivery_bot\venv\Lib\site-packages\aiogram\dispatcher\router.py", line 174, in _propagate_event
    response = await router.propagate_event(update_type=update_type, event=event, **kwargs)
               ^^^^^^^^^^^^^^^^^^^^^^^^^^^^^^^^^^^^^^^^^^^^^^^^^^^^^^^^^^^^^^^^^^^^^^^^^^^^
  File "C:\Users\ANUBIS PC\Desktop\parsing PE411\delivery_bot\venv\Lib\site-packages\aiogram\dispatcher\router.py", line 146, in propagate_event
    return await observer.wrap_outer_middleware(_wrapped, event=event, data=kwargs)
           ^^^^^^^^^^^^^^^^^^^^^^^^^^^^^^^^^^^^^^^^^^^^^^^^^^^^^^^^^^^^^^^^^^^^^^^^
  File "C:\Users\ANUBIS PC\Desktop\parsing PE411\delivery_bot\venv\Lib\site-packages\aiogram\dispatcher\router.py", line 141, in _wrapped
    return await self._propagate_event(
           ^^^^^^^^^^^^^^^^^^^^^^^^^^^^
        observer=observer, update_type=update_type, event=telegram_event, **data
        ^^^^^^^^^^^^^^^^^^^^^^^^^^^^^^^^^^^^^^^^^^^^^^^^^^^^^^^^^^^^^^^^^^^^^^^^
    )
    ^
  File "C:\Users\ANUBIS PC\Desktop\parsing PE411\delivery_bot\venv\Lib\site-packages\aiogram\dispatcher\router.py", line 166, in _propagate_event
    response = await observer.trigger(event, **kwargs)
               ^^^^^^^^^^^^^^^^^^^^^^^^^^^^^^^^^^^^^^^
  File "C:\Users\ANUBIS PC\Desktop\parsing PE411\delivery_bot\venv\Lib\site-packages\aiogram\dispatcher\event\telegram.py", line 121, in trigger
    return await wrapped_inner(event, kwargs)
           ^^^^^^^^^^^^^^^^^^^^^^^^^^^^^^^^^^
  File "C:\Users\ANUBIS PC\Desktop\parsing PE411\delivery_bot\venv\Lib\site-packages\aiogram\dispatcher\event\handler.py", line 43, in call
    return await wrapped()
           ^^^^^^^^^^^^^^^
  File "C:\Users\ANUBIS PC\Desktop\parsing PE411\delivery_bot\routers\menu.py", line 53, in category_handler
    category = category_manager.get(category_id)
               ^^^^^^^^^^^^^^^^^^^^
AttributeError: 'list' object has no attribute 'get'
2025-11-26 21:42:00,607 - INFO - Update id=946294696 is not handled. Duration 5 ms by bot id=8200360038
2025-11-26 21:42:00,607 - ERROR - Cause exception while process update id=946294696 by bot id=8200360038
AttributeError: 'list' object has no attribute 'get'
Traceback (most recent call last):
  File "C:\Users\ANUBIS PC\Desktop\parsing PE411\delivery_bot\venv\Lib\site-packages\aiogram\dispatcher\dispatcher.py", line 309, in _process_update
    response = await self.feed_update(bot, update, **kwargs)
               ^^^^^^^^^^^^^^^^^^^^^^^^^^^^^^^^^^^^^^^^^^^^^
  File "C:\Users\ANUBIS PC\Desktop\parsing PE411\delivery_bot\venv\Lib\site-packages\aiogram\dispatcher\dispatcher.py", line 158, in feed_update
    response = await self.update.wrap_outer_middleware(
               ^^^^^^^^^^^^^^^^^^^^^^^^^^^^^^^^^^^^^^^^
    ...<7 lines>...
    )
    ^
  File "C:\Users\ANUBIS PC\Desktop\parsing PE411\delivery_bot\venv\Lib\site-packages\aiogram\dispatcher\middlewares\error.py", line 25, in __call__
    return await handler(event, data)
           ^^^^^^^^^^^^^^^^^^^^^^^^^^
  File "C:\Users\ANUBIS PC\Desktop\parsing PE411\delivery_bot\venv\Lib\site-packages\aiogram\dispatcher\middlewares\user_context.py", line 56, in __call__
    return await handler(event, data)
           ^^^^^^^^^^^^^^^^^^^^^^^^^^
  File "C:\Users\ANUBIS PC\Desktop\parsing PE411\delivery_bot\venv\Lib\site-packages\aiogram\fsm\middleware.py", line 42, in __call__
    return await handler(event, data)
           ^^^^^^^^^^^^^^^^^^^^^^^^^^
  File "C:\Users\ANUBIS PC\Desktop\parsing PE411\delivery_bot\venv\Lib\site-packages\aiogram\dispatcher\event\telegram.py", line 121, in trigger
    return await wrapped_inner(event, kwargs)
           ^^^^^^^^^^^^^^^^^^^^^^^^^^^^^^^^^^
  File "C:\Users\ANUBIS PC\Desktop\parsing PE411\delivery_bot\middlewares\logging.py", line 20, in __call__
    response = await handler(event, data)
               ^^^^^^^^^^^^^^^^^^^^^^^^^^
  File "C:\Users\ANUBIS PC\Desktop\parsing PE411\delivery_bot\middlewares\auth.py", line 28, in __call__
    return await handler(event, data)
           ^^^^^^^^^^^^^^^^^^^^^^^^^^
  File "C:\Users\ANUBIS PC\Desktop\parsing PE411\delivery_bot\venv\Lib\site-packages\aiogram\dispatcher\event\handler.py", line 43, in call
    return await wrapped()
           ^^^^^^^^^^^^^^^
  File "C:\Users\ANUBIS PC\Desktop\parsing PE411\delivery_bot\venv\Lib\site-packages\aiogram\dispatcher\dispatcher.py", line 276, in _listen_update
    return await self.propagate_event(update_type=update_type, event=event, **kwargs)
           ^^^^^^^^^^^^^^^^^^^^^^^^^^^^^^^^^^^^^^^^^^^^^^^^^^^^^^^^^^^^^^^^^^^^^^^^^^
  File "C:\Users\ANUBIS PC\Desktop\parsing PE411\delivery_bot\venv\Lib\site-packages\aiogram\dispatcher\router.py", line 146, in propagate_event
    return await observer.wrap_outer_middleware(_wrapped, event=event, data=kwargs)
           ^^^^^^^^^^^^^^^^^^^^^^^^^^^^^^^^^^^^^^^^^^^^^^^^^^^^^^^^^^^^^^^^^^^^^^^^
  File "C:\Users\ANUBIS PC\Desktop\parsing PE411\delivery_bot\venv\Lib\site-packages\aiogram\dispatcher\router.py", line 141, in _wrapped
    return await self._propagate_event(
           ^^^^^^^^^^^^^^^^^^^^^^^^^^^^
        observer=observer, update_type=update_type, event=telegram_event, **data
        ^^^^^^^^^^^^^^^^^^^^^^^^^^^^^^^^^^^^^^^^^^^^^^^^^^^^^^^^^^^^^^^^^^^^^^^^
    )
    ^
  File "C:\Users\ANUBIS PC\Desktop\parsing PE411\delivery_bot\venv\Lib\site-packages\aiogram\dispatcher\router.py", line 174, in _propagate_event
    response = await router.propagate_event(update_type=update_type, event=event, **kwargs)
               ^^^^^^^^^^^^^^^^^^^^^^^^^^^^^^^^^^^^^^^^^^^^^^^^^^^^^^^^^^^^^^^^^^^^^^^^^^^^
  File "C:\Users\ANUBIS PC\Desktop\parsing PE411\delivery_bot\venv\Lib\site-packages\aiogram\dispatcher\router.py", line 146, in propagate_event
    return await observer.wrap_outer_middleware(_wrapped, event=event, data=kwargs)
           ^^^^^^^^^^^^^^^^^^^^^^^^^^^^^^^^^^^^^^^^^^^^^^^^^^^^^^^^^^^^^^^^^^^^^^^^
  File "C:\Users\ANUBIS PC\Desktop\parsing PE411\delivery_bot\venv\Lib\site-packages\aiogram\dispatcher\router.py", line 141, in _wrapped
    return await self._propagate_event(
           ^^^^^^^^^^^^^^^^^^^^^^^^^^^^
        observer=observer, update_type=update_type, event=telegram_event, **data
        ^^^^^^^^^^^^^^^^^^^^^^^^^^^^^^^^^^^^^^^^^^^^^^^^^^^^^^^^^^^^^^^^^^^^^^^^
    )
    ^
  File "C:\Users\ANUBIS PC\Desktop\parsing PE411\delivery_bot\venv\Lib\site-packages\aiogram\dispatcher\router.py", line 166, in _propagate_event
    response = await observer.trigger(event, **kwargs)
               ^^^^^^^^^^^^^^^^^^^^^^^^^^^^^^^^^^^^^^^
  File "C:\Users\ANUBIS PC\Desktop\parsing PE411\delivery_bot\venv\Lib\site-packages\aiogram\dispatcher\event\telegram.py", line 121, in trigger
    return await wrapped_inner(event, kwargs)
           ^^^^^^^^^^^^^^^^^^^^^^^^^^^^^^^^^^
  File "C:\Users\ANUBIS PC\Desktop\parsing PE411\delivery_bot\venv\Lib\site-packages\aiogram\dispatcher\event\handler.py", line 43, in call
    return await wrapped()
           ^^^^^^^^^^^^^^^
  File "C:\Users\ANUBIS PC\Desktop\parsing PE411\delivery_bot\routers\menu.py", line 53, in category_handler
    category = category_manager.get(category_id)
               ^^^^^^^^^^^^^^^^^^^^
AttributeError: 'list' object has no attribute 'get'
2025-11-26 21:42:01,056 - INFO - Update id=946294697 is not handled. Duration 5 ms by bot id=8200360038
2025-11-26 21:42:01,056 - ERROR - Cause exception while process update id=946294697 by bot id=8200360038
AttributeError: 'list' object has no attribute 'get'
Traceback (most recent call last):
  File "C:\Users\ANUBIS PC\Desktop\parsing PE411\delivery_bot\venv\Lib\site-packages\aiogram\dispatcher\dispatcher.py", line 309, in _process_update
    response = await self.feed_update(bot, update, **kwargs)
               ^^^^^^^^^^^^^^^^^^^^^^^^^^^^^^^^^^^^^^^^^^^^^
  File "C:\Users\ANUBIS PC\Desktop\parsing PE411\delivery_bot\venv\Lib\site-packages\aiogram\dispatcher\dispatcher.py", line 158, in feed_update
    response = await self.update.wrap_outer_middleware(
               ^^^^^^^^^^^^^^^^^^^^^^^^^^^^^^^^^^^^^^^^
    ...<7 lines>...
    )
    ^
  File "C:\Users\ANUBIS PC\Desktop\parsing PE411\delivery_bot\venv\Lib\site-packages\aiogram\dispatcher\middlewares\error.py", line 25, in __call__
    return await handler(event, data)
           ^^^^^^^^^^^^^^^^^^^^^^^^^^
  File "C:\Users\ANUBIS PC\Desktop\parsing PE411\delivery_bot\venv\Lib\site-packages\aiogram\dispatcher\middlewares\user_context.py", line 56, in __call__
    return await handler(event, data)
           ^^^^^^^^^^^^^^^^^^^^^^^^^^
  File "C:\Users\ANUBIS PC\Desktop\parsing PE411\delivery_bot\venv\Lib\site-packages\aiogram\fsm\middleware.py", line 42, in __call__
    return await handler(event, data)
           ^^^^^^^^^^^^^^^^^^^^^^^^^^
  File "C:\Users\ANUBIS PC\Desktop\parsing PE411\delivery_bot\venv\Lib\site-packages\aiogram\dispatcher\event\telegram.py", line 121, in trigger
    return await wrapped_inner(event, kwargs)
           ^^^^^^^^^^^^^^^^^^^^^^^^^^^^^^^^^^
  File "C:\Users\ANUBIS PC\Desktop\parsing PE411\delivery_bot\middlewares\logging.py", line 20, in __call__
    response = await handler(event, data)
               ^^^^^^^^^^^^^^^^^^^^^^^^^^
  File "C:\Users\ANUBIS PC\Desktop\parsing PE411\delivery_bot\middlewares\auth.py", line 28, in __call__
    return await handler(event, data)
           ^^^^^^^^^^^^^^^^^^^^^^^^^^
  File "C:\Users\ANUBIS PC\Desktop\parsing PE411\delivery_bot\venv\Lib\site-packages\aiogram\dispatcher\event\handler.py", line 43, in call
    return await wrapped()
           ^^^^^^^^^^^^^^^
  File "C:\Users\ANUBIS PC\Desktop\parsing PE411\delivery_bot\venv\Lib\site-packages\aiogram\dispatcher\dispatcher.py", line 276, in _listen_update
    return await self.propagate_event(update_type=update_type, event=event, **kwargs)
           ^^^^^^^^^^^^^^^^^^^^^^^^^^^^^^^^^^^^^^^^^^^^^^^^^^^^^^^^^^^^^^^^^^^^^^^^^^
  File "C:\Users\ANUBIS PC\Desktop\parsing PE411\delivery_bot\venv\Lib\site-packages\aiogram\dispatcher\router.py", line 146, in propagate_event
    return await observer.wrap_outer_middleware(_wrapped, event=event, data=kwargs)
           ^^^^^^^^^^^^^^^^^^^^^^^^^^^^^^^^^^^^^^^^^^^^^^^^^^^^^^^^^^^^^^^^^^^^^^^^
  File "C:\Users\ANUBIS PC\Desktop\parsing PE411\delivery_bot\venv\Lib\site-packages\aiogram\dispatcher\router.py", line 141, in _wrapped
    return await self._propagate_event(
           ^^^^^^^^^^^^^^^^^^^^^^^^^^^^
        observer=observer, update_type=update_type, event=telegram_event, **data
        ^^^^^^^^^^^^^^^^^^^^^^^^^^^^^^^^^^^^^^^^^^^^^^^^^^^^^^^^^^^^^^^^^^^^^^^^
    )
    ^
  File "C:\Users\ANUBIS PC\Desktop\parsing PE411\delivery_bot\venv\Lib\site-packages\aiogram\dispatcher\router.py", line 174, in _propagate_event
    response = await router.propagate_event(update_type=update_type, event=event, **kwargs)
               ^^^^^^^^^^^^^^^^^^^^^^^^^^^^^^^^^^^^^^^^^^^^^^^^^^^^^^^^^^^^^^^^^^^^^^^^^^^^
  File "C:\Users\ANUBIS PC\Desktop\parsing PE411\delivery_bot\venv\Lib\site-packages\aiogram\dispatcher\router.py", line 146, in propagate_event
    return await observer.wrap_outer_middleware(_wrapped, event=event, data=kwargs)
           ^^^^^^^^^^^^^^^^^^^^^^^^^^^^^^^^^^^^^^^^^^^^^^^^^^^^^^^^^^^^^^^^^^^^^^^^
  File "C:\Users\ANUBIS PC\Desktop\parsing PE411\delivery_bot\venv\Lib\site-packages\aiogram\dispatcher\router.py", line 141, in _wrapped
    return await self._propagate_event(
           ^^^^^^^^^^^^^^^^^^^^^^^^^^^^
        observer=observer, update_type=update_type, event=telegram_event, **data
        ^^^^^^^^^^^^^^^^^^^^^^^^^^^^^^^^^^^^^^^^^^^^^^^^^^^^^^^^^^^^^^^^^^^^^^^^
    )
    ^
  File "C:\Users\ANUBIS PC\Desktop\parsing PE411\delivery_bot\venv\Lib\site-packages\aiogram\dispatcher\router.py", line 166, in _propagate_event
    response = await observer.trigger(event, **kwargs)
               ^^^^^^^^^^^^^^^^^^^^^^^^^^^^^^^^^^^^^^^
  File "C:\Users\ANUBIS PC\Desktop\parsing PE411\delivery_bot\venv\Lib\site-packages\aiogram\dispatcher\event\telegram.py", line 121, in trigger
    return await wrapped_inner(event, kwargs)
           ^^^^^^^^^^^^^^^^^^^^^^^^^^^^^^^^^^
  File "C:\Users\ANUBIS PC\Desktop\parsing PE411\delivery_bot\venv\Lib\site-packages\aiogram\dispatcher\event\handler.py", line 43, in call
    return await wrapped()
           ^^^^^^^^^^^^^^^
  File "C:\Users\ANUBIS PC\Desktop\parsing PE411\delivery_bot\routers\menu.py", line 53, in category_handler
    category = category_manager.get(category_id)
               ^^^^^^^^^^^^^^^^^^^^
AttributeError: 'list' object has no attribute 'get'
2025-11-26 21:42:01,408 - INFO - CALLBACK: 4.148006439208984ms
2025-11-26 21:42:01,409 - INFO - Update id=946294698 is handled. Duration 5 ms by bot id=8200360038
2025-11-26 21:42:05,523 - INFO - Update id=946294699 is not handled. Duration 4 ms by bot id=8200360038
2025-11-26 21:42:05,523 - ERROR - Cause exception while process update id=946294699 by bot id=8200360038
AttributeError: 'list' object has no attribute 'get'
Traceback (most recent call last):
  File "C:\Users\ANUBIS PC\Desktop\parsing PE411\delivery_bot\venv\Lib\site-packages\aiogram\dispatcher\dispatcher.py", line 309, in _process_update
    response = await self.feed_update(bot, update, **kwargs)
               ^^^^^^^^^^^^^^^^^^^^^^^^^^^^^^^^^^^^^^^^^^^^^
  File "C:\Users\ANUBIS PC\Desktop\parsing PE411\delivery_bot\venv\Lib\site-packages\aiogram\dispatcher\dispatcher.py", line 158, in feed_update
    response = await self.update.wrap_outer_middleware(
               ^^^^^^^^^^^^^^^^^^^^^^^^^^^^^^^^^^^^^^^^
    ...<7 lines>...
    )
    ^
  File "C:\Users\ANUBIS PC\Desktop\parsing PE411\delivery_bot\venv\Lib\site-packages\aiogram\dispatcher\middlewares\error.py", line 25, in __call__
    return await handler(event, data)
           ^^^^^^^^^^^^^^^^^^^^^^^^^^
  File "C:\Users\ANUBIS PC\Desktop\parsing PE411\delivery_bot\venv\Lib\site-packages\aiogram\dispatcher\middlewares\user_context.py", line 56, in __call__
    return await handler(event, data)
           ^^^^^^^^^^^^^^^^^^^^^^^^^^
  File "C:\Users\ANUBIS PC\Desktop\parsing PE411\delivery_bot\venv\Lib\site-packages\aiogram\fsm\middleware.py", line 42, in __call__
    return await handler(event, data)
           ^^^^^^^^^^^^^^^^^^^^^^^^^^
  File "C:\Users\ANUBIS PC\Desktop\parsing PE411\delivery_bot\venv\Lib\site-packages\aiogram\dispatcher\event\telegram.py", line 121, in trigger
    return await wrapped_inner(event, kwargs)
           ^^^^^^^^^^^^^^^^^^^^^^^^^^^^^^^^^^
  File "C:\Users\ANUBIS PC\Desktop\parsing PE411\delivery_bot\middlewares\logging.py", line 20, in __call__
    response = await handler(event, data)
               ^^^^^^^^^^^^^^^^^^^^^^^^^^
  File "C:\Users\ANUBIS PC\Desktop\parsing PE411\delivery_bot\middlewares\auth.py", line 28, in __call__
    return await handler(event, data)
           ^^^^^^^^^^^^^^^^^^^^^^^^^^
  File "C:\Users\ANUBIS PC\Desktop\parsing PE411\delivery_bot\venv\Lib\site-packages\aiogram\dispatcher\event\handler.py", line 43, in call
    return await wrapped()
           ^^^^^^^^^^^^^^^
  File "C:\Users\ANUBIS PC\Desktop\parsing PE411\delivery_bot\venv\Lib\site-packages\aiogram\dispatcher\dispatcher.py", line 276, in _listen_update
    return await self.propagate_event(update_type=update_type, event=event, **kwargs)
           ^^^^^^^^^^^^^^^^^^^^^^^^^^^^^^^^^^^^^^^^^^^^^^^^^^^^^^^^^^^^^^^^^^^^^^^^^^
  File "C:\Users\ANUBIS PC\Desktop\parsing PE411\delivery_bot\venv\Lib\site-packages\aiogram\dispatcher\router.py", line 146, in propagate_event
    return await observer.wrap_outer_middleware(_wrapped, event=event, data=kwargs)
           ^^^^^^^^^^^^^^^^^^^^^^^^^^^^^^^^^^^^^^^^^^^^^^^^^^^^^^^^^^^^^^^^^^^^^^^^
  File "C:\Users\ANUBIS PC\Desktop\parsing PE411\delivery_bot\venv\Lib\site-packages\aiogram\dispatcher\router.py", line 141, in _wrapped
    return await self._propagate_event(
           ^^^^^^^^^^^^^^^^^^^^^^^^^^^^
        observer=observer, update_type=update_type, event=telegram_event, **data
        ^^^^^^^^^^^^^^^^^^^^^^^^^^^^^^^^^^^^^^^^^^^^^^^^^^^^^^^^^^^^^^^^^^^^^^^^
    )
    ^
  File "C:\Users\ANUBIS PC\Desktop\parsing PE411\delivery_bot\venv\Lib\site-packages\aiogram\dispatcher\router.py", line 174, in _propagate_event
    response = await router.propagate_event(update_type=update_type, event=event, **kwargs)
               ^^^^^^^^^^^^^^^^^^^^^^^^^^^^^^^^^^^^^^^^^^^^^^^^^^^^^^^^^^^^^^^^^^^^^^^^^^^^
  File "C:\Users\ANUBIS PC\Desktop\parsing PE411\delivery_bot\venv\Lib\site-packages\aiogram\dispatcher\router.py", line 146, in propagate_event
    return await observer.wrap_outer_middleware(_wrapped, event=event, data=kwargs)
           ^^^^^^^^^^^^^^^^^^^^^^^^^^^^^^^^^^^^^^^^^^^^^^^^^^^^^^^^^^^^^^^^^^^^^^^^
  File "C:\Users\ANUBIS PC\Desktop\parsing PE411\delivery_bot\venv\Lib\site-packages\aiogram\dispatcher\router.py", line 141, in _wrapped
    return await self._propagate_event(
           ^^^^^^^^^^^^^^^^^^^^^^^^^^^^
        observer=observer, update_type=update_type, event=telegram_event, **data
        ^^^^^^^^^^^^^^^^^^^^^^^^^^^^^^^^^^^^^^^^^^^^^^^^^^^^^^^^^^^^^^^^^^^^^^^^
    )
    ^
  File "C:\Users\ANUBIS PC\Desktop\parsing PE411\delivery_bot\venv\Lib\site-packages\aiogram\dispatcher\router.py", line 166, in _propagate_event
    response = await observer.trigger(event, **kwargs)
               ^^^^^^^^^^^^^^^^^^^^^^^^^^^^^^^^^^^^^^^
  File "C:\Users\ANUBIS PC\Desktop\parsing PE411\delivery_bot\venv\Lib\site-packages\aiogram\dispatcher\event\telegram.py", line 121, in trigger
    return await wrapped_inner(event, kwargs)
           ^^^^^^^^^^^^^^^^^^^^^^^^^^^^^^^^^^
  File "C:\Users\ANUBIS PC\Desktop\parsing PE411\delivery_bot\venv\Lib\site-packages\aiogram\dispatcher\event\handler.py", line 43, in call
    return await wrapped()
           ^^^^^^^^^^^^^^^
  File "C:\Users\ANUBIS PC\Desktop\parsing PE411\delivery_bot\routers\menu.py", line 53, in category_handler
    category = category_manager.get(category_id)
               ^^^^^^^^^^^^^^^^^^^^
AttributeError: 'list' object has no attribute 'get'
2025-11-26 21:42:05,972 - INFO - Update id=946294700 is not handled. Duration 4 ms by bot id=8200360038
2025-11-26 21:42:05,972 - ERROR - Cause exception while process update id=946294700 by bot id=8200360038
AttributeError: 'list' object has no attribute 'get'
Traceback (most recent call last):
  File "C:\Users\ANUBIS PC\Desktop\parsing PE411\delivery_bot\venv\Lib\site-packages\aiogram\dispatcher\dispatcher.py", line 309, in _process_update
    response = await self.feed_update(bot, update, **kwargs)
               ^^^^^^^^^^^^^^^^^^^^^^^^^^^^^^^^^^^^^^^^^^^^^
  File "C:\Users\ANUBIS PC\Desktop\parsing PE411\delivery_bot\venv\Lib\site-packages\aiogram\dispatcher\dispatcher.py", line 158, in feed_update
    response = await self.update.wrap_outer_middleware(
               ^^^^^^^^^^^^^^^^^^^^^^^^^^^^^^^^^^^^^^^^
    ...<7 lines>...
    )
    ^
  File "C:\Users\ANUBIS PC\Desktop\parsing PE411\delivery_bot\venv\Lib\site-packages\aiogram\dispatcher\middlewares\error.py", line 25, in __call__
    return await handler(event, data)
           ^^^^^^^^^^^^^^^^^^^^^^^^^^
  File "C:\Users\ANUBIS PC\Desktop\parsing PE411\delivery_bot\venv\Lib\site-packages\aiogram\dispatcher\middlewares\user_context.py", line 56, in __call__
    return await handler(event, data)
           ^^^^^^^^^^^^^^^^^^^^^^^^^^
  File "C:\Users\ANUBIS PC\Desktop\parsing PE411\delivery_bot\venv\Lib\site-packages\aiogram\fsm\middleware.py", line 42, in __call__
    return await handler(event, data)
           ^^^^^^^^^^^^^^^^^^^^^^^^^^
  File "C:\Users\ANUBIS PC\Desktop\parsing PE411\delivery_bot\venv\Lib\site-packages\aiogram\dispatcher\event\telegram.py", line 121, in trigger
    return await wrapped_inner(event, kwargs)
           ^^^^^^^^^^^^^^^^^^^^^^^^^^^^^^^^^^
  File "C:\Users\ANUBIS PC\Desktop\parsing PE411\delivery_bot\middlewares\logging.py", line 20, in __call__
    response = await handler(event, data)
               ^^^^^^^^^^^^^^^^^^^^^^^^^^
  File "C:\Users\ANUBIS PC\Desktop\parsing PE411\delivery_bot\middlewares\auth.py", line 28, in __call__
    return await handler(event, data)
           ^^^^^^^^^^^^^^^^^^^^^^^^^^
  File "C:\Users\ANUBIS PC\Desktop\parsing PE411\delivery_bot\venv\Lib\site-packages\aiogram\dispatcher\event\handler.py", line 43, in call
    return await wrapped()
           ^^^^^^^^^^^^^^^
  File "C:\Users\ANUBIS PC\Desktop\parsing PE411\delivery_bot\venv\Lib\site-packages\aiogram\dispatcher\dispatcher.py", line 276, in _listen_update
    return await self.propagate_event(update_type=update_type, event=event, **kwargs)
           ^^^^^^^^^^^^^^^^^^^^^^^^^^^^^^^^^^^^^^^^^^^^^^^^^^^^^^^^^^^^^^^^^^^^^^^^^^
  File "C:\Users\ANUBIS PC\Desktop\parsing PE411\delivery_bot\venv\Lib\site-packages\aiogram\dispatcher\router.py", line 146, in propagate_event
    return await observer.wrap_outer_middleware(_wrapped, event=event, data=kwargs)
           ^^^^^^^^^^^^^^^^^^^^^^^^^^^^^^^^^^^^^^^^^^^^^^^^^^^^^^^^^^^^^^^^^^^^^^^^
  File "C:\Users\ANUBIS PC\Desktop\parsing PE411\delivery_bot\venv\Lib\site-packages\aiogram\dispatcher\router.py", line 141, in _wrapped
    return await self._propagate_event(
           ^^^^^^^^^^^^^^^^^^^^^^^^^^^^
        observer=observer, update_type=update_type, event=telegram_event, **data
        ^^^^^^^^^^^^^^^^^^^^^^^^^^^^^^^^^^^^^^^^^^^^^^^^^^^^^^^^^^^^^^^^^^^^^^^^
    )
    ^
  File "C:\Users\ANUBIS PC\Desktop\parsing PE411\delivery_bot\venv\Lib\site-packages\aiogram\dispatcher\router.py", line 174, in _propagate_event
    response = await router.propagate_event(update_type=update_type, event=event, **kwargs)
               ^^^^^^^^^^^^^^^^^^^^^^^^^^^^^^^^^^^^^^^^^^^^^^^^^^^^^^^^^^^^^^^^^^^^^^^^^^^^
  File "C:\Users\ANUBIS PC\Desktop\parsing PE411\delivery_bot\venv\Lib\site-packages\aiogram\dispatcher\router.py", line 146, in propagate_event
    return await observer.wrap_outer_middleware(_wrapped, event=event, data=kwargs)
           ^^^^^^^^^^^^^^^^^^^^^^^^^^^^^^^^^^^^^^^^^^^^^^^^^^^^^^^^^^^^^^^^^^^^^^^^
  File "C:\Users\ANUBIS PC\Desktop\parsing PE411\delivery_bot\venv\Lib\site-packages\aiogram\dispatcher\router.py", line 141, in _wrapped
    return await self._propagate_event(
           ^^^^^^^^^^^^^^^^^^^^^^^^^^^^
        observer=observer, update_type=update_type, event=telegram_event, **data
        ^^^^^^^^^^^^^^^^^^^^^^^^^^^^^^^^^^^^^^^^^^^^^^^^^^^^^^^^^^^^^^^^^^^^^^^^
    )
    ^
  File "C:\Users\ANUBIS PC\Desktop\parsing PE411\delivery_bot\venv\Lib\site-packages\aiogram\dispatcher\router.py", line 166, in _propagate_event
    response = await observer.trigger(event, **kwargs)
               ^^^^^^^^^^^^^^^^^^^^^^^^^^^^^^^^^^^^^^^
  File "C:\Users\ANUBIS PC\Desktop\parsing PE411\delivery_bot\venv\Lib\site-packages\aiogram\dispatcher\event\telegram.py", line 121, in trigger
    return await wrapped_inner(event, kwargs)
           ^^^^^^^^^^^^^^^^^^^^^^^^^^^^^^^^^^
  File "C:\Users\ANUBIS PC\Desktop\parsing PE411\delivery_bot\venv\Lib\site-packages\aiogram\dispatcher\event\handler.py", line 43, in call
    return await wrapped()
           ^^^^^^^^^^^^^^^
  File "C:\Users\ANUBIS PC\Desktop\parsing PE411\delivery_bot\routers\menu.py", line 53, in category_handler
    category = category_manager.get(category_id)
               ^^^^^^^^^^^^^^^^^^^^
AttributeError: 'list' object has no attribute 'get'
2025-11-26 21:44:48,279 - INFO - Polling stopped
2025-11-26 21:44:48,280 - ERROR - Failed to fetch updates - TelegramNetworkError: HTTP Client says - ServerDisconnectedError: Server disconnected
2025-11-26 21:44:48,281 - WARNING - Sleep for 1.000000 seconds and try again... (tryings = 0, bot id = 8200360038)
2025-11-26 21:44:48,533 - INFO - Polling stopped for bot @pe411_bot id=8200360038 - 'pe411'
2025-11-26 21:44:54,595 - INFO - MESSAGE: 546.8862056732178ms
2025-11-26 21:44:54,596 - INFO - Update id=946294701 is handled. Duration 548 ms by bot id=8200360038
2025-11-26 21:44:56,233 - INFO - CALLBACK: 223.97994995117188ms
2025-11-26 21:44:56,233 - INFO - Update id=946294702 is handled. Duration 224 ms by bot id=8200360038
2025-11-26 21:44:57,790 - INFO - Update id=946294703 is not handled. Duration 7 ms by bot id=8200360038
2025-11-26 21:44:57,790 - ERROR - Cause exception while process update id=946294703 by bot id=8200360038
AttributeError: 'list' object has no attribute 'get'
Traceback (most recent call last):
  File "C:\Users\ANUBIS PC\Desktop\parsing PE411\delivery_bot\venv\Lib\site-packages\aiogram\dispatcher\dispatcher.py", line 309, in _process_update
    response = await self.feed_update(bot, update, **kwargs)
               ^^^^^^^^^^^^^^^^^^^^^^^^^^^^^^^^^^^^^^^^^^^^^
  File "C:\Users\ANUBIS PC\Desktop\parsing PE411\delivery_bot\venv\Lib\site-packages\aiogram\dispatcher\dispatcher.py", line 158, in feed_update
    response = await self.update.wrap_outer_middleware(
               ^^^^^^^^^^^^^^^^^^^^^^^^^^^^^^^^^^^^^^^^
    ...<7 lines>...
    )
    ^
  File "C:\Users\ANUBIS PC\Desktop\parsing PE411\delivery_bot\venv\Lib\site-packages\aiogram\dispatcher\middlewares\error.py", line 25, in __call__
    return await handler(event, data)
           ^^^^^^^^^^^^^^^^^^^^^^^^^^
  File "C:\Users\ANUBIS PC\Desktop\parsing PE411\delivery_bot\venv\Lib\site-packages\aiogram\dispatcher\middlewares\user_context.py", line 56, in __call__
    return await handler(event, data)
           ^^^^^^^^^^^^^^^^^^^^^^^^^^
  File "C:\Users\ANUBIS PC\Desktop\parsing PE411\delivery_bot\venv\Lib\site-packages\aiogram\fsm\middleware.py", line 42, in __call__
    return await handler(event, data)
           ^^^^^^^^^^^^^^^^^^^^^^^^^^
  File "C:\Users\ANUBIS PC\Desktop\parsing PE411\delivery_bot\venv\Lib\site-packages\aiogram\dispatcher\event\telegram.py", line 121, in trigger
    return await wrapped_inner(event, kwargs)
           ^^^^^^^^^^^^^^^^^^^^^^^^^^^^^^^^^^
  File "C:\Users\ANUBIS PC\Desktop\parsing PE411\delivery_bot\middlewares\logging.py", line 20, in __call__
    response = await handler(event, data)
               ^^^^^^^^^^^^^^^^^^^^^^^^^^
  File "C:\Users\ANUBIS PC\Desktop\parsing PE411\delivery_bot\middlewares\auth.py", line 28, in __call__
    return await handler(event, data)
           ^^^^^^^^^^^^^^^^^^^^^^^^^^
  File "C:\Users\ANUBIS PC\Desktop\parsing PE411\delivery_bot\venv\Lib\site-packages\aiogram\dispatcher\event\handler.py", line 43, in call
    return await wrapped()
           ^^^^^^^^^^^^^^^
  File "C:\Users\ANUBIS PC\Desktop\parsing PE411\delivery_bot\venv\Lib\site-packages\aiogram\dispatcher\dispatcher.py", line 276, in _listen_update
    return await self.propagate_event(update_type=update_type, event=event, **kwargs)
           ^^^^^^^^^^^^^^^^^^^^^^^^^^^^^^^^^^^^^^^^^^^^^^^^^^^^^^^^^^^^^^^^^^^^^^^^^^
  File "C:\Users\ANUBIS PC\Desktop\parsing PE411\delivery_bot\venv\Lib\site-packages\aiogram\dispatcher\router.py", line 146, in propagate_event
    return await observer.wrap_outer_middleware(_wrapped, event=event, data=kwargs)
           ^^^^^^^^^^^^^^^^^^^^^^^^^^^^^^^^^^^^^^^^^^^^^^^^^^^^^^^^^^^^^^^^^^^^^^^^
  File "C:\Users\ANUBIS PC\Desktop\parsing PE411\delivery_bot\venv\Lib\site-packages\aiogram\dispatcher\router.py", line 141, in _wrapped
    return await self._propagate_event(
           ^^^^^^^^^^^^^^^^^^^^^^^^^^^^
        observer=observer, update_type=update_type, event=telegram_event, **data
        ^^^^^^^^^^^^^^^^^^^^^^^^^^^^^^^^^^^^^^^^^^^^^^^^^^^^^^^^^^^^^^^^^^^^^^^^
    )
    ^
  File "C:\Users\ANUBIS PC\Desktop\parsing PE411\delivery_bot\venv\Lib\site-packages\aiogram\dispatcher\router.py", line 174, in _propagate_event
    response = await router.propagate_event(update_type=update_type, event=event, **kwargs)
               ^^^^^^^^^^^^^^^^^^^^^^^^^^^^^^^^^^^^^^^^^^^^^^^^^^^^^^^^^^^^^^^^^^^^^^^^^^^^
  File "C:\Users\ANUBIS PC\Desktop\parsing PE411\delivery_bot\venv\Lib\site-packages\aiogram\dispatcher\router.py", line 146, in propagate_event
    return await observer.wrap_outer_middleware(_wrapped, event=event, data=kwargs)
           ^^^^^^^^^^^^^^^^^^^^^^^^^^^^^^^^^^^^^^^^^^^^^^^^^^^^^^^^^^^^^^^^^^^^^^^^
  File "C:\Users\ANUBIS PC\Desktop\parsing PE411\delivery_bot\venv\Lib\site-packages\aiogram\dispatcher\router.py", line 141, in _wrapped
    return await self._propagate_event(
           ^^^^^^^^^^^^^^^^^^^^^^^^^^^^
        observer=observer, update_type=update_type, event=telegram_event, **data
        ^^^^^^^^^^^^^^^^^^^^^^^^^^^^^^^^^^^^^^^^^^^^^^^^^^^^^^^^^^^^^^^^^^^^^^^^
    )
    ^
  File "C:\Users\ANUBIS PC\Desktop\parsing PE411\delivery_bot\venv\Lib\site-packages\aiogram\dispatcher\router.py", line 166, in _propagate_event
    response = await observer.trigger(event, **kwargs)
               ^^^^^^^^^^^^^^^^^^^^^^^^^^^^^^^^^^^^^^^
  File "C:\Users\ANUBIS PC\Desktop\parsing PE411\delivery_bot\venv\Lib\site-packages\aiogram\dispatcher\event\telegram.py", line 121, in trigger
    return await wrapped_inner(event, kwargs)
           ^^^^^^^^^^^^^^^^^^^^^^^^^^^^^^^^^^
  File "C:\Users\ANUBIS PC\Desktop\parsing PE411\delivery_bot\venv\Lib\site-packages\aiogram\dispatcher\event\handler.py", line 43, in call
    return await wrapped()
           ^^^^^^^^^^^^^^^
  File "C:\Users\ANUBIS PC\Desktop\parsing PE411\delivery_bot\routers\menu.py", line 55, in category_handler
    category = category_manager.get(category_id)
               ^^^^^^^^^^^^^^^^^^^^
AttributeError: 'list' object has no attribute 'get'
2025-11-26 21:46:11,577 - INFO - Polling stopped
2025-11-26 21:46:11,578 - ERROR - Failed to fetch updates - TelegramNetworkError: HTTP Client says - ServerDisconnectedError: Server disconnected
2025-11-26 21:46:11,579 - WARNING - Sleep for 1.000000 seconds and try again... (tryings = 0, bot id = 8200360038)
2025-11-26 21:46:11,831 - INFO - Polling stopped for bot @pe411_bot id=8200360038 - 'pe411'
2025-11-26 21:46:18,466 - INFO - MESSAGE: 861.7556095123291ms
2025-11-26 21:46:18,466 - INFO - Update id=946294704 is handled. Duration 863 ms by bot id=8200360038
2025-11-26 21:46:20,184 - INFO - CALLBACK: 218.5838222503662ms
2025-11-26 21:46:20,184 - INFO - Update id=946294705 is handled. Duration 219 ms by bot id=8200360038
2025-11-26 21:46:21,534 - INFO - CALLBACK: 192.7962303161621ms
2025-11-26 21:46:21,534 - INFO - Update id=946294706 is handled. Duration 193 ms by bot id=8200360038
2025-11-26 21:46:24,895 - INFO - CALLBACK: 3.393411636352539ms
2025-11-26 21:46:24,895 - INFO - Update id=946294707 is not handled. Duration 4 ms by bot id=8200360038
2025-11-26 21:47:11,523 - INFO - Polling stopped
2025-11-26 21:47:11,524 - ERROR - Failed to fetch updates - TelegramNetworkError: HTTP Client says - ServerDisconnectedError: Server disconnected
2025-11-26 21:47:11,524 - WARNING - Sleep for 1.000000 seconds and try again... (tryings = 0, bot id = 8200360038)
2025-11-26 21:47:11,785 - INFO - Polling stopped for bot @pe411_bot id=8200360038 - 'pe411'
2025-11-27 19:36:41,487 - INFO - MESSAGE: 594.1250324249268ms
2025-11-27 19:36:41,487 - INFO - Update id=946294719 is handled. Duration 595 ms by bot id=8200360038
2025-11-27 19:36:45,517 - INFO - CALLBACK: 273.3802795410156ms
2025-11-27 19:36:45,517 - INFO - Update id=946294720 is handled. Duration 274 ms by bot id=8200360038
2025-11-27 19:36:47,024 - INFO - CALLBACK: 199.24116134643555ms
2025-11-27 19:36:47,024 - INFO - Update id=946294721 is handled. Duration 200 ms by bot id=8200360038
2025-11-27 19:36:49,180 - INFO - CALLBACK: 835.6215953826904ms
2025-11-27 19:36:49,180 - INFO - Update id=946294722 is handled. Duration 836 ms by bot id=8200360038
2025-11-27 19:37:35,370 - INFO - CALLBACK: 3.568887710571289ms
2025-11-27 19:37:35,370 - INFO - Update id=946294723 is not handled. Duration 4 ms by bot id=8200360038
2025-11-27 19:37:36,704 - INFO - CALLBACK: 3.469228744506836ms
2025-11-27 19:37:36,704 - INFO - Update id=946294724 is not handled. Duration 4 ms by bot id=8200360038
2025-11-27 19:37:37,598 - INFO - CALLBACK: 3.521442413330078ms
2025-11-27 19:37:37,598 - INFO - Update id=946294725 is not handled. Duration 4 ms by bot id=8200360038
2025-11-27 19:37:37,993 - INFO - CALLBACK: 5.063295364379883ms
2025-11-27 19:37:37,994 - INFO - Update id=946294726 is not handled. Duration 5 ms by bot id=8200360038
2025-11-27 19:37:38,562 - INFO - CALLBACK: 4.405498504638672ms
2025-11-27 19:37:38,562 - INFO - Update id=946294727 is not handled. Duration 5 ms by bot id=8200360038
2025-11-27 19:37:43,864 - INFO - Update id=946294728 is not handled. Duration 118 ms by bot id=8200360038
2025-11-27 19:37:43,865 - ERROR - Cause exception while process update id=946294728 by bot id=8200360038
TelegramBadRequest: Telegram server says - Bad Request: there is no text in the message to edit
Traceback (most recent call last):
  File "C:\Users\ANUBIS PC\Desktop\parsing PE411\delivery_bot\venv\Lib\site-packages\aiogram\dispatcher\dispatcher.py", line 309, in _process_update
    response = await self.feed_update(bot, update, **kwargs)
               ^^^^^^^^^^^^^^^^^^^^^^^^^^^^^^^^^^^^^^^^^^^^^
  File "C:\Users\ANUBIS PC\Desktop\parsing PE411\delivery_bot\venv\Lib\site-packages\aiogram\dispatcher\dispatcher.py", line 158, in feed_update
    response = await self.update.wrap_outer_middleware(
               ^^^^^^^^^^^^^^^^^^^^^^^^^^^^^^^^^^^^^^^^
    ...<7 lines>...
    )
    ^
  File "C:\Users\ANUBIS PC\Desktop\parsing PE411\delivery_bot\venv\Lib\site-packages\aiogram\dispatcher\middlewares\error.py", line 25, in __call__
    return await handler(event, data)
           ^^^^^^^^^^^^^^^^^^^^^^^^^^
  File "C:\Users\ANUBIS PC\Desktop\parsing PE411\delivery_bot\venv\Lib\site-packages\aiogram\dispatcher\middlewares\user_context.py", line 56, in __call__
    return await handler(event, data)
           ^^^^^^^^^^^^^^^^^^^^^^^^^^
  File "C:\Users\ANUBIS PC\Desktop\parsing PE411\delivery_bot\venv\Lib\site-packages\aiogram\fsm\middleware.py", line 42, in __call__
    return await handler(event, data)
           ^^^^^^^^^^^^^^^^^^^^^^^^^^
  File "C:\Users\ANUBIS PC\Desktop\parsing PE411\delivery_bot\venv\Lib\site-packages\aiogram\dispatcher\event\telegram.py", line 121, in trigger
    return await wrapped_inner(event, kwargs)
           ^^^^^^^^^^^^^^^^^^^^^^^^^^^^^^^^^^
  File "C:\Users\ANUBIS PC\Desktop\parsing PE411\delivery_bot\middlewares\logging.py", line 20, in __call__
    response = await handler(event, data)
               ^^^^^^^^^^^^^^^^^^^^^^^^^^
  File "C:\Users\ANUBIS PC\Desktop\parsing PE411\delivery_bot\middlewares\auth.py", line 28, in __call__
    return await handler(event, data)
           ^^^^^^^^^^^^^^^^^^^^^^^^^^
  File "C:\Users\ANUBIS PC\Desktop\parsing PE411\delivery_bot\venv\Lib\site-packages\aiogram\dispatcher\event\handler.py", line 43, in call
    return await wrapped()
           ^^^^^^^^^^^^^^^
  File "C:\Users\ANUBIS PC\Desktop\parsing PE411\delivery_bot\venv\Lib\site-packages\aiogram\dispatcher\dispatcher.py", line 276, in _listen_update
    return await self.propagate_event(update_type=update_type, event=event, **kwargs)
           ^^^^^^^^^^^^^^^^^^^^^^^^^^^^^^^^^^^^^^^^^^^^^^^^^^^^^^^^^^^^^^^^^^^^^^^^^^
  File "C:\Users\ANUBIS PC\Desktop\parsing PE411\delivery_bot\venv\Lib\site-packages\aiogram\dispatcher\router.py", line 146, in propagate_event
    return await observer.wrap_outer_middleware(_wrapped, event=event, data=kwargs)
           ^^^^^^^^^^^^^^^^^^^^^^^^^^^^^^^^^^^^^^^^^^^^^^^^^^^^^^^^^^^^^^^^^^^^^^^^
  File "C:\Users\ANUBIS PC\Desktop\parsing PE411\delivery_bot\venv\Lib\site-packages\aiogram\dispatcher\router.py", line 141, in _wrapped
    return await self._propagate_event(
           ^^^^^^^^^^^^^^^^^^^^^^^^^^^^
        observer=observer, update_type=update_type, event=telegram_event, **data
        ^^^^^^^^^^^^^^^^^^^^^^^^^^^^^^^^^^^^^^^^^^^^^^^^^^^^^^^^^^^^^^^^^^^^^^^^
    )
    ^
  File "C:\Users\ANUBIS PC\Desktop\parsing PE411\delivery_bot\venv\Lib\site-packages\aiogram\dispatcher\router.py", line 174, in _propagate_event
    response = await router.propagate_event(update_type=update_type, event=event, **kwargs)
               ^^^^^^^^^^^^^^^^^^^^^^^^^^^^^^^^^^^^^^^^^^^^^^^^^^^^^^^^^^^^^^^^^^^^^^^^^^^^
  File "C:\Users\ANUBIS PC\Desktop\parsing PE411\delivery_bot\venv\Lib\site-packages\aiogram\dispatcher\router.py", line 146, in propagate_event
    return await observer.wrap_outer_middleware(_wrapped, event=event, data=kwargs)
           ^^^^^^^^^^^^^^^^^^^^^^^^^^^^^^^^^^^^^^^^^^^^^^^^^^^^^^^^^^^^^^^^^^^^^^^^
  File "C:\Users\ANUBIS PC\Desktop\parsing PE411\delivery_bot\venv\Lib\site-packages\aiogram\dispatcher\router.py", line 141, in _wrapped
    return await self._propagate_event(
           ^^^^^^^^^^^^^^^^^^^^^^^^^^^^
        observer=observer, update_type=update_type, event=telegram_event, **data
        ^^^^^^^^^^^^^^^^^^^^^^^^^^^^^^^^^^^^^^^^^^^^^^^^^^^^^^^^^^^^^^^^^^^^^^^^
    )
    ^
  File "C:\Users\ANUBIS PC\Desktop\parsing PE411\delivery_bot\venv\Lib\site-packages\aiogram\dispatcher\router.py", line 166, in _propagate_event
    response = await observer.trigger(event, **kwargs)
               ^^^^^^^^^^^^^^^^^^^^^^^^^^^^^^^^^^^^^^^
  File "C:\Users\ANUBIS PC\Desktop\parsing PE411\delivery_bot\venv\Lib\site-packages\aiogram\dispatcher\event\telegram.py", line 121, in trigger
    return await wrapped_inner(event, kwargs)
           ^^^^^^^^^^^^^^^^^^^^^^^^^^^^^^^^^^
  File "C:\Users\ANUBIS PC\Desktop\parsing PE411\delivery_bot\venv\Lib\site-packages\aiogram\dispatcher\event\handler.py", line 43, in call
    return await wrapped()
           ^^^^^^^^^^^^^^^
  File "C:\Users\ANUBIS PC\Desktop\parsing PE411\delivery_bot\routers\start.py", line 26, in back
    await cb.message.edit_text(
    ...<2 lines>...
    )
  File "C:\Users\ANUBIS PC\Desktop\parsing PE411\delivery_bot\venv\Lib\site-packages\aiogram\methods\base.py", line 84, in emit
    return await bot(self)
           ^^^^^^^^^^^^^^^
  File "C:\Users\ANUBIS PC\Desktop\parsing PE411\delivery_bot\venv\Lib\site-packages\aiogram\client\bot.py", line 485, in __call__
    return await self.session(self, method, timeout=request_timeout)
           ^^^^^^^^^^^^^^^^^^^^^^^^^^^^^^^^^^^^^^^^^^^^^^^^^^^^^^^^^
  File "C:\Users\ANUBIS PC\Desktop\parsing PE411\delivery_bot\venv\Lib\site-packages\aiogram\client\session\base.py", line 254, in __call__
    return cast(TelegramType, await middleware(bot, method))
                              ^^^^^^^^^^^^^^^^^^^^^^^^^^^^^
  File "C:\Users\ANUBIS PC\Desktop\parsing PE411\delivery_bot\venv\Lib\site-packages\aiogram\client\session\aiohttp.py", line 185, in make_request
    response = self.check_response(
        bot=bot, method=method, status_code=resp.status, content=raw_result
    )
  File "C:\Users\ANUBIS PC\Desktop\parsing PE411\delivery_bot\venv\Lib\site-packages\aiogram\client\session\base.py", line 120, in check_response
    raise TelegramBadRequest(method=method, message=description)
aiogram.exceptions.TelegramBadRequest: Telegram server says - Bad Request: there is no text in the message to edit
2025-11-27 19:37:45,313 - INFO - Update id=946294729 is not handled. Duration 100 ms by bot id=8200360038
2025-11-27 19:37:45,313 - ERROR - Cause exception while process update id=946294729 by bot id=8200360038
TelegramBadRequest: Telegram server says - Bad Request: there is no text in the message to edit
Traceback (most recent call last):
  File "C:\Users\ANUBIS PC\Desktop\parsing PE411\delivery_bot\venv\Lib\site-packages\aiogram\dispatcher\dispatcher.py", line 309, in _process_update
    response = await self.feed_update(bot, update, **kwargs)
               ^^^^^^^^^^^^^^^^^^^^^^^^^^^^^^^^^^^^^^^^^^^^^
  File "C:\Users\ANUBIS PC\Desktop\parsing PE411\delivery_bot\venv\Lib\site-packages\aiogram\dispatcher\dispatcher.py", line 158, in feed_update
    response = await self.update.wrap_outer_middleware(
               ^^^^^^^^^^^^^^^^^^^^^^^^^^^^^^^^^^^^^^^^
    ...<7 lines>...
    )
    ^
  File "C:\Users\ANUBIS PC\Desktop\parsing PE411\delivery_bot\venv\Lib\site-packages\aiogram\dispatcher\middlewares\error.py", line 25, in __call__
    return await handler(event, data)
           ^^^^^^^^^^^^^^^^^^^^^^^^^^
  File "C:\Users\ANUBIS PC\Desktop\parsing PE411\delivery_bot\venv\Lib\site-packages\aiogram\dispatcher\middlewares\user_context.py", line 56, in __call__
    return await handler(event, data)
           ^^^^^^^^^^^^^^^^^^^^^^^^^^
  File "C:\Users\ANUBIS PC\Desktop\parsing PE411\delivery_bot\venv\Lib\site-packages\aiogram\fsm\middleware.py", line 42, in __call__
    return await handler(event, data)
           ^^^^^^^^^^^^^^^^^^^^^^^^^^
  File "C:\Users\ANUBIS PC\Desktop\parsing PE411\delivery_bot\venv\Lib\site-packages\aiogram\dispatcher\event\telegram.py", line 121, in trigger
    return await wrapped_inner(event, kwargs)
           ^^^^^^^^^^^^^^^^^^^^^^^^^^^^^^^^^^
  File "C:\Users\ANUBIS PC\Desktop\parsing PE411\delivery_bot\middlewares\logging.py", line 20, in __call__
    response = await handler(event, data)
               ^^^^^^^^^^^^^^^^^^^^^^^^^^
  File "C:\Users\ANUBIS PC\Desktop\parsing PE411\delivery_bot\middlewares\auth.py", line 28, in __call__
    return await handler(event, data)
           ^^^^^^^^^^^^^^^^^^^^^^^^^^
  File "C:\Users\ANUBIS PC\Desktop\parsing PE411\delivery_bot\venv\Lib\site-packages\aiogram\dispatcher\event\handler.py", line 43, in call
    return await wrapped()
           ^^^^^^^^^^^^^^^
  File "C:\Users\ANUBIS PC\Desktop\parsing PE411\delivery_bot\venv\Lib\site-packages\aiogram\dispatcher\dispatcher.py", line 276, in _listen_update
    return await self.propagate_event(update_type=update_type, event=event, **kwargs)
           ^^^^^^^^^^^^^^^^^^^^^^^^^^^^^^^^^^^^^^^^^^^^^^^^^^^^^^^^^^^^^^^^^^^^^^^^^^
  File "C:\Users\ANUBIS PC\Desktop\parsing PE411\delivery_bot\venv\Lib\site-packages\aiogram\dispatcher\router.py", line 146, in propagate_event
    return await observer.wrap_outer_middleware(_wrapped, event=event, data=kwargs)
           ^^^^^^^^^^^^^^^^^^^^^^^^^^^^^^^^^^^^^^^^^^^^^^^^^^^^^^^^^^^^^^^^^^^^^^^^
  File "C:\Users\ANUBIS PC\Desktop\parsing PE411\delivery_bot\venv\Lib\site-packages\aiogram\dispatcher\router.py", line 141, in _wrapped
    return await self._propagate_event(
           ^^^^^^^^^^^^^^^^^^^^^^^^^^^^
        observer=observer, update_type=update_type, event=telegram_event, **data
        ^^^^^^^^^^^^^^^^^^^^^^^^^^^^^^^^^^^^^^^^^^^^^^^^^^^^^^^^^^^^^^^^^^^^^^^^
    )
    ^
  File "C:\Users\ANUBIS PC\Desktop\parsing PE411\delivery_bot\venv\Lib\site-packages\aiogram\dispatcher\router.py", line 174, in _propagate_event
    response = await router.propagate_event(update_type=update_type, event=event, **kwargs)
               ^^^^^^^^^^^^^^^^^^^^^^^^^^^^^^^^^^^^^^^^^^^^^^^^^^^^^^^^^^^^^^^^^^^^^^^^^^^^
  File "C:\Users\ANUBIS PC\Desktop\parsing PE411\delivery_bot\venv\Lib\site-packages\aiogram\dispatcher\router.py", line 146, in propagate_event
    return await observer.wrap_outer_middleware(_wrapped, event=event, data=kwargs)
           ^^^^^^^^^^^^^^^^^^^^^^^^^^^^^^^^^^^^^^^^^^^^^^^^^^^^^^^^^^^^^^^^^^^^^^^^
  File "C:\Users\ANUBIS PC\Desktop\parsing PE411\delivery_bot\venv\Lib\site-packages\aiogram\dispatcher\router.py", line 141, in _wrapped
    return await self._propagate_event(
           ^^^^^^^^^^^^^^^^^^^^^^^^^^^^
        observer=observer, update_type=update_type, event=telegram_event, **data
        ^^^^^^^^^^^^^^^^^^^^^^^^^^^^^^^^^^^^^^^^^^^^^^^^^^^^^^^^^^^^^^^^^^^^^^^^
    )
    ^
  File "C:\Users\ANUBIS PC\Desktop\parsing PE411\delivery_bot\venv\Lib\site-packages\aiogram\dispatcher\router.py", line 166, in _propagate_event
    response = await observer.trigger(event, **kwargs)
               ^^^^^^^^^^^^^^^^^^^^^^^^^^^^^^^^^^^^^^^
  File "C:\Users\ANUBIS PC\Desktop\parsing PE411\delivery_bot\venv\Lib\site-packages\aiogram\dispatcher\event\telegram.py", line 121, in trigger
    return await wrapped_inner(event, kwargs)
           ^^^^^^^^^^^^^^^^^^^^^^^^^^^^^^^^^^
  File "C:\Users\ANUBIS PC\Desktop\parsing PE411\delivery_bot\venv\Lib\site-packages\aiogram\dispatcher\event\handler.py", line 43, in call
    return await wrapped()
           ^^^^^^^^^^^^^^^
  File "C:\Users\ANUBIS PC\Desktop\parsing PE411\delivery_bot\routers\start.py", line 26, in back
    await cb.message.edit_text(
    ...<2 lines>...
    )
  File "C:\Users\ANUBIS PC\Desktop\parsing PE411\delivery_bot\venv\Lib\site-packages\aiogram\methods\base.py", line 84, in emit
    return await bot(self)
           ^^^^^^^^^^^^^^^
  File "C:\Users\ANUBIS PC\Desktop\parsing PE411\delivery_bot\venv\Lib\site-packages\aiogram\client\bot.py", line 485, in __call__
    return await self.session(self, method, timeout=request_timeout)
           ^^^^^^^^^^^^^^^^^^^^^^^^^^^^^^^^^^^^^^^^^^^^^^^^^^^^^^^^^
  File "C:\Users\ANUBIS PC\Desktop\parsing PE411\delivery_bot\venv\Lib\site-packages\aiogram\client\session\base.py", line 254, in __call__
    return cast(TelegramType, await middleware(bot, method))
                              ^^^^^^^^^^^^^^^^^^^^^^^^^^^^^
  File "C:\Users\ANUBIS PC\Desktop\parsing PE411\delivery_bot\venv\Lib\site-packages\aiogram\client\session\aiohttp.py", line 185, in make_request
    response = self.check_response(
        bot=bot, method=method, status_code=resp.status, content=raw_result
    )
  File "C:\Users\ANUBIS PC\Desktop\parsing PE411\delivery_bot\venv\Lib\site-packages\aiogram\client\session\base.py", line 120, in check_response
    raise TelegramBadRequest(method=method, message=description)
aiogram.exceptions.TelegramBadRequest: Telegram server says - Bad Request: there is no text in the message to edit
2025-11-27 19:37:47,180 - INFO - MESSAGE: 182.40809440612793ms
2025-11-27 19:37:47,181 - INFO - Update id=946294730 is handled. Duration 183 ms by bot id=8200360038
2025-11-27 19:37:48,641 - INFO - CALLBACK: 199.69654083251953ms
2025-11-27 19:37:48,641 - INFO - Update id=946294731 is handled. Duration 200 ms by bot id=8200360038
2025-11-27 19:37:50,127 - INFO - CALLBACK: 148.61106872558594ms
2025-11-27 19:37:50,127 - INFO - Update id=946294732 is handled. Duration 149 ms by bot id=8200360038
2025-11-27 19:37:52,591 - INFO - Update id=946294733 is not handled. Duration 773 ms by bot id=8200360038
2025-11-27 19:37:52,591 - ERROR - Cause exception while process update id=946294733 by bot id=8200360038
TelegramBadRequest: Telegram server says - Bad Request: failed to get HTTP URL content
Traceback (most recent call last):
  File "C:\Users\ANUBIS PC\Desktop\parsing PE411\delivery_bot\venv\Lib\site-packages\aiogram\dispatcher\dispatcher.py", line 309, in _process_update
    response = await self.feed_update(bot, update, **kwargs)
               ^^^^^^^^^^^^^^^^^^^^^^^^^^^^^^^^^^^^^^^^^^^^^
  File "C:\Users\ANUBIS PC\Desktop\parsing PE411\delivery_bot\venv\Lib\site-packages\aiogram\dispatcher\dispatcher.py", line 158, in feed_update
    response = await self.update.wrap_outer_middleware(
               ^^^^^^^^^^^^^^^^^^^^^^^^^^^^^^^^^^^^^^^^
    ...<7 lines>...
    )
    ^
  File "C:\Users\ANUBIS PC\Desktop\parsing PE411\delivery_bot\venv\Lib\site-packages\aiogram\dispatcher\middlewares\error.py", line 25, in __call__
    return await handler(event, data)
           ^^^^^^^^^^^^^^^^^^^^^^^^^^
  File "C:\Users\ANUBIS PC\Desktop\parsing PE411\delivery_bot\venv\Lib\site-packages\aiogram\dispatcher\middlewares\user_context.py", line 56, in __call__
    return await handler(event, data)
           ^^^^^^^^^^^^^^^^^^^^^^^^^^
  File "C:\Users\ANUBIS PC\Desktop\parsing PE411\delivery_bot\venv\Lib\site-packages\aiogram\fsm\middleware.py", line 42, in __call__
    return await handler(event, data)
           ^^^^^^^^^^^^^^^^^^^^^^^^^^
  File "C:\Users\ANUBIS PC\Desktop\parsing PE411\delivery_bot\venv\Lib\site-packages\aiogram\dispatcher\event\telegram.py", line 121, in trigger
    return await wrapped_inner(event, kwargs)
           ^^^^^^^^^^^^^^^^^^^^^^^^^^^^^^^^^^
  File "C:\Users\ANUBIS PC\Desktop\parsing PE411\delivery_bot\middlewares\logging.py", line 20, in __call__
    response = await handler(event, data)
               ^^^^^^^^^^^^^^^^^^^^^^^^^^
  File "C:\Users\ANUBIS PC\Desktop\parsing PE411\delivery_bot\middlewares\auth.py", line 28, in __call__
    return await handler(event, data)
           ^^^^^^^^^^^^^^^^^^^^^^^^^^
  File "C:\Users\ANUBIS PC\Desktop\parsing PE411\delivery_bot\venv\Lib\site-packages\aiogram\dispatcher\event\handler.py", line 43, in call
    return await wrapped()
           ^^^^^^^^^^^^^^^
  File "C:\Users\ANUBIS PC\Desktop\parsing PE411\delivery_bot\venv\Lib\site-packages\aiogram\dispatcher\dispatcher.py", line 276, in _listen_update
    return await self.propagate_event(update_type=update_type, event=event, **kwargs)
           ^^^^^^^^^^^^^^^^^^^^^^^^^^^^^^^^^^^^^^^^^^^^^^^^^^^^^^^^^^^^^^^^^^^^^^^^^^
  File "C:\Users\ANUBIS PC\Desktop\parsing PE411\delivery_bot\venv\Lib\site-packages\aiogram\dispatcher\router.py", line 146, in propagate_event
    return await observer.wrap_outer_middleware(_wrapped, event=event, data=kwargs)
           ^^^^^^^^^^^^^^^^^^^^^^^^^^^^^^^^^^^^^^^^^^^^^^^^^^^^^^^^^^^^^^^^^^^^^^^^
  File "C:\Users\ANUBIS PC\Desktop\parsing PE411\delivery_bot\venv\Lib\site-packages\aiogram\dispatcher\router.py", line 141, in _wrapped
    return await self._propagate_event(
           ^^^^^^^^^^^^^^^^^^^^^^^^^^^^
        observer=observer, update_type=update_type, event=telegram_event, **data
        ^^^^^^^^^^^^^^^^^^^^^^^^^^^^^^^^^^^^^^^^^^^^^^^^^^^^^^^^^^^^^^^^^^^^^^^^
    )
    ^
  File "C:\Users\ANUBIS PC\Desktop\parsing PE411\delivery_bot\venv\Lib\site-packages\aiogram\dispatcher\router.py", line 174, in _propagate_event
    response = await router.propagate_event(update_type=update_type, event=event, **kwargs)
               ^^^^^^^^^^^^^^^^^^^^^^^^^^^^^^^^^^^^^^^^^^^^^^^^^^^^^^^^^^^^^^^^^^^^^^^^^^^^
  File "C:\Users\ANUBIS PC\Desktop\parsing PE411\delivery_bot\venv\Lib\site-packages\aiogram\dispatcher\router.py", line 146, in propagate_event
    return await observer.wrap_outer_middleware(_wrapped, event=event, data=kwargs)
           ^^^^^^^^^^^^^^^^^^^^^^^^^^^^^^^^^^^^^^^^^^^^^^^^^^^^^^^^^^^^^^^^^^^^^^^^
  File "C:\Users\ANUBIS PC\Desktop\parsing PE411\delivery_bot\venv\Lib\site-packages\aiogram\dispatcher\router.py", line 141, in _wrapped
    return await self._propagate_event(
           ^^^^^^^^^^^^^^^^^^^^^^^^^^^^
        observer=observer, update_type=update_type, event=telegram_event, **data
        ^^^^^^^^^^^^^^^^^^^^^^^^^^^^^^^^^^^^^^^^^^^^^^^^^^^^^^^^^^^^^^^^^^^^^^^^
    )
    ^
  File "C:\Users\ANUBIS PC\Desktop\parsing PE411\delivery_bot\venv\Lib\site-packages\aiogram\dispatcher\router.py", line 166, in _propagate_event
    response = await observer.trigger(event, **kwargs)
               ^^^^^^^^^^^^^^^^^^^^^^^^^^^^^^^^^^^^^^^
  File "C:\Users\ANUBIS PC\Desktop\parsing PE411\delivery_bot\venv\Lib\site-packages\aiogram\dispatcher\event\telegram.py", line 121, in trigger
    return await wrapped_inner(event, kwargs)
           ^^^^^^^^^^^^^^^^^^^^^^^^^^^^^^^^^^
  File "C:\Users\ANUBIS PC\Desktop\parsing PE411\delivery_bot\venv\Lib\site-packages\aiogram\dispatcher\event\handler.py", line 43, in call
    return await wrapped()
           ^^^^^^^^^^^^^^^
  File "C:\Users\ANUBIS PC\Desktop\parsing PE411\delivery_bot\routers\menu.py", line 83, in product_handler
    await cb.message.answer_photo(
    ...<3 lines>...
    )
  File "C:\Users\ANUBIS PC\Desktop\parsing PE411\delivery_bot\venv\Lib\site-packages\aiogram\methods\base.py", line 84, in emit
    return await bot(self)
           ^^^^^^^^^^^^^^^
  File "C:\Users\ANUBIS PC\Desktop\parsing PE411\delivery_bot\venv\Lib\site-packages\aiogram\client\bot.py", line 485, in __call__
    return await self.session(self, method, timeout=request_timeout)
           ^^^^^^^^^^^^^^^^^^^^^^^^^^^^^^^^^^^^^^^^^^^^^^^^^^^^^^^^^
  File "C:\Users\ANUBIS PC\Desktop\parsing PE411\delivery_bot\venv\Lib\site-packages\aiogram\client\session\base.py", line 254, in __call__
    return cast(TelegramType, await middleware(bot, method))
                              ^^^^^^^^^^^^^^^^^^^^^^^^^^^^^
  File "C:\Users\ANUBIS PC\Desktop\parsing PE411\delivery_bot\venv\Lib\site-packages\aiogram\client\session\aiohttp.py", line 185, in make_request
    response = self.check_response(
        bot=bot, method=method, status_code=resp.status, content=raw_result
    )
  File "C:\Users\ANUBIS PC\Desktop\parsing PE411\delivery_bot\venv\Lib\site-packages\aiogram\client\session\base.py", line 120, in check_response
    raise TelegramBadRequest(method=method, message=description)
aiogram.exceptions.TelegramBadRequest: Telegram server says - Bad Request: failed to get HTTP URL content
2025-11-27 19:37:56,178 - INFO - MESSAGE: 160.61115264892578ms
2025-11-27 19:37:56,179 - INFO - Update id=946294734 is handled. Duration 161 ms by bot id=8200360038
2025-11-27 19:37:57,690 - INFO - CALLBACK: 125.41937828063965ms
2025-11-27 19:37:57,690 - INFO - Update id=946294735 is handled. Duration 126 ms by bot id=8200360038
2025-11-27 19:37:59,211 - INFO - CALLBACK: 145.5225944519043ms
2025-11-27 19:37:59,211 - INFO - Update id=946294736 is handled. Duration 146 ms by bot id=8200360038
2025-11-27 19:38:01,279 - INFO - Update id=946294737 is not handled. Duration 807 ms by bot id=8200360038
2025-11-27 19:38:01,280 - ERROR - Cause exception while process update id=946294737 by bot id=8200360038
TelegramBadRequest: Telegram server says - Bad Request: failed to get HTTP URL content
Traceback (most recent call last):
  File "C:\Users\ANUBIS PC\Desktop\parsing PE411\delivery_bot\venv\Lib\site-packages\aiogram\dispatcher\dispatcher.py", line 309, in _process_update
    response = await self.feed_update(bot, update, **kwargs)
               ^^^^^^^^^^^^^^^^^^^^^^^^^^^^^^^^^^^^^^^^^^^^^
  File "C:\Users\ANUBIS PC\Desktop\parsing PE411\delivery_bot\venv\Lib\site-packages\aiogram\dispatcher\dispatcher.py", line 158, in feed_update
    response = await self.update.wrap_outer_middleware(
               ^^^^^^^^^^^^^^^^^^^^^^^^^^^^^^^^^^^^^^^^
    ...<7 lines>...
    )
    ^
  File "C:\Users\ANUBIS PC\Desktop\parsing PE411\delivery_bot\venv\Lib\site-packages\aiogram\dispatcher\middlewares\error.py", line 25, in __call__
    return await handler(event, data)
           ^^^^^^^^^^^^^^^^^^^^^^^^^^
  File "C:\Users\ANUBIS PC\Desktop\parsing PE411\delivery_bot\venv\Lib\site-packages\aiogram\dispatcher\middlewares\user_context.py", line 56, in __call__
    return await handler(event, data)
           ^^^^^^^^^^^^^^^^^^^^^^^^^^
  File "C:\Users\ANUBIS PC\Desktop\parsing PE411\delivery_bot\venv\Lib\site-packages\aiogram\fsm\middleware.py", line 42, in __call__
    return await handler(event, data)
           ^^^^^^^^^^^^^^^^^^^^^^^^^^
  File "C:\Users\ANUBIS PC\Desktop\parsing PE411\delivery_bot\venv\Lib\site-packages\aiogram\dispatcher\event\telegram.py", line 121, in trigger
    return await wrapped_inner(event, kwargs)
           ^^^^^^^^^^^^^^^^^^^^^^^^^^^^^^^^^^
  File "C:\Users\ANUBIS PC\Desktop\parsing PE411\delivery_bot\middlewares\logging.py", line 20, in __call__
    response = await handler(event, data)
               ^^^^^^^^^^^^^^^^^^^^^^^^^^
  File "C:\Users\ANUBIS PC\Desktop\parsing PE411\delivery_bot\middlewares\auth.py", line 28, in __call__
    return await handler(event, data)
           ^^^^^^^^^^^^^^^^^^^^^^^^^^
  File "C:\Users\ANUBIS PC\Desktop\parsing PE411\delivery_bot\venv\Lib\site-packages\aiogram\dispatcher\event\handler.py", line 43, in call
    return await wrapped()
           ^^^^^^^^^^^^^^^
  File "C:\Users\ANUBIS PC\Desktop\parsing PE411\delivery_bot\venv\Lib\site-packages\aiogram\dispatcher\dispatcher.py", line 276, in _listen_update
    return await self.propagate_event(update_type=update_type, event=event, **kwargs)
           ^^^^^^^^^^^^^^^^^^^^^^^^^^^^^^^^^^^^^^^^^^^^^^^^^^^^^^^^^^^^^^^^^^^^^^^^^^
  File "C:\Users\ANUBIS PC\Desktop\parsing PE411\delivery_bot\venv\Lib\site-packages\aiogram\dispatcher\router.py", line 146, in propagate_event
    return await observer.wrap_outer_middleware(_wrapped, event=event, data=kwargs)
           ^^^^^^^^^^^^^^^^^^^^^^^^^^^^^^^^^^^^^^^^^^^^^^^^^^^^^^^^^^^^^^^^^^^^^^^^
  File "C:\Users\ANUBIS PC\Desktop\parsing PE411\delivery_bot\venv\Lib\site-packages\aiogram\dispatcher\router.py", line 141, in _wrapped
    return await self._propagate_event(
           ^^^^^^^^^^^^^^^^^^^^^^^^^^^^
        observer=observer, update_type=update_type, event=telegram_event, **data
        ^^^^^^^^^^^^^^^^^^^^^^^^^^^^^^^^^^^^^^^^^^^^^^^^^^^^^^^^^^^^^^^^^^^^^^^^
    )
    ^
  File "C:\Users\ANUBIS PC\Desktop\parsing PE411\delivery_bot\venv\Lib\site-packages\aiogram\dispatcher\router.py", line 174, in _propagate_event
    response = await router.propagate_event(update_type=update_type, event=event, **kwargs)
               ^^^^^^^^^^^^^^^^^^^^^^^^^^^^^^^^^^^^^^^^^^^^^^^^^^^^^^^^^^^^^^^^^^^^^^^^^^^^
  File "C:\Users\ANUBIS PC\Desktop\parsing PE411\delivery_bot\venv\Lib\site-packages\aiogram\dispatcher\router.py", line 146, in propagate_event
    return await observer.wrap_outer_middleware(_wrapped, event=event, data=kwargs)
           ^^^^^^^^^^^^^^^^^^^^^^^^^^^^^^^^^^^^^^^^^^^^^^^^^^^^^^^^^^^^^^^^^^^^^^^^
  File "C:\Users\ANUBIS PC\Desktop\parsing PE411\delivery_bot\venv\Lib\site-packages\aiogram\dispatcher\router.py", line 141, in _wrapped
    return await self._propagate_event(
           ^^^^^^^^^^^^^^^^^^^^^^^^^^^^
        observer=observer, update_type=update_type, event=telegram_event, **data
        ^^^^^^^^^^^^^^^^^^^^^^^^^^^^^^^^^^^^^^^^^^^^^^^^^^^^^^^^^^^^^^^^^^^^^^^^
    )
    ^
  File "C:\Users\ANUBIS PC\Desktop\parsing PE411\delivery_bot\venv\Lib\site-packages\aiogram\dispatcher\router.py", line 166, in _propagate_event
    response = await observer.trigger(event, **kwargs)
               ^^^^^^^^^^^^^^^^^^^^^^^^^^^^^^^^^^^^^^^
  File "C:\Users\ANUBIS PC\Desktop\parsing PE411\delivery_bot\venv\Lib\site-packages\aiogram\dispatcher\event\telegram.py", line 121, in trigger
    return await wrapped_inner(event, kwargs)
           ^^^^^^^^^^^^^^^^^^^^^^^^^^^^^^^^^^
  File "C:\Users\ANUBIS PC\Desktop\parsing PE411\delivery_bot\venv\Lib\site-packages\aiogram\dispatcher\event\handler.py", line 43, in call
    return await wrapped()
           ^^^^^^^^^^^^^^^
  File "C:\Users\ANUBIS PC\Desktop\parsing PE411\delivery_bot\routers\menu.py", line 83, in product_handler
    await cb.message.answer_photo(
    ...<3 lines>...
    )
  File "C:\Users\ANUBIS PC\Desktop\parsing PE411\delivery_bot\venv\Lib\site-packages\aiogram\methods\base.py", line 84, in emit
    return await bot(self)
           ^^^^^^^^^^^^^^^
  File "C:\Users\ANUBIS PC\Desktop\parsing PE411\delivery_bot\venv\Lib\site-packages\aiogram\client\bot.py", line 485, in __call__
    return await self.session(self, method, timeout=request_timeout)
           ^^^^^^^^^^^^^^^^^^^^^^^^^^^^^^^^^^^^^^^^^^^^^^^^^^^^^^^^^
  File "C:\Users\ANUBIS PC\Desktop\parsing PE411\delivery_bot\venv\Lib\site-packages\aiogram\client\session\base.py", line 254, in __call__
    return cast(TelegramType, await middleware(bot, method))
                              ^^^^^^^^^^^^^^^^^^^^^^^^^^^^^
  File "C:\Users\ANUBIS PC\Desktop\parsing PE411\delivery_bot\venv\Lib\site-packages\aiogram\client\session\aiohttp.py", line 185, in make_request
    response = self.check_response(
        bot=bot, method=method, status_code=resp.status, content=raw_result
    )
  File "C:\Users\ANUBIS PC\Desktop\parsing PE411\delivery_bot\venv\Lib\site-packages\aiogram\client\session\base.py", line 120, in check_response
    raise TelegramBadRequest(method=method, message=description)
aiogram.exceptions.TelegramBadRequest: Telegram server says - Bad Request: failed to get HTTP URL content
2025-11-27 19:38:04,432 - INFO - MESSAGE: 151.719331741333ms
2025-11-27 19:38:04,432 - INFO - Update id=946294738 is handled. Duration 152 ms by bot id=8200360038
2025-11-27 19:38:05,680 - INFO - CALLBACK: 127.5019645690918ms
2025-11-27 19:38:05,681 - INFO - Update id=946294739 is handled. Duration 128 ms by bot id=8200360038
2025-11-27 19:38:06,937 - INFO - CALLBACK: 141.74365997314453ms
2025-11-27 19:38:06,937 - INFO - Update id=946294740 is handled. Duration 142 ms by bot id=8200360038
2025-11-27 19:38:09,337 - INFO - Update id=946294741 is not handled. Duration 708 ms by bot id=8200360038
2025-11-27 19:38:09,337 - ERROR - Cause exception while process update id=946294741 by bot id=8200360038
TelegramBadRequest: Telegram server says - Bad Request: failed to get HTTP URL content
Traceback (most recent call last):
  File "C:\Users\ANUBIS PC\Desktop\parsing PE411\delivery_bot\venv\Lib\site-packages\aiogram\dispatcher\dispatcher.py", line 309, in _process_update
    response = await self.feed_update(bot, update, **kwargs)
               ^^^^^^^^^^^^^^^^^^^^^^^^^^^^^^^^^^^^^^^^^^^^^
  File "C:\Users\ANUBIS PC\Desktop\parsing PE411\delivery_bot\venv\Lib\site-packages\aiogram\dispatcher\dispatcher.py", line 158, in feed_update
    response = await self.update.wrap_outer_middleware(
               ^^^^^^^^^^^^^^^^^^^^^^^^^^^^^^^^^^^^^^^^
    ...<7 lines>...
    )
    ^
  File "C:\Users\ANUBIS PC\Desktop\parsing PE411\delivery_bot\venv\Lib\site-packages\aiogram\dispatcher\middlewares\error.py", line 25, in __call__
    return await handler(event, data)
           ^^^^^^^^^^^^^^^^^^^^^^^^^^
  File "C:\Users\ANUBIS PC\Desktop\parsing PE411\delivery_bot\venv\Lib\site-packages\aiogram\dispatcher\middlewares\user_context.py", line 56, in __call__
    return await handler(event, data)
           ^^^^^^^^^^^^^^^^^^^^^^^^^^
  File "C:\Users\ANUBIS PC\Desktop\parsing PE411\delivery_bot\venv\Lib\site-packages\aiogram\fsm\middleware.py", line 42, in __call__
    return await handler(event, data)
           ^^^^^^^^^^^^^^^^^^^^^^^^^^
  File "C:\Users\ANUBIS PC\Desktop\parsing PE411\delivery_bot\venv\Lib\site-packages\aiogram\dispatcher\event\telegram.py", line 121, in trigger
    return await wrapped_inner(event, kwargs)
           ^^^^^^^^^^^^^^^^^^^^^^^^^^^^^^^^^^
  File "C:\Users\ANUBIS PC\Desktop\parsing PE411\delivery_bot\middlewares\logging.py", line 20, in __call__
    response = await handler(event, data)
               ^^^^^^^^^^^^^^^^^^^^^^^^^^
  File "C:\Users\ANUBIS PC\Desktop\parsing PE411\delivery_bot\middlewares\auth.py", line 28, in __call__
    return await handler(event, data)
           ^^^^^^^^^^^^^^^^^^^^^^^^^^
  File "C:\Users\ANUBIS PC\Desktop\parsing PE411\delivery_bot\venv\Lib\site-packages\aiogram\dispatcher\event\handler.py", line 43, in call
    return await wrapped()
           ^^^^^^^^^^^^^^^
  File "C:\Users\ANUBIS PC\Desktop\parsing PE411\delivery_bot\venv\Lib\site-packages\aiogram\dispatcher\dispatcher.py", line 276, in _listen_update
    return await self.propagate_event(update_type=update_type, event=event, **kwargs)
           ^^^^^^^^^^^^^^^^^^^^^^^^^^^^^^^^^^^^^^^^^^^^^^^^^^^^^^^^^^^^^^^^^^^^^^^^^^
  File "C:\Users\ANUBIS PC\Desktop\parsing PE411\delivery_bot\venv\Lib\site-packages\aiogram\dispatcher\router.py", line 146, in propagate_event
    return await observer.wrap_outer_middleware(_wrapped, event=event, data=kwargs)
           ^^^^^^^^^^^^^^^^^^^^^^^^^^^^^^^^^^^^^^^^^^^^^^^^^^^^^^^^^^^^^^^^^^^^^^^^
  File "C:\Users\ANUBIS PC\Desktop\parsing PE411\delivery_bot\venv\Lib\site-packages\aiogram\dispatcher\router.py", line 141, in _wrapped
    return await self._propagate_event(
           ^^^^^^^^^^^^^^^^^^^^^^^^^^^^
        observer=observer, update_type=update_type, event=telegram_event, **data
        ^^^^^^^^^^^^^^^^^^^^^^^^^^^^^^^^^^^^^^^^^^^^^^^^^^^^^^^^^^^^^^^^^^^^^^^^
    )
    ^
  File "C:\Users\ANUBIS PC\Desktop\parsing PE411\delivery_bot\venv\Lib\site-packages\aiogram\dispatcher\router.py", line 174, in _propagate_event
    response = await router.propagate_event(update_type=update_type, event=event, **kwargs)
               ^^^^^^^^^^^^^^^^^^^^^^^^^^^^^^^^^^^^^^^^^^^^^^^^^^^^^^^^^^^^^^^^^^^^^^^^^^^^
  File "C:\Users\ANUBIS PC\Desktop\parsing PE411\delivery_bot\venv\Lib\site-packages\aiogram\dispatcher\router.py", line 146, in propagate_event
    return await observer.wrap_outer_middleware(_wrapped, event=event, data=kwargs)
           ^^^^^^^^^^^^^^^^^^^^^^^^^^^^^^^^^^^^^^^^^^^^^^^^^^^^^^^^^^^^^^^^^^^^^^^^
  File "C:\Users\ANUBIS PC\Desktop\parsing PE411\delivery_bot\venv\Lib\site-packages\aiogram\dispatcher\router.py", line 141, in _wrapped
    return await self._propagate_event(
           ^^^^^^^^^^^^^^^^^^^^^^^^^^^^
        observer=observer, update_type=update_type, event=telegram_event, **data
        ^^^^^^^^^^^^^^^^^^^^^^^^^^^^^^^^^^^^^^^^^^^^^^^^^^^^^^^^^^^^^^^^^^^^^^^^
    )
    ^
  File "C:\Users\ANUBIS PC\Desktop\parsing PE411\delivery_bot\venv\Lib\site-packages\aiogram\dispatcher\router.py", line 166, in _propagate_event
    response = await observer.trigger(event, **kwargs)
               ^^^^^^^^^^^^^^^^^^^^^^^^^^^^^^^^^^^^^^^
  File "C:\Users\ANUBIS PC\Desktop\parsing PE411\delivery_bot\venv\Lib\site-packages\aiogram\dispatcher\event\telegram.py", line 121, in trigger
    return await wrapped_inner(event, kwargs)
           ^^^^^^^^^^^^^^^^^^^^^^^^^^^^^^^^^^
  File "C:\Users\ANUBIS PC\Desktop\parsing PE411\delivery_bot\venv\Lib\site-packages\aiogram\dispatcher\event\handler.py", line 43, in call
    return await wrapped()
           ^^^^^^^^^^^^^^^
  File "C:\Users\ANUBIS PC\Desktop\parsing PE411\delivery_bot\routers\menu.py", line 83, in product_handler
    await cb.message.answer_photo(
    ...<3 lines>...
    )
  File "C:\Users\ANUBIS PC\Desktop\parsing PE411\delivery_bot\venv\Lib\site-packages\aiogram\methods\base.py", line 84, in emit
    return await bot(self)
           ^^^^^^^^^^^^^^^
  File "C:\Users\ANUBIS PC\Desktop\parsing PE411\delivery_bot\venv\Lib\site-packages\aiogram\client\bot.py", line 485, in __call__
    return await self.session(self, method, timeout=request_timeout)
           ^^^^^^^^^^^^^^^^^^^^^^^^^^^^^^^^^^^^^^^^^^^^^^^^^^^^^^^^^
  File "C:\Users\ANUBIS PC\Desktop\parsing PE411\delivery_bot\venv\Lib\site-packages\aiogram\client\session\base.py", line 254, in __call__
    return cast(TelegramType, await middleware(bot, method))
                              ^^^^^^^^^^^^^^^^^^^^^^^^^^^^^
  File "C:\Users\ANUBIS PC\Desktop\parsing PE411\delivery_bot\venv\Lib\site-packages\aiogram\client\session\aiohttp.py", line 185, in make_request
    response = self.check_response(
        bot=bot, method=method, status_code=resp.status, content=raw_result
    )
  File "C:\Users\ANUBIS PC\Desktop\parsing PE411\delivery_bot\venv\Lib\site-packages\aiogram\client\session\base.py", line 120, in check_response
    raise TelegramBadRequest(method=method, message=description)
aiogram.exceptions.TelegramBadRequest: Telegram server says - Bad Request: failed to get HTTP URL content
2025-11-27 19:38:11,157 - INFO - MESSAGE: 164.72959518432617ms
2025-11-27 19:38:11,157 - INFO - Update id=946294742 is handled. Duration 165 ms by bot id=8200360038
2025-11-27 19:38:12,348 - INFO - CALLBACK: 129.96816635131836ms
2025-11-27 19:38:12,348 - INFO - Update id=946294743 is handled. Duration 130 ms by bot id=8200360038
2025-11-27 19:38:13,730 - INFO - CALLBACK: 209.90395545959473ms
2025-11-27 19:38:13,730 - INFO - Update id=946294744 is handled. Duration 210 ms by bot id=8200360038
2025-11-27 19:38:16,394 - INFO - Update id=946294745 is not handled. Duration 1733 ms by bot id=8200360038
2025-11-27 19:38:16,394 - ERROR - Cause exception while process update id=946294745 by bot id=8200360038
TelegramBadRequest: Telegram server says - Bad Request: failed to get HTTP URL content
Traceback (most recent call last):
  File "C:\Users\ANUBIS PC\Desktop\parsing PE411\delivery_bot\venv\Lib\site-packages\aiogram\dispatcher\dispatcher.py", line 309, in _process_update
    response = await self.feed_update(bot, update, **kwargs)
               ^^^^^^^^^^^^^^^^^^^^^^^^^^^^^^^^^^^^^^^^^^^^^
  File "C:\Users\ANUBIS PC\Desktop\parsing PE411\delivery_bot\venv\Lib\site-packages\aiogram\dispatcher\dispatcher.py", line 158, in feed_update
    response = await self.update.wrap_outer_middleware(
               ^^^^^^^^^^^^^^^^^^^^^^^^^^^^^^^^^^^^^^^^
    ...<7 lines>...
    )
    ^
  File "C:\Users\ANUBIS PC\Desktop\parsing PE411\delivery_bot\venv\Lib\site-packages\aiogram\dispatcher\middlewares\error.py", line 25, in __call__
    return await handler(event, data)
           ^^^^^^^^^^^^^^^^^^^^^^^^^^
  File "C:\Users\ANUBIS PC\Desktop\parsing PE411\delivery_bot\venv\Lib\site-packages\aiogram\dispatcher\middlewares\user_context.py", line 56, in __call__
    return await handler(event, data)
           ^^^^^^^^^^^^^^^^^^^^^^^^^^
  File "C:\Users\ANUBIS PC\Desktop\parsing PE411\delivery_bot\venv\Lib\site-packages\aiogram\fsm\middleware.py", line 42, in __call__
    return await handler(event, data)
           ^^^^^^^^^^^^^^^^^^^^^^^^^^
  File "C:\Users\ANUBIS PC\Desktop\parsing PE411\delivery_bot\venv\Lib\site-packages\aiogram\dispatcher\event\telegram.py", line 121, in trigger
    return await wrapped_inner(event, kwargs)
           ^^^^^^^^^^^^^^^^^^^^^^^^^^^^^^^^^^
  File "C:\Users\ANUBIS PC\Desktop\parsing PE411\delivery_bot\middlewares\logging.py", line 20, in __call__
    response = await handler(event, data)
               ^^^^^^^^^^^^^^^^^^^^^^^^^^
  File "C:\Users\ANUBIS PC\Desktop\parsing PE411\delivery_bot\middlewares\auth.py", line 28, in __call__
    return await handler(event, data)
           ^^^^^^^^^^^^^^^^^^^^^^^^^^
  File "C:\Users\ANUBIS PC\Desktop\parsing PE411\delivery_bot\venv\Lib\site-packages\aiogram\dispatcher\event\handler.py", line 43, in call
    return await wrapped()
           ^^^^^^^^^^^^^^^
  File "C:\Users\ANUBIS PC\Desktop\parsing PE411\delivery_bot\venv\Lib\site-packages\aiogram\dispatcher\dispatcher.py", line 276, in _listen_update
    return await self.propagate_event(update_type=update_type, event=event, **kwargs)
           ^^^^^^^^^^^^^^^^^^^^^^^^^^^^^^^^^^^^^^^^^^^^^^^^^^^^^^^^^^^^^^^^^^^^^^^^^^
  File "C:\Users\ANUBIS PC\Desktop\parsing PE411\delivery_bot\venv\Lib\site-packages\aiogram\dispatcher\router.py", line 146, in propagate_event
    return await observer.wrap_outer_middleware(_wrapped, event=event, data=kwargs)
           ^^^^^^^^^^^^^^^^^^^^^^^^^^^^^^^^^^^^^^^^^^^^^^^^^^^^^^^^^^^^^^^^^^^^^^^^
  File "C:\Users\ANUBIS PC\Desktop\parsing PE411\delivery_bot\venv\Lib\site-packages\aiogram\dispatcher\router.py", line 141, in _wrapped
    return await self._propagate_event(
           ^^^^^^^^^^^^^^^^^^^^^^^^^^^^
        observer=observer, update_type=update_type, event=telegram_event, **data
        ^^^^^^^^^^^^^^^^^^^^^^^^^^^^^^^^^^^^^^^^^^^^^^^^^^^^^^^^^^^^^^^^^^^^^^^^
    )
    ^
  File "C:\Users\ANUBIS PC\Desktop\parsing PE411\delivery_bot\venv\Lib\site-packages\aiogram\dispatcher\router.py", line 174, in _propagate_event
    response = await router.propagate_event(update_type=update_type, event=event, **kwargs)
               ^^^^^^^^^^^^^^^^^^^^^^^^^^^^^^^^^^^^^^^^^^^^^^^^^^^^^^^^^^^^^^^^^^^^^^^^^^^^
  File "C:\Users\ANUBIS PC\Desktop\parsing PE411\delivery_bot\venv\Lib\site-packages\aiogram\dispatcher\router.py", line 146, in propagate_event
    return await observer.wrap_outer_middleware(_wrapped, event=event, data=kwargs)
           ^^^^^^^^^^^^^^^^^^^^^^^^^^^^^^^^^^^^^^^^^^^^^^^^^^^^^^^^^^^^^^^^^^^^^^^^
  File "C:\Users\ANUBIS PC\Desktop\parsing PE411\delivery_bot\venv\Lib\site-packages\aiogram\dispatcher\router.py", line 141, in _wrapped
    return await self._propagate_event(
           ^^^^^^^^^^^^^^^^^^^^^^^^^^^^
        observer=observer, update_type=update_type, event=telegram_event, **data
        ^^^^^^^^^^^^^^^^^^^^^^^^^^^^^^^^^^^^^^^^^^^^^^^^^^^^^^^^^^^^^^^^^^^^^^^^
    )
    ^
  File "C:\Users\ANUBIS PC\Desktop\parsing PE411\delivery_bot\venv\Lib\site-packages\aiogram\dispatcher\router.py", line 166, in _propagate_event
    response = await observer.trigger(event, **kwargs)
               ^^^^^^^^^^^^^^^^^^^^^^^^^^^^^^^^^^^^^^^
  File "C:\Users\ANUBIS PC\Desktop\parsing PE411\delivery_bot\venv\Lib\site-packages\aiogram\dispatcher\event\telegram.py", line 121, in trigger
    return await wrapped_inner(event, kwargs)
           ^^^^^^^^^^^^^^^^^^^^^^^^^^^^^^^^^^
  File "C:\Users\ANUBIS PC\Desktop\parsing PE411\delivery_bot\venv\Lib\site-packages\aiogram\dispatcher\event\handler.py", line 43, in call
    return await wrapped()
           ^^^^^^^^^^^^^^^
  File "C:\Users\ANUBIS PC\Desktop\parsing PE411\delivery_bot\routers\menu.py", line 83, in product_handler
    await cb.message.answer_photo(
    ...<3 lines>...
    )
  File "C:\Users\ANUBIS PC\Desktop\parsing PE411\delivery_bot\venv\Lib\site-packages\aiogram\methods\base.py", line 84, in emit
    return await bot(self)
           ^^^^^^^^^^^^^^^
  File "C:\Users\ANUBIS PC\Desktop\parsing PE411\delivery_bot\venv\Lib\site-packages\aiogram\client\bot.py", line 485, in __call__
    return await self.session(self, method, timeout=request_timeout)
           ^^^^^^^^^^^^^^^^^^^^^^^^^^^^^^^^^^^^^^^^^^^^^^^^^^^^^^^^^
  File "C:\Users\ANUBIS PC\Desktop\parsing PE411\delivery_bot\venv\Lib\site-packages\aiogram\client\session\base.py", line 254, in __call__
    return cast(TelegramType, await middleware(bot, method))
                              ^^^^^^^^^^^^^^^^^^^^^^^^^^^^^
  File "C:\Users\ANUBIS PC\Desktop\parsing PE411\delivery_bot\venv\Lib\site-packages\aiogram\client\session\aiohttp.py", line 185, in make_request
    response = self.check_response(
        bot=bot, method=method, status_code=resp.status, content=raw_result
    )
  File "C:\Users\ANUBIS PC\Desktop\parsing PE411\delivery_bot\venv\Lib\site-packages\aiogram\client\session\base.py", line 120, in check_response
    raise TelegramBadRequest(method=method, message=description)
aiogram.exceptions.TelegramBadRequest: Telegram server says - Bad Request: failed to get HTTP URL content
2025-11-27 19:38:18,885 - INFO - MESSAGE: 199.95546340942383ms
2025-11-27 19:38:18,885 - INFO - Update id=946294746 is handled. Duration 200 ms by bot id=8200360038
2025-11-27 19:38:20,116 - INFO - CALLBACK: 127.3508071899414ms
2025-11-27 19:38:20,116 - INFO - Update id=946294747 is handled. Duration 128 ms by bot id=8200360038
2025-11-27 19:38:21,678 - INFO - CALLBACK: 185.5144500732422ms
2025-11-27 19:38:21,679 - INFO - Update id=946294748 is handled. Duration 186 ms by bot id=8200360038
2025-11-27 19:38:25,902 - INFO - Update id=946294749 is not handled. Duration 3116 ms by bot id=8200360038
2025-11-27 19:38:25,902 - ERROR - Cause exception while process update id=946294749 by bot id=8200360038
TelegramBadRequest: Telegram server says - Bad Request: failed to get HTTP URL content
Traceback (most recent call last):
  File "C:\Users\ANUBIS PC\Desktop\parsing PE411\delivery_bot\venv\Lib\site-packages\aiogram\dispatcher\dispatcher.py", line 309, in _process_update
    response = await self.feed_update(bot, update, **kwargs)
               ^^^^^^^^^^^^^^^^^^^^^^^^^^^^^^^^^^^^^^^^^^^^^
  File "C:\Users\ANUBIS PC\Desktop\parsing PE411\delivery_bot\venv\Lib\site-packages\aiogram\dispatcher\dispatcher.py", line 158, in feed_update
    response = await self.update.wrap_outer_middleware(
               ^^^^^^^^^^^^^^^^^^^^^^^^^^^^^^^^^^^^^^^^
    ...<7 lines>...
    )
    ^
  File "C:\Users\ANUBIS PC\Desktop\parsing PE411\delivery_bot\venv\Lib\site-packages\aiogram\dispatcher\middlewares\error.py", line 25, in __call__
    return await handler(event, data)
           ^^^^^^^^^^^^^^^^^^^^^^^^^^
  File "C:\Users\ANUBIS PC\Desktop\parsing PE411\delivery_bot\venv\Lib\site-packages\aiogram\dispatcher\middlewares\user_context.py", line 56, in __call__
    return await handler(event, data)
           ^^^^^^^^^^^^^^^^^^^^^^^^^^
  File "C:\Users\ANUBIS PC\Desktop\parsing PE411\delivery_bot\venv\Lib\site-packages\aiogram\fsm\middleware.py", line 42, in __call__
    return await handler(event, data)
           ^^^^^^^^^^^^^^^^^^^^^^^^^^
  File "C:\Users\ANUBIS PC\Desktop\parsing PE411\delivery_bot\venv\Lib\site-packages\aiogram\dispatcher\event\telegram.py", line 121, in trigger
    return await wrapped_inner(event, kwargs)
           ^^^^^^^^^^^^^^^^^^^^^^^^^^^^^^^^^^
  File "C:\Users\ANUBIS PC\Desktop\parsing PE411\delivery_bot\middlewares\logging.py", line 20, in __call__
    response = await handler(event, data)
               ^^^^^^^^^^^^^^^^^^^^^^^^^^
  File "C:\Users\ANUBIS PC\Desktop\parsing PE411\delivery_bot\middlewares\auth.py", line 28, in __call__
    return await handler(event, data)
           ^^^^^^^^^^^^^^^^^^^^^^^^^^
  File "C:\Users\ANUBIS PC\Desktop\parsing PE411\delivery_bot\venv\Lib\site-packages\aiogram\dispatcher\event\handler.py", line 43, in call
    return await wrapped()
           ^^^^^^^^^^^^^^^
  File "C:\Users\ANUBIS PC\Desktop\parsing PE411\delivery_bot\venv\Lib\site-packages\aiogram\dispatcher\dispatcher.py", line 276, in _listen_update
    return await self.propagate_event(update_type=update_type, event=event, **kwargs)
           ^^^^^^^^^^^^^^^^^^^^^^^^^^^^^^^^^^^^^^^^^^^^^^^^^^^^^^^^^^^^^^^^^^^^^^^^^^
  File "C:\Users\ANUBIS PC\Desktop\parsing PE411\delivery_bot\venv\Lib\site-packages\aiogram\dispatcher\router.py", line 146, in propagate_event
    return await observer.wrap_outer_middleware(_wrapped, event=event, data=kwargs)
           ^^^^^^^^^^^^^^^^^^^^^^^^^^^^^^^^^^^^^^^^^^^^^^^^^^^^^^^^^^^^^^^^^^^^^^^^
  File "C:\Users\ANUBIS PC\Desktop\parsing PE411\delivery_bot\venv\Lib\site-packages\aiogram\dispatcher\router.py", line 141, in _wrapped
    return await self._propagate_event(
           ^^^^^^^^^^^^^^^^^^^^^^^^^^^^
        observer=observer, update_type=update_type, event=telegram_event, **data
        ^^^^^^^^^^^^^^^^^^^^^^^^^^^^^^^^^^^^^^^^^^^^^^^^^^^^^^^^^^^^^^^^^^^^^^^^
    )
    ^
  File "C:\Users\ANUBIS PC\Desktop\parsing PE411\delivery_bot\venv\Lib\site-packages\aiogram\dispatcher\router.py", line 174, in _propagate_event
    response = await router.propagate_event(update_type=update_type, event=event, **kwargs)
               ^^^^^^^^^^^^^^^^^^^^^^^^^^^^^^^^^^^^^^^^^^^^^^^^^^^^^^^^^^^^^^^^^^^^^^^^^^^^
  File "C:\Users\ANUBIS PC\Desktop\parsing PE411\delivery_bot\venv\Lib\site-packages\aiogram\dispatcher\router.py", line 146, in propagate_event
    return await observer.wrap_outer_middleware(_wrapped, event=event, data=kwargs)
           ^^^^^^^^^^^^^^^^^^^^^^^^^^^^^^^^^^^^^^^^^^^^^^^^^^^^^^^^^^^^^^^^^^^^^^^^
  File "C:\Users\ANUBIS PC\Desktop\parsing PE411\delivery_bot\venv\Lib\site-packages\aiogram\dispatcher\router.py", line 141, in _wrapped
    return await self._propagate_event(
           ^^^^^^^^^^^^^^^^^^^^^^^^^^^^
        observer=observer, update_type=update_type, event=telegram_event, **data
        ^^^^^^^^^^^^^^^^^^^^^^^^^^^^^^^^^^^^^^^^^^^^^^^^^^^^^^^^^^^^^^^^^^^^^^^^
    )
    ^
  File "C:\Users\ANUBIS PC\Desktop\parsing PE411\delivery_bot\venv\Lib\site-packages\aiogram\dispatcher\router.py", line 166, in _propagate_event
    response = await observer.trigger(event, **kwargs)
               ^^^^^^^^^^^^^^^^^^^^^^^^^^^^^^^^^^^^^^^
  File "C:\Users\ANUBIS PC\Desktop\parsing PE411\delivery_bot\venv\Lib\site-packages\aiogram\dispatcher\event\telegram.py", line 121, in trigger
    return await wrapped_inner(event, kwargs)
           ^^^^^^^^^^^^^^^^^^^^^^^^^^^^^^^^^^
  File "C:\Users\ANUBIS PC\Desktop\parsing PE411\delivery_bot\venv\Lib\site-packages\aiogram\dispatcher\event\handler.py", line 43, in call
    return await wrapped()
           ^^^^^^^^^^^^^^^
  File "C:\Users\ANUBIS PC\Desktop\parsing PE411\delivery_bot\routers\menu.py", line 83, in product_handler
    await cb.message.answer_photo(
    ...<3 lines>...
    )
  File "C:\Users\ANUBIS PC\Desktop\parsing PE411\delivery_bot\venv\Lib\site-packages\aiogram\methods\base.py", line 84, in emit
    return await bot(self)
           ^^^^^^^^^^^^^^^
  File "C:\Users\ANUBIS PC\Desktop\parsing PE411\delivery_bot\venv\Lib\site-packages\aiogram\client\bot.py", line 485, in __call__
    return await self.session(self, method, timeout=request_timeout)
           ^^^^^^^^^^^^^^^^^^^^^^^^^^^^^^^^^^^^^^^^^^^^^^^^^^^^^^^^^
  File "C:\Users\ANUBIS PC\Desktop\parsing PE411\delivery_bot\venv\Lib\site-packages\aiogram\client\session\base.py", line 254, in __call__
    return cast(TelegramType, await middleware(bot, method))
                              ^^^^^^^^^^^^^^^^^^^^^^^^^^^^^
  File "C:\Users\ANUBIS PC\Desktop\parsing PE411\delivery_bot\venv\Lib\site-packages\aiogram\client\session\aiohttp.py", line 185, in make_request
    response = self.check_response(
        bot=bot, method=method, status_code=resp.status, content=raw_result
    )
  File "C:\Users\ANUBIS PC\Desktop\parsing PE411\delivery_bot\venv\Lib\site-packages\aiogram\client\session\base.py", line 120, in check_response
    raise TelegramBadRequest(method=method, message=description)
aiogram.exceptions.TelegramBadRequest: Telegram server says - Bad Request: failed to get HTTP URL content
2025-11-27 19:38:26,814 - INFO - MESSAGE: 153.31292152404785ms
2025-11-27 19:38:26,814 - INFO - Update id=946294750 is handled. Duration 154 ms by bot id=8200360038
2025-11-27 19:38:27,798 - INFO - CALLBACK: 134.12141799926758ms
2025-11-27 19:38:27,798 - INFO - Update id=946294751 is handled. Duration 134 ms by bot id=8200360038
2025-11-27 19:38:28,857 - INFO - CALLBACK: 132.5092315673828ms
2025-11-27 19:38:28,857 - INFO - Update id=946294752 is handled. Duration 133 ms by bot id=8200360038
2025-11-27 19:38:30,389 - INFO - CALLBACK: 356.414794921875ms
2025-11-27 19:38:30,389 - INFO - Update id=946294753 is handled. Duration 357 ms by bot id=8200360038
2025-11-27 19:40:08,571 - INFO - MESSAGE: 255.88488578796387ms
2025-11-27 19:40:08,571 - INFO - Update id=946294754 is handled. Duration 256 ms by bot id=8200360038
2025-11-27 19:40:10,032 - INFO - CALLBACK: 152.21929550170898ms
2025-11-27 19:40:10,032 - INFO - Update id=946294755 is handled. Duration 152 ms by bot id=8200360038
2025-11-27 19:40:12,354 - INFO - CALLBACK: 151.63660049438477ms
2025-11-27 19:40:12,354 - INFO - Update id=946294756 is handled. Duration 152 ms by bot id=8200360038
2025-11-27 19:40:14,133 - INFO - Update id=946294757 is not handled. Duration 310 ms by bot id=8200360038
2025-11-27 19:40:14,133 - ERROR - Cause exception while process update id=946294757 by bot id=8200360038
TelegramBadRequest: Telegram server says - Bad Request: wrong type of the web page content
Traceback (most recent call last):
  File "C:\Users\ANUBIS PC\Desktop\parsing PE411\delivery_bot\venv\Lib\site-packages\aiogram\dispatcher\dispatcher.py", line 309, in _process_update
    response = await self.feed_update(bot, update, **kwargs)
               ^^^^^^^^^^^^^^^^^^^^^^^^^^^^^^^^^^^^^^^^^^^^^
  File "C:\Users\ANUBIS PC\Desktop\parsing PE411\delivery_bot\venv\Lib\site-packages\aiogram\dispatcher\dispatcher.py", line 158, in feed_update
    response = await self.update.wrap_outer_middleware(
               ^^^^^^^^^^^^^^^^^^^^^^^^^^^^^^^^^^^^^^^^
    ...<7 lines>...
    )
    ^
  File "C:\Users\ANUBIS PC\Desktop\parsing PE411\delivery_bot\venv\Lib\site-packages\aiogram\dispatcher\middlewares\error.py", line 25, in __call__
    return await handler(event, data)
           ^^^^^^^^^^^^^^^^^^^^^^^^^^
  File "C:\Users\ANUBIS PC\Desktop\parsing PE411\delivery_bot\venv\Lib\site-packages\aiogram\dispatcher\middlewares\user_context.py", line 56, in __call__
    return await handler(event, data)
           ^^^^^^^^^^^^^^^^^^^^^^^^^^
  File "C:\Users\ANUBIS PC\Desktop\parsing PE411\delivery_bot\venv\Lib\site-packages\aiogram\fsm\middleware.py", line 42, in __call__
    return await handler(event, data)
           ^^^^^^^^^^^^^^^^^^^^^^^^^^
  File "C:\Users\ANUBIS PC\Desktop\parsing PE411\delivery_bot\venv\Lib\site-packages\aiogram\dispatcher\event\telegram.py", line 121, in trigger
    return await wrapped_inner(event, kwargs)
           ^^^^^^^^^^^^^^^^^^^^^^^^^^^^^^^^^^
  File "C:\Users\ANUBIS PC\Desktop\parsing PE411\delivery_bot\middlewares\logging.py", line 20, in __call__
    response = await handler(event, data)
               ^^^^^^^^^^^^^^^^^^^^^^^^^^
  File "C:\Users\ANUBIS PC\Desktop\parsing PE411\delivery_bot\middlewares\auth.py", line 28, in __call__
    return await handler(event, data)
           ^^^^^^^^^^^^^^^^^^^^^^^^^^
  File "C:\Users\ANUBIS PC\Desktop\parsing PE411\delivery_bot\venv\Lib\site-packages\aiogram\dispatcher\event\handler.py", line 43, in call
    return await wrapped()
           ^^^^^^^^^^^^^^^
  File "C:\Users\ANUBIS PC\Desktop\parsing PE411\delivery_bot\venv\Lib\site-packages\aiogram\dispatcher\dispatcher.py", line 276, in _listen_update
    return await self.propagate_event(update_type=update_type, event=event, **kwargs)
           ^^^^^^^^^^^^^^^^^^^^^^^^^^^^^^^^^^^^^^^^^^^^^^^^^^^^^^^^^^^^^^^^^^^^^^^^^^
  File "C:\Users\ANUBIS PC\Desktop\parsing PE411\delivery_bot\venv\Lib\site-packages\aiogram\dispatcher\router.py", line 146, in propagate_event
    return await observer.wrap_outer_middleware(_wrapped, event=event, data=kwargs)
           ^^^^^^^^^^^^^^^^^^^^^^^^^^^^^^^^^^^^^^^^^^^^^^^^^^^^^^^^^^^^^^^^^^^^^^^^
  File "C:\Users\ANUBIS PC\Desktop\parsing PE411\delivery_bot\venv\Lib\site-packages\aiogram\dispatcher\router.py", line 141, in _wrapped
    return await self._propagate_event(
           ^^^^^^^^^^^^^^^^^^^^^^^^^^^^
        observer=observer, update_type=update_type, event=telegram_event, **data
        ^^^^^^^^^^^^^^^^^^^^^^^^^^^^^^^^^^^^^^^^^^^^^^^^^^^^^^^^^^^^^^^^^^^^^^^^
    )
    ^
  File "C:\Users\ANUBIS PC\Desktop\parsing PE411\delivery_bot\venv\Lib\site-packages\aiogram\dispatcher\router.py", line 174, in _propagate_event
    response = await router.propagate_event(update_type=update_type, event=event, **kwargs)
               ^^^^^^^^^^^^^^^^^^^^^^^^^^^^^^^^^^^^^^^^^^^^^^^^^^^^^^^^^^^^^^^^^^^^^^^^^^^^
  File "C:\Users\ANUBIS PC\Desktop\parsing PE411\delivery_bot\venv\Lib\site-packages\aiogram\dispatcher\router.py", line 146, in propagate_event
    return await observer.wrap_outer_middleware(_wrapped, event=event, data=kwargs)
           ^^^^^^^^^^^^^^^^^^^^^^^^^^^^^^^^^^^^^^^^^^^^^^^^^^^^^^^^^^^^^^^^^^^^^^^^
  File "C:\Users\ANUBIS PC\Desktop\parsing PE411\delivery_bot\venv\Lib\site-packages\aiogram\dispatcher\router.py", line 141, in _wrapped
    return await self._propagate_event(
           ^^^^^^^^^^^^^^^^^^^^^^^^^^^^
        observer=observer, update_type=update_type, event=telegram_event, **data
        ^^^^^^^^^^^^^^^^^^^^^^^^^^^^^^^^^^^^^^^^^^^^^^^^^^^^^^^^^^^^^^^^^^^^^^^^
    )
    ^
  File "C:\Users\ANUBIS PC\Desktop\parsing PE411\delivery_bot\venv\Lib\site-packages\aiogram\dispatcher\router.py", line 166, in _propagate_event
    response = await observer.trigger(event, **kwargs)
               ^^^^^^^^^^^^^^^^^^^^^^^^^^^^^^^^^^^^^^^
  File "C:\Users\ANUBIS PC\Desktop\parsing PE411\delivery_bot\venv\Lib\site-packages\aiogram\dispatcher\event\telegram.py", line 121, in trigger
    return await wrapped_inner(event, kwargs)
           ^^^^^^^^^^^^^^^^^^^^^^^^^^^^^^^^^^
  File "C:\Users\ANUBIS PC\Desktop\parsing PE411\delivery_bot\venv\Lib\site-packages\aiogram\dispatcher\event\handler.py", line 43, in call
    return await wrapped()
           ^^^^^^^^^^^^^^^
  File "C:\Users\ANUBIS PC\Desktop\parsing PE411\delivery_bot\routers\menu.py", line 83, in product_handler
    await cb.message.answer_photo(
    ...<3 lines>...
    )
  File "C:\Users\ANUBIS PC\Desktop\parsing PE411\delivery_bot\venv\Lib\site-packages\aiogram\methods\base.py", line 84, in emit
    return await bot(self)
           ^^^^^^^^^^^^^^^
  File "C:\Users\ANUBIS PC\Desktop\parsing PE411\delivery_bot\venv\Lib\site-packages\aiogram\client\bot.py", line 485, in __call__
    return await self.session(self, method, timeout=request_timeout)
           ^^^^^^^^^^^^^^^^^^^^^^^^^^^^^^^^^^^^^^^^^^^^^^^^^^^^^^^^^
  File "C:\Users\ANUBIS PC\Desktop\parsing PE411\delivery_bot\venv\Lib\site-packages\aiogram\client\session\base.py", line 254, in __call__
    return cast(TelegramType, await middleware(bot, method))
                              ^^^^^^^^^^^^^^^^^^^^^^^^^^^^^
  File "C:\Users\ANUBIS PC\Desktop\parsing PE411\delivery_bot\venv\Lib\site-packages\aiogram\client\session\aiohttp.py", line 185, in make_request
    response = self.check_response(
        bot=bot, method=method, status_code=resp.status, content=raw_result
    )
  File "C:\Users\ANUBIS PC\Desktop\parsing PE411\delivery_bot\venv\Lib\site-packages\aiogram\client\session\base.py", line 120, in check_response
    raise TelegramBadRequest(method=method, message=description)
aiogram.exceptions.TelegramBadRequest: Telegram server says - Bad Request: wrong type of the web page content
2025-11-27 19:46:56,237 - INFO - Polling stopped
2025-11-27 19:46:56,238 - ERROR - Failed to fetch updates - TelegramNetworkError: HTTP Client says - ServerDisconnectedError: Server disconnected
2025-11-27 19:46:56,238 - WARNING - Sleep for 1.000000 seconds and try again... (tryings = 0, bot id = 8200360038)
2025-11-27 19:46:56,493 - INFO - Polling stopped for bot @pe411_bot id=8200360038 - 'pe411'
2025-11-27 19:47:05,963 - INFO - MESSAGE: 833.3346843719482ms
2025-11-27 19:47:05,963 - INFO - Update id=946294758 is handled. Duration 835 ms by bot id=8200360038
2025-11-27 19:47:08,782 - INFO - CALLBACK: 222.7325439453125ms
2025-11-27 19:47:08,783 - INFO - Update id=946294759 is handled. Duration 223 ms by bot id=8200360038
2025-11-27 19:47:10,410 - INFO - CALLBACK: 199.95594024658203ms
2025-11-27 19:47:10,410 - INFO - Update id=946294760 is handled. Duration 200 ms by bot id=8200360038
2025-11-27 19:47:11,594 - INFO - CALLBACK: 353.5177707672119ms
2025-11-27 19:47:11,594 - INFO - Update id=946294761 is handled. Duration 354 ms by bot id=8200360038
2025-11-27 19:47:13,299 - INFO - CALLBACK: 289.9601459503174ms
2025-11-27 19:47:13,299 - INFO - Update id=946294762 is handled. Duration 290 ms by bot id=8200360038
2025-11-27 19:47:14,025 - INFO - CALLBACK: 231.57024383544922ms
2025-11-27 19:47:14,025 - INFO - Update id=946294763 is handled. Duration 232 ms by bot id=8200360038
2025-11-27 19:47:14,365 - INFO - CALLBACK: 135.78486442565918ms
2025-11-27 19:47:14,365 - INFO - Update id=946294764 is handled. Duration 136 ms by bot id=8200360038
2025-11-27 19:47:14,636 - INFO - CALLBACK: 5.130767822265625ms
2025-11-27 19:47:14,636 - INFO - Update id=946294765 is not handled. Duration 5 ms by bot id=8200360038
2025-11-27 19:47:17,710 - INFO - CALLBACK: 154.48546409606934ms
2025-11-27 19:47:17,710 - INFO - Update id=946294766 is handled. Duration 155 ms by bot id=8200360038
2025-11-27 19:47:18,048 - INFO - CALLBACK: 125.8077621459961ms
2025-11-27 19:47:18,048 - INFO - Update id=946294767 is handled. Duration 126 ms by bot id=8200360038
2025-11-27 19:47:19,270 - INFO - CALLBACK: 245.2070713043213ms
2025-11-27 19:47:19,270 - INFO - Update id=946294768 is handled. Duration 245 ms by bot id=8200360038
2025-11-27 19:47:19,966 - INFO - CALLBACK: 288.03515434265137ms
2025-11-27 19:47:19,966 - INFO - Update id=946294769 is handled. Duration 288 ms by bot id=8200360038
2025-11-27 19:47:20,760 - INFO - CALLBACK: 186.62238121032715ms
2025-11-27 19:47:20,761 - INFO - Update id=946294770 is handled. Duration 187 ms by bot id=8200360038
2025-11-27 19:47:22,596 - INFO - CALLBACK: 125.39958953857422ms
2025-11-27 19:47:22,596 - INFO - Update id=946294771 is handled. Duration 126 ms by bot id=8200360038
2025-11-27 19:47:23,620 - INFO - CALLBACK: 135.6656551361084ms
2025-11-27 19:47:23,621 - INFO - Update id=946294772 is handled. Duration 136 ms by bot id=8200360038
2025-11-27 19:47:24,272 - INFO - CALLBACK: 129.77051734924316ms
2025-11-27 19:47:24,272 - INFO - Update id=946294773 is handled. Duration 130 ms by bot id=8200360038
2025-11-27 19:47:25,190 - INFO - CALLBACK: 166.85748100280762ms
2025-11-27 19:47:25,190 - INFO - Update id=946294774 is handled. Duration 167 ms by bot id=8200360038
2025-11-27 19:47:25,990 - INFO - CALLBACK: 122.90501594543457ms
2025-11-27 19:47:25,990 - INFO - Update id=946294775 is handled. Duration 123 ms by bot id=8200360038
2025-11-27 19:47:27,693 - INFO - CALLBACK: 160.46643257141113ms
2025-11-27 19:47:27,693 - INFO - Update id=946294776 is handled. Duration 161 ms by bot id=8200360038
2025-11-27 19:49:01,597 - INFO - Polling stopped
2025-11-27 19:49:01,597 - ERROR - Failed to fetch updates - TelegramNetworkError: HTTP Client says - ServerDisconnectedError: Server disconnected
2025-11-27 19:49:01,598 - WARNING - Sleep for 1.000000 seconds and try again... (tryings = 0, bot id = 8200360038)
2025-11-27 19:49:01,856 - INFO - Polling stopped for bot @pe411_bot id=8200360038 - 'pe411'
2025-11-27 19:49:08,481 - INFO - MESSAGE: 588.8080596923828ms
2025-11-27 19:49:08,481 - INFO - Update id=946294777 is handled. Duration 590 ms by bot id=8200360038
2025-11-27 19:49:11,093 - INFO - CALLBACK: 227.1113395690918ms
2025-11-27 19:49:11,093 - INFO - Update id=946294778 is handled. Duration 228 ms by bot id=8200360038
2025-11-27 19:49:12,579 - INFO - CALLBACK: 181.75292015075684ms
2025-11-27 19:49:12,579 - INFO - Update id=946294779 is handled. Duration 182 ms by bot id=8200360038
2025-11-27 19:49:13,914 - INFO - CALLBACK: 287.4317169189453ms
2025-11-27 19:49:13,914 - INFO - Update id=946294780 is handled. Duration 288 ms by bot id=8200360038
2025-11-27 19:49:16,613 - INFO - CALLBACK: 181.28681182861328ms
2025-11-27 19:49:16,613 - INFO - Update id=946294781 is handled. Duration 181 ms by bot id=8200360038
2025-11-27 19:49:17,450 - INFO - CALLBACK: 159.5175266265869ms
2025-11-27 19:49:17,450 - INFO - Update id=946294782 is handled. Duration 160 ms by bot id=8200360038
2025-11-27 19:49:18,279 - INFO - CALLBACK: 3.731250762939453ms
2025-11-27 19:49:18,280 - INFO - Update id=946294783 is handled. Duration 4 ms by bot id=8200360038
2025-11-27 19:49:18,814 - INFO - CALLBACK: 137.9992961883545ms
2025-11-27 19:49:18,814 - INFO - Update id=946294784 is handled. Duration 138 ms by bot id=8200360038
2025-11-27 19:49:19,798 - INFO - CALLBACK: 192.47984886169434ms
2025-11-27 19:49:19,798 - INFO - Update id=946294785 is handled. Duration 193 ms by bot id=8200360038
2025-11-27 19:49:23,299 - INFO - CALLBACK: 4.074573516845703ms
2025-11-27 19:49:23,299 - INFO - Update id=946294786 is handled. Duration 4 ms by bot id=8200360038
2025-11-27 19:51:26,023 - INFO - CALLBACK: 266.31712913513184ms
2025-11-27 19:51:26,024 - INFO - Update id=946294787 is handled. Duration 267 ms by bot id=8200360038
2025-11-27 19:51:26,781 - INFO - CALLBACK: 161.52310371398926ms
2025-11-27 19:51:26,782 - INFO - Update id=946294788 is handled. Duration 162 ms by bot id=8200360038
2025-11-27 19:51:27,419 - INFO - CALLBACK: 133.15677642822266ms
2025-11-27 19:51:27,419 - INFO - Update id=946294789 is handled. Duration 133 ms by bot id=8200360038
2025-11-27 19:51:29,746 - INFO - CALLBACK: 177.4575710296631ms
2025-11-27 19:51:29,746 - INFO - Update id=946294790 is handled. Duration 178 ms by bot id=8200360038
2025-11-27 19:51:29,847 - INFO - CALLBACK: 4.363059997558594ms
2025-11-27 19:51:29,847 - INFO - Update id=946294791 is handled. Duration 5 ms by bot id=8200360038
2025-11-27 19:51:31,203 - INFO - CALLBACK: 4.773616790771484ms
2025-11-27 19:51:31,204 - INFO - Update id=946294792 is handled. Duration 5 ms by bot id=8200360038
2025-11-27 19:51:31,612 - INFO - CALLBACK: 3.82232666015625ms
2025-11-27 19:51:31,613 - INFO - Update id=946294793 is handled. Duration 4 ms by bot id=8200360038
2025-11-27 19:51:33,369 - INFO - CALLBACK: 3.6554336547851562ms
2025-11-27 19:51:33,369 - INFO - Update id=946294794 is not handled. Duration 4 ms by bot id=8200360038
2025-11-27 19:51:33,812 - INFO - CALLBACK: 3.7157535552978516ms
2025-11-27 19:51:33,812 - INFO - Update id=946294795 is not handled. Duration 4 ms by bot id=8200360038
2025-11-27 19:52:19,624 - INFO - CALLBACK: 129.58431243896484ms
2025-11-27 19:52:19,625 - INFO - Update id=946294796 is handled. Duration 130 ms by bot id=8200360038
2025-11-27 19:52:20,510 - INFO - CALLBACK: 130.8002471923828ms
2025-11-27 19:52:20,510 - INFO - Update id=946294797 is handled. Duration 131 ms by bot id=8200360038
2025-11-27 19:52:21,298 - INFO - CALLBACK: 126.07860565185547ms
2025-11-27 19:52:21,298 - INFO - Update id=946294798 is handled. Duration 126 ms by bot id=8200360038
2025-11-27 19:52:22,106 - INFO - CALLBACK: 127.13146209716797ms
2025-11-27 19:52:22,106 - INFO - Update id=946294799 is handled. Duration 127 ms by bot id=8200360038
2025-11-27 19:52:22,855 - INFO - CALLBACK: 126.17874145507812ms
2025-11-27 19:52:22,856 - INFO - Update id=946294800 is handled. Duration 126 ms by bot id=8200360038
2025-11-27 19:52:25,539 - INFO - CALLBACK: 122.27845191955566ms
2025-11-27 19:52:25,539 - INFO - Update id=946294801 is handled. Duration 122 ms by bot id=8200360038
2025-11-27 19:52:26,310 - INFO - CALLBACK: 129.37068939208984ms
2025-11-27 19:52:26,310 - INFO - Update id=946294802 is handled. Duration 130 ms by bot id=8200360038
2025-11-27 19:52:26,763 - INFO - CALLBACK: 122.33757972717285ms
2025-11-27 19:52:26,763 - INFO - Update id=946294803 is handled. Duration 123 ms by bot id=8200360038
2025-11-27 19:52:27,031 - INFO - CALLBACK: 128.33642959594727ms
2025-11-27 19:52:27,031 - INFO - Update id=946294804 is handled. Duration 128 ms by bot id=8200360038
2025-11-27 19:52:28,215 - INFO - CALLBACK: 131.44874572753906ms
2025-11-27 19:52:28,215 - INFO - Update id=946294805 is handled. Duration 132 ms by bot id=8200360038
2025-11-27 19:52:31,576 - INFO - CALLBACK: 132.826566696167ms
2025-11-27 19:52:31,576 - INFO - Update id=946294806 is handled. Duration 133 ms by bot id=8200360038
2025-11-27 19:52:31,979 - INFO - CALLBACK: 128.24726104736328ms
2025-11-27 19:52:31,980 - INFO - Update id=946294808 is handled. Duration 128 ms by bot id=8200360038
2025-11-27 19:52:32,957 - INFO - CALLBACK: 141.51453971862793ms
2025-11-27 19:52:32,957 - INFO - Update id=946294809 is handled. Duration 142 ms by bot id=8200360038
2025-11-27 19:52:33,100 - INFO - CALLBACK: 1535.0279808044434ms
2025-11-27 19:52:33,100 - INFO - Update id=946294807 is handled. Duration 1535 ms by bot id=8200360038
2025-11-27 19:52:33,179 - INFO - CALLBACK: 122.91502952575684ms
2025-11-27 19:52:33,179 - INFO - Update id=946294810 is handled. Duration 123 ms by bot id=8200360038
2025-11-27 19:52:36,931 - INFO - CALLBACK: 147.39513397216797ms
2025-11-27 19:52:36,931 - INFO - Update id=946294811 is handled. Duration 148 ms by bot id=8200360038
2025-11-27 19:52:37,740 - INFO - CALLBACK: 123.81267547607422ms
2025-11-27 19:52:37,740 - INFO - Update id=946294812 is handled. Duration 124 ms by bot id=8200360038
2025-11-27 19:52:38,370 - INFO - CALLBACK: 141.59154891967773ms
2025-11-27 19:52:38,370 - INFO - Update id=946294813 is handled. Duration 142 ms by bot id=8200360038
2025-11-27 19:52:38,818 - INFO - CALLBACK: 127.14195251464844ms
2025-11-27 19:52:38,818 - INFO - Update id=946294814 is handled. Duration 127 ms by bot id=8200360038
2025-11-27 19:52:39,517 - INFO - CALLBACK: 237.21909523010254ms
2025-11-27 19:52:39,517 - INFO - Update id=946294815 is handled. Duration 237 ms by bot id=8200360038
2025-11-27 19:52:43,543 - INFO - CALLBACK: 126.66678428649902ms
2025-11-27 19:52:43,543 - INFO - Update id=946294816 is handled. Duration 127 ms by bot id=8200360038
2025-11-27 19:52:44,168 - INFO - CALLBACK: 144.19126510620117ms
2025-11-27 19:52:44,168 - INFO - Update id=946294817 is handled. Duration 144 ms by bot id=8200360038
2025-11-27 19:52:44,514 - INFO - CALLBACK: 127.58064270019531ms
2025-11-27 19:52:44,514 - INFO - Update id=946294818 is handled. Duration 128 ms by bot id=8200360038
2025-11-27 19:52:45,728 - INFO - CALLBACK: 234.75909233093262ms
2025-11-27 19:52:45,729 - INFO - Update id=946294819 is handled. Duration 235 ms by bot id=8200360038
2025-11-27 19:52:47,581 - INFO - CALLBACK: 232.68389701843262ms
2025-11-27 19:52:47,582 - INFO - Update id=946294820 is handled. Duration 233 ms by bot id=8200360038
2025-11-27 19:52:49,933 - INFO - CALLBACK: 125.53262710571289ms
2025-11-27 19:52:49,933 - INFO - Update id=946294821 is handled. Duration 126 ms by bot id=8200360038
2025-11-27 19:52:52,142 - INFO - CALLBACK: 134.28902626037598ms
2025-11-27 19:52:52,142 - INFO - Update id=946294822 is handled. Duration 134 ms by bot id=8200360038
2025-11-27 19:52:53,281 - INFO - CALLBACK: 123.19040298461914ms
2025-11-27 19:52:53,281 - INFO - Update id=946294823 is handled. Duration 123 ms by bot id=8200360038
2025-11-27 19:52:53,731 - INFO - CALLBACK: 125.84209442138672ms
2025-11-27 19:52:53,731 - INFO - Update id=946294824 is handled. Duration 126 ms by bot id=8200360038
2025-11-27 19:52:55,049 - INFO - CALLBACK: 182.23977088928223ms
2025-11-27 19:52:55,049 - INFO - Update id=946294825 is handled. Duration 182 ms by bot id=8200360038
2025-11-27 19:52:56,033 - INFO - CALLBACK: 251.93381309509277ms
2025-11-27 19:52:56,034 - INFO - Update id=946294826 is handled. Duration 252 ms by bot id=8200360038
2025-11-27 19:53:01,530 - INFO - CALLBACK: 134.9027156829834ms
2025-11-27 19:53:01,531 - INFO - Update id=946294827 is handled. Duration 135 ms by bot id=8200360038
2025-11-27 19:53:02,018 - INFO - CALLBACK: 175.19760131835938ms
2025-11-27 19:53:02,018 - INFO - Update id=946294828 is handled. Duration 175 ms by bot id=8200360038
2025-11-27 19:53:02,751 - INFO - CALLBACK: 132.16066360473633ms
2025-11-27 19:53:02,752 - INFO - Update id=946294829 is handled. Duration 132 ms by bot id=8200360038
2025-11-27 19:53:03,598 - INFO - CALLBACK: 129.30965423583984ms
2025-11-27 19:53:03,598 - INFO - Update id=946294830 is handled. Duration 130 ms by bot id=8200360038
2025-11-27 19:53:04,267 - INFO - CALLBACK: 143.2328224182129ms
2025-11-27 19:53:04,267 - INFO - Update id=946294831 is handled. Duration 143 ms by bot id=8200360038
2025-11-27 19:53:07,080 - INFO - CALLBACK: 142.974853515625ms
2025-11-27 19:53:07,080 - INFO - Update id=946294832 is handled. Duration 143 ms by bot id=8200360038
2025-11-27 19:53:07,588 - INFO - CALLBACK: 135.67590713500977ms
2025-11-27 19:53:07,588 - INFO - Update id=946294833 is handled. Duration 136 ms by bot id=8200360038
2025-11-27 19:53:08,015 - INFO - CALLBACK: 126.85203552246094ms
2025-11-27 19:53:08,015 - INFO - Update id=946294834 is handled. Duration 127 ms by bot id=8200360038
2025-11-27 19:53:08,179 - INFO - CALLBACK: 153.75447273254395ms
2025-11-27 19:53:08,179 - INFO - Update id=946294835 is handled. Duration 154 ms by bot id=8200360038
2025-11-27 19:53:08,738 - INFO - CALLBACK: 123.73781204223633ms
2025-11-27 19:53:08,738 - INFO - Update id=946294836 is handled. Duration 124 ms by bot id=8200360038
2025-11-27 19:53:12,117 - INFO - CALLBACK: 164.35861587524414ms
2025-11-27 19:53:12,117 - INFO - Update id=946294837 is handled. Duration 165 ms by bot id=8200360038
2025-11-27 19:53:12,676 - INFO - CALLBACK: 166.1202907562256ms
2025-11-27 19:53:12,676 - INFO - Update id=946294838 is handled. Duration 166 ms by bot id=8200360038
2025-11-27 19:53:12,970 - INFO - CALLBACK: 217.98372268676758ms
2025-11-27 19:53:12,971 - INFO - Update id=946294839 is handled. Duration 218 ms by bot id=8200360038
2025-11-27 19:53:13,041 - INFO - Update id=946294840 is not handled. Duration 190 ms by bot id=8200360038
2025-11-27 19:53:13,041 - ERROR - Cause exception while process update id=946294840 by bot id=8200360038
TelegramBadRequest: Telegram server says - Bad Request: message is not modified: specified new message content and reply markup are exactly the same as a current content and reply markup of the message
Traceback (most recent call last):
  File "C:\Users\ANUBIS PC\Desktop\parsing PE411\delivery_bot\venv\Lib\site-packages\aiogram\dispatcher\dispatcher.py", line 309, in _process_update
    response = await self.feed_update(bot, update, **kwargs)
               ^^^^^^^^^^^^^^^^^^^^^^^^^^^^^^^^^^^^^^^^^^^^^
  File "C:\Users\ANUBIS PC\Desktop\parsing PE411\delivery_bot\venv\Lib\site-packages\aiogram\dispatcher\dispatcher.py", line 158, in feed_update
    response = await self.update.wrap_outer_middleware(
               ^^^^^^^^^^^^^^^^^^^^^^^^^^^^^^^^^^^^^^^^
    ...<7 lines>...
    )
    ^
  File "C:\Users\ANUBIS PC\Desktop\parsing PE411\delivery_bot\venv\Lib\site-packages\aiogram\dispatcher\middlewares\error.py", line 25, in __call__
    return await handler(event, data)
           ^^^^^^^^^^^^^^^^^^^^^^^^^^
  File "C:\Users\ANUBIS PC\Desktop\parsing PE411\delivery_bot\venv\Lib\site-packages\aiogram\dispatcher\middlewares\user_context.py", line 56, in __call__
    return await handler(event, data)
           ^^^^^^^^^^^^^^^^^^^^^^^^^^
  File "C:\Users\ANUBIS PC\Desktop\parsing PE411\delivery_bot\venv\Lib\site-packages\aiogram\fsm\middleware.py", line 42, in __call__
    return await handler(event, data)
           ^^^^^^^^^^^^^^^^^^^^^^^^^^
  File "C:\Users\ANUBIS PC\Desktop\parsing PE411\delivery_bot\venv\Lib\site-packages\aiogram\dispatcher\event\telegram.py", line 121, in trigger
    return await wrapped_inner(event, kwargs)
           ^^^^^^^^^^^^^^^^^^^^^^^^^^^^^^^^^^
  File "C:\Users\ANUBIS PC\Desktop\parsing PE411\delivery_bot\middlewares\logging.py", line 20, in __call__
    response = await handler(event, data)
               ^^^^^^^^^^^^^^^^^^^^^^^^^^
  File "C:\Users\ANUBIS PC\Desktop\parsing PE411\delivery_bot\middlewares\auth.py", line 28, in __call__
    return await handler(event, data)
           ^^^^^^^^^^^^^^^^^^^^^^^^^^
  File "C:\Users\ANUBIS PC\Desktop\parsing PE411\delivery_bot\venv\Lib\site-packages\aiogram\dispatcher\event\handler.py", line 43, in call
    return await wrapped()
           ^^^^^^^^^^^^^^^
  File "C:\Users\ANUBIS PC\Desktop\parsing PE411\delivery_bot\venv\Lib\site-packages\aiogram\dispatcher\dispatcher.py", line 276, in _listen_update
    return await self.propagate_event(update_type=update_type, event=event, **kwargs)
           ^^^^^^^^^^^^^^^^^^^^^^^^^^^^^^^^^^^^^^^^^^^^^^^^^^^^^^^^^^^^^^^^^^^^^^^^^^
  File "C:\Users\ANUBIS PC\Desktop\parsing PE411\delivery_bot\venv\Lib\site-packages\aiogram\dispatcher\router.py", line 146, in propagate_event
    return await observer.wrap_outer_middleware(_wrapped, event=event, data=kwargs)
           ^^^^^^^^^^^^^^^^^^^^^^^^^^^^^^^^^^^^^^^^^^^^^^^^^^^^^^^^^^^^^^^^^^^^^^^^
  File "C:\Users\ANUBIS PC\Desktop\parsing PE411\delivery_bot\venv\Lib\site-packages\aiogram\dispatcher\router.py", line 141, in _wrapped
    return await self._propagate_event(
           ^^^^^^^^^^^^^^^^^^^^^^^^^^^^
        observer=observer, update_type=update_type, event=telegram_event, **data
        ^^^^^^^^^^^^^^^^^^^^^^^^^^^^^^^^^^^^^^^^^^^^^^^^^^^^^^^^^^^^^^^^^^^^^^^^
    )
    ^
  File "C:\Users\ANUBIS PC\Desktop\parsing PE411\delivery_bot\venv\Lib\site-packages\aiogram\dispatcher\router.py", line 174, in _propagate_event
    response = await router.propagate_event(update_type=update_type, event=event, **kwargs)
               ^^^^^^^^^^^^^^^^^^^^^^^^^^^^^^^^^^^^^^^^^^^^^^^^^^^^^^^^^^^^^^^^^^^^^^^^^^^^
  File "C:\Users\ANUBIS PC\Desktop\parsing PE411\delivery_bot\venv\Lib\site-packages\aiogram\dispatcher\router.py", line 146, in propagate_event
    return await observer.wrap_outer_middleware(_wrapped, event=event, data=kwargs)
           ^^^^^^^^^^^^^^^^^^^^^^^^^^^^^^^^^^^^^^^^^^^^^^^^^^^^^^^^^^^^^^^^^^^^^^^^
  File "C:\Users\ANUBIS PC\Desktop\parsing PE411\delivery_bot\venv\Lib\site-packages\aiogram\dispatcher\router.py", line 141, in _wrapped
    return await self._propagate_event(
           ^^^^^^^^^^^^^^^^^^^^^^^^^^^^
        observer=observer, update_type=update_type, event=telegram_event, **data
        ^^^^^^^^^^^^^^^^^^^^^^^^^^^^^^^^^^^^^^^^^^^^^^^^^^^^^^^^^^^^^^^^^^^^^^^^
    )
    ^
  File "C:\Users\ANUBIS PC\Desktop\parsing PE411\delivery_bot\venv\Lib\site-packages\aiogram\dispatcher\router.py", line 166, in _propagate_event
    response = await observer.trigger(event, **kwargs)
               ^^^^^^^^^^^^^^^^^^^^^^^^^^^^^^^^^^^^^^^
  File "C:\Users\ANUBIS PC\Desktop\parsing PE411\delivery_bot\venv\Lib\site-packages\aiogram\dispatcher\event\telegram.py", line 121, in trigger
    return await wrapped_inner(event, kwargs)
           ^^^^^^^^^^^^^^^^^^^^^^^^^^^^^^^^^^
  File "C:\Users\ANUBIS PC\Desktop\parsing PE411\delivery_bot\venv\Lib\site-packages\aiogram\dispatcher\event\handler.py", line 43, in call
    return await wrapped()
           ^^^^^^^^^^^^^^^
  File "C:\Users\ANUBIS PC\Desktop\parsing PE411\delivery_bot\routers\menu.py", line 106, in plus_handler
    await cb.message.edit_reply_markup(
    ...<3 lines>...
    )
  File "C:\Users\ANUBIS PC\Desktop\parsing PE411\delivery_bot\venv\Lib\site-packages\aiogram\methods\base.py", line 84, in emit
    return await bot(self)
           ^^^^^^^^^^^^^^^
  File "C:\Users\ANUBIS PC\Desktop\parsing PE411\delivery_bot\venv\Lib\site-packages\aiogram\client\bot.py", line 485, in __call__
    return await self.session(self, method, timeout=request_timeout)
           ^^^^^^^^^^^^^^^^^^^^^^^^^^^^^^^^^^^^^^^^^^^^^^^^^^^^^^^^^
  File "C:\Users\ANUBIS PC\Desktop\parsing PE411\delivery_bot\venv\Lib\site-packages\aiogram\client\session\base.py", line 254, in __call__
    return cast(TelegramType, await middleware(bot, method))
                              ^^^^^^^^^^^^^^^^^^^^^^^^^^^^^
  File "C:\Users\ANUBIS PC\Desktop\parsing PE411\delivery_bot\venv\Lib\site-packages\aiogram\client\session\aiohttp.py", line 185, in make_request
    response = self.check_response(
        bot=bot, method=method, status_code=resp.status, content=raw_result
    )
  File "C:\Users\ANUBIS PC\Desktop\parsing PE411\delivery_bot\venv\Lib\site-packages\aiogram\client\session\base.py", line 120, in check_response
    raise TelegramBadRequest(method=method, message=description)
aiogram.exceptions.TelegramBadRequest: Telegram server says - Bad Request: message is not modified: specified new message content and reply markup are exactly the same as a current content and reply markup of the message
2025-11-27 19:53:13,253 - INFO - CALLBACK: 216.2609100341797ms
2025-11-27 19:53:13,253 - INFO - Update id=946294841 is handled. Duration 217 ms by bot id=8200360038
2025-11-27 19:53:17,703 - INFO - CALLBACK: 191.9858455657959ms
2025-11-27 19:53:17,703 - INFO - Update id=946294842 is handled. Duration 192 ms by bot id=8200360038
2025-11-27 19:53:17,785 - INFO - Update id=946294843 is not handled. Duration 176 ms by bot id=8200360038
2025-11-27 19:53:17,785 - ERROR - Cause exception while process update id=946294843 by bot id=8200360038
TelegramBadRequest: Telegram server says - Bad Request: message is not modified: specified new message content and reply markup are exactly the same as a current content and reply markup of the message
Traceback (most recent call last):
  File "C:\Users\ANUBIS PC\Desktop\parsing PE411\delivery_bot\venv\Lib\site-packages\aiogram\dispatcher\dispatcher.py", line 309, in _process_update
    response = await self.feed_update(bot, update, **kwargs)
               ^^^^^^^^^^^^^^^^^^^^^^^^^^^^^^^^^^^^^^^^^^^^^
  File "C:\Users\ANUBIS PC\Desktop\parsing PE411\delivery_bot\venv\Lib\site-packages\aiogram\dispatcher\dispatcher.py", line 158, in feed_update
    response = await self.update.wrap_outer_middleware(
               ^^^^^^^^^^^^^^^^^^^^^^^^^^^^^^^^^^^^^^^^
    ...<7 lines>...
    )
    ^
  File "C:\Users\ANUBIS PC\Desktop\parsing PE411\delivery_bot\venv\Lib\site-packages\aiogram\dispatcher\middlewares\error.py", line 25, in __call__
    return await handler(event, data)
           ^^^^^^^^^^^^^^^^^^^^^^^^^^
  File "C:\Users\ANUBIS PC\Desktop\parsing PE411\delivery_bot\venv\Lib\site-packages\aiogram\dispatcher\middlewares\user_context.py", line 56, in __call__
    return await handler(event, data)
           ^^^^^^^^^^^^^^^^^^^^^^^^^^
  File "C:\Users\ANUBIS PC\Desktop\parsing PE411\delivery_bot\venv\Lib\site-packages\aiogram\fsm\middleware.py", line 42, in __call__
    return await handler(event, data)
           ^^^^^^^^^^^^^^^^^^^^^^^^^^
  File "C:\Users\ANUBIS PC\Desktop\parsing PE411\delivery_bot\venv\Lib\site-packages\aiogram\dispatcher\event\telegram.py", line 121, in trigger
    return await wrapped_inner(event, kwargs)
           ^^^^^^^^^^^^^^^^^^^^^^^^^^^^^^^^^^
  File "C:\Users\ANUBIS PC\Desktop\parsing PE411\delivery_bot\middlewares\logging.py", line 20, in __call__
    response = await handler(event, data)
               ^^^^^^^^^^^^^^^^^^^^^^^^^^
  File "C:\Users\ANUBIS PC\Desktop\parsing PE411\delivery_bot\middlewares\auth.py", line 28, in __call__
    return await handler(event, data)
           ^^^^^^^^^^^^^^^^^^^^^^^^^^
  File "C:\Users\ANUBIS PC\Desktop\parsing PE411\delivery_bot\venv\Lib\site-packages\aiogram\dispatcher\event\handler.py", line 43, in call
    return await wrapped()
           ^^^^^^^^^^^^^^^
  File "C:\Users\ANUBIS PC\Desktop\parsing PE411\delivery_bot\venv\Lib\site-packages\aiogram\dispatcher\dispatcher.py", line 276, in _listen_update
    return await self.propagate_event(update_type=update_type, event=event, **kwargs)
           ^^^^^^^^^^^^^^^^^^^^^^^^^^^^^^^^^^^^^^^^^^^^^^^^^^^^^^^^^^^^^^^^^^^^^^^^^^
  File "C:\Users\ANUBIS PC\Desktop\parsing PE411\delivery_bot\venv\Lib\site-packages\aiogram\dispatcher\router.py", line 146, in propagate_event
    return await observer.wrap_outer_middleware(_wrapped, event=event, data=kwargs)
           ^^^^^^^^^^^^^^^^^^^^^^^^^^^^^^^^^^^^^^^^^^^^^^^^^^^^^^^^^^^^^^^^^^^^^^^^
  File "C:\Users\ANUBIS PC\Desktop\parsing PE411\delivery_bot\venv\Lib\site-packages\aiogram\dispatcher\router.py", line 141, in _wrapped
    return await self._propagate_event(
           ^^^^^^^^^^^^^^^^^^^^^^^^^^^^
        observer=observer, update_type=update_type, event=telegram_event, **data
        ^^^^^^^^^^^^^^^^^^^^^^^^^^^^^^^^^^^^^^^^^^^^^^^^^^^^^^^^^^^^^^^^^^^^^^^^
    )
    ^
  File "C:\Users\ANUBIS PC\Desktop\parsing PE411\delivery_bot\venv\Lib\site-packages\aiogram\dispatcher\router.py", line 174, in _propagate_event
    response = await router.propagate_event(update_type=update_type, event=event, **kwargs)
               ^^^^^^^^^^^^^^^^^^^^^^^^^^^^^^^^^^^^^^^^^^^^^^^^^^^^^^^^^^^^^^^^^^^^^^^^^^^^
  File "C:\Users\ANUBIS PC\Desktop\parsing PE411\delivery_bot\venv\Lib\site-packages\aiogram\dispatcher\router.py", line 146, in propagate_event
    return await observer.wrap_outer_middleware(_wrapped, event=event, data=kwargs)
           ^^^^^^^^^^^^^^^^^^^^^^^^^^^^^^^^^^^^^^^^^^^^^^^^^^^^^^^^^^^^^^^^^^^^^^^^
  File "C:\Users\ANUBIS PC\Desktop\parsing PE411\delivery_bot\venv\Lib\site-packages\aiogram\dispatcher\router.py", line 141, in _wrapped
    return await self._propagate_event(
           ^^^^^^^^^^^^^^^^^^^^^^^^^^^^
        observer=observer, update_type=update_type, event=telegram_event, **data
        ^^^^^^^^^^^^^^^^^^^^^^^^^^^^^^^^^^^^^^^^^^^^^^^^^^^^^^^^^^^^^^^^^^^^^^^^
    )
    ^
  File "C:\Users\ANUBIS PC\Desktop\parsing PE411\delivery_bot\venv\Lib\site-packages\aiogram\dispatcher\router.py", line 166, in _propagate_event
    response = await observer.trigger(event, **kwargs)
               ^^^^^^^^^^^^^^^^^^^^^^^^^^^^^^^^^^^^^^^
  File "C:\Users\ANUBIS PC\Desktop\parsing PE411\delivery_bot\venv\Lib\site-packages\aiogram\dispatcher\event\telegram.py", line 121, in trigger
    return await wrapped_inner(event, kwargs)
           ^^^^^^^^^^^^^^^^^^^^^^^^^^^^^^^^^^
  File "C:\Users\ANUBIS PC\Desktop\parsing PE411\delivery_bot\venv\Lib\site-packages\aiogram\dispatcher\event\handler.py", line 43, in call
    return await wrapped()
           ^^^^^^^^^^^^^^^
  File "C:\Users\ANUBIS PC\Desktop\parsing PE411\delivery_bot\routers\menu.py", line 106, in plus_handler
    await cb.message.edit_reply_markup(
    ...<3 lines>...
    )
  File "C:\Users\ANUBIS PC\Desktop\parsing PE411\delivery_bot\venv\Lib\site-packages\aiogram\methods\base.py", line 84, in emit
    return await bot(self)
           ^^^^^^^^^^^^^^^
  File "C:\Users\ANUBIS PC\Desktop\parsing PE411\delivery_bot\venv\Lib\site-packages\aiogram\client\bot.py", line 485, in __call__
    return await self.session(self, method, timeout=request_timeout)
           ^^^^^^^^^^^^^^^^^^^^^^^^^^^^^^^^^^^^^^^^^^^^^^^^^^^^^^^^^
  File "C:\Users\ANUBIS PC\Desktop\parsing PE411\delivery_bot\venv\Lib\site-packages\aiogram\client\session\base.py", line 254, in __call__
    return cast(TelegramType, await middleware(bot, method))
                              ^^^^^^^^^^^^^^^^^^^^^^^^^^^^^
  File "C:\Users\ANUBIS PC\Desktop\parsing PE411\delivery_bot\venv\Lib\site-packages\aiogram\client\session\aiohttp.py", line 185, in make_request
    response = self.check_response(
        bot=bot, method=method, status_code=resp.status, content=raw_result
    )
  File "C:\Users\ANUBIS PC\Desktop\parsing PE411\delivery_bot\venv\Lib\site-packages\aiogram\client\session\base.py", line 120, in check_response
    raise TelegramBadRequest(method=method, message=description)
aiogram.exceptions.TelegramBadRequest: Telegram server says - Bad Request: message is not modified: specified new message content and reply markup are exactly the same as a current content and reply markup of the message
2025-11-27 19:53:17,899 - INFO - CALLBACK: 192.98529624938965ms
2025-11-27 19:53:17,899 - INFO - Update id=946294844 is handled. Duration 193 ms by bot id=8200360038
2025-11-27 19:53:17,984 - INFO - Update id=946294845 is not handled. Duration 177 ms by bot id=8200360038
2025-11-27 19:53:17,984 - ERROR - Cause exception while process update id=946294845 by bot id=8200360038
TelegramBadRequest: Telegram server says - Bad Request: message is not modified: specified new message content and reply markup are exactly the same as a current content and reply markup of the message
Traceback (most recent call last):
  File "C:\Users\ANUBIS PC\Desktop\parsing PE411\delivery_bot\venv\Lib\site-packages\aiogram\dispatcher\dispatcher.py", line 309, in _process_update
    response = await self.feed_update(bot, update, **kwargs)
               ^^^^^^^^^^^^^^^^^^^^^^^^^^^^^^^^^^^^^^^^^^^^^
  File "C:\Users\ANUBIS PC\Desktop\parsing PE411\delivery_bot\venv\Lib\site-packages\aiogram\dispatcher\dispatcher.py", line 158, in feed_update
    response = await self.update.wrap_outer_middleware(
               ^^^^^^^^^^^^^^^^^^^^^^^^^^^^^^^^^^^^^^^^
    ...<7 lines>...
    )
    ^
  File "C:\Users\ANUBIS PC\Desktop\parsing PE411\delivery_bot\venv\Lib\site-packages\aiogram\dispatcher\middlewares\error.py", line 25, in __call__
    return await handler(event, data)
           ^^^^^^^^^^^^^^^^^^^^^^^^^^
  File "C:\Users\ANUBIS PC\Desktop\parsing PE411\delivery_bot\venv\Lib\site-packages\aiogram\dispatcher\middlewares\user_context.py", line 56, in __call__
    return await handler(event, data)
           ^^^^^^^^^^^^^^^^^^^^^^^^^^
  File "C:\Users\ANUBIS PC\Desktop\parsing PE411\delivery_bot\venv\Lib\site-packages\aiogram\fsm\middleware.py", line 42, in __call__
    return await handler(event, data)
           ^^^^^^^^^^^^^^^^^^^^^^^^^^
  File "C:\Users\ANUBIS PC\Desktop\parsing PE411\delivery_bot\venv\Lib\site-packages\aiogram\dispatcher\event\telegram.py", line 121, in trigger
    return await wrapped_inner(event, kwargs)
           ^^^^^^^^^^^^^^^^^^^^^^^^^^^^^^^^^^
  File "C:\Users\ANUBIS PC\Desktop\parsing PE411\delivery_bot\middlewares\logging.py", line 20, in __call__
    response = await handler(event, data)
               ^^^^^^^^^^^^^^^^^^^^^^^^^^
  File "C:\Users\ANUBIS PC\Desktop\parsing PE411\delivery_bot\middlewares\auth.py", line 28, in __call__
    return await handler(event, data)
           ^^^^^^^^^^^^^^^^^^^^^^^^^^
  File "C:\Users\ANUBIS PC\Desktop\parsing PE411\delivery_bot\venv\Lib\site-packages\aiogram\dispatcher\event\handler.py", line 43, in call
    return await wrapped()
           ^^^^^^^^^^^^^^^
  File "C:\Users\ANUBIS PC\Desktop\parsing PE411\delivery_bot\venv\Lib\site-packages\aiogram\dispatcher\dispatcher.py", line 276, in _listen_update
    return await self.propagate_event(update_type=update_type, event=event, **kwargs)
           ^^^^^^^^^^^^^^^^^^^^^^^^^^^^^^^^^^^^^^^^^^^^^^^^^^^^^^^^^^^^^^^^^^^^^^^^^^
  File "C:\Users\ANUBIS PC\Desktop\parsing PE411\delivery_bot\venv\Lib\site-packages\aiogram\dispatcher\router.py", line 146, in propagate_event
    return await observer.wrap_outer_middleware(_wrapped, event=event, data=kwargs)
           ^^^^^^^^^^^^^^^^^^^^^^^^^^^^^^^^^^^^^^^^^^^^^^^^^^^^^^^^^^^^^^^^^^^^^^^^
  File "C:\Users\ANUBIS PC\Desktop\parsing PE411\delivery_bot\venv\Lib\site-packages\aiogram\dispatcher\router.py", line 141, in _wrapped
    return await self._propagate_event(
           ^^^^^^^^^^^^^^^^^^^^^^^^^^^^
        observer=observer, update_type=update_type, event=telegram_event, **data
        ^^^^^^^^^^^^^^^^^^^^^^^^^^^^^^^^^^^^^^^^^^^^^^^^^^^^^^^^^^^^^^^^^^^^^^^^
    )
    ^
  File "C:\Users\ANUBIS PC\Desktop\parsing PE411\delivery_bot\venv\Lib\site-packages\aiogram\dispatcher\router.py", line 174, in _propagate_event
    response = await router.propagate_event(update_type=update_type, event=event, **kwargs)
               ^^^^^^^^^^^^^^^^^^^^^^^^^^^^^^^^^^^^^^^^^^^^^^^^^^^^^^^^^^^^^^^^^^^^^^^^^^^^
  File "C:\Users\ANUBIS PC\Desktop\parsing PE411\delivery_bot\venv\Lib\site-packages\aiogram\dispatcher\router.py", line 146, in propagate_event
    return await observer.wrap_outer_middleware(_wrapped, event=event, data=kwargs)
           ^^^^^^^^^^^^^^^^^^^^^^^^^^^^^^^^^^^^^^^^^^^^^^^^^^^^^^^^^^^^^^^^^^^^^^^^
  File "C:\Users\ANUBIS PC\Desktop\parsing PE411\delivery_bot\venv\Lib\site-packages\aiogram\dispatcher\router.py", line 141, in _wrapped
    return await self._propagate_event(
           ^^^^^^^^^^^^^^^^^^^^^^^^^^^^
        observer=observer, update_type=update_type, event=telegram_event, **data
        ^^^^^^^^^^^^^^^^^^^^^^^^^^^^^^^^^^^^^^^^^^^^^^^^^^^^^^^^^^^^^^^^^^^^^^^^
    )
    ^
  File "C:\Users\ANUBIS PC\Desktop\parsing PE411\delivery_bot\venv\Lib\site-packages\aiogram\dispatcher\router.py", line 166, in _propagate_event
    response = await observer.trigger(event, **kwargs)
               ^^^^^^^^^^^^^^^^^^^^^^^^^^^^^^^^^^^^^^^
  File "C:\Users\ANUBIS PC\Desktop\parsing PE411\delivery_bot\venv\Lib\site-packages\aiogram\dispatcher\event\telegram.py", line 121, in trigger
    return await wrapped_inner(event, kwargs)
           ^^^^^^^^^^^^^^^^^^^^^^^^^^^^^^^^^^
  File "C:\Users\ANUBIS PC\Desktop\parsing PE411\delivery_bot\venv\Lib\site-packages\aiogram\dispatcher\event\handler.py", line 43, in call
    return await wrapped()
           ^^^^^^^^^^^^^^^
  File "C:\Users\ANUBIS PC\Desktop\parsing PE411\delivery_bot\routers\menu.py", line 106, in plus_handler
    await cb.message.edit_reply_markup(
    ...<3 lines>...
    )
  File "C:\Users\ANUBIS PC\Desktop\parsing PE411\delivery_bot\venv\Lib\site-packages\aiogram\methods\base.py", line 84, in emit
    return await bot(self)
           ^^^^^^^^^^^^^^^
  File "C:\Users\ANUBIS PC\Desktop\parsing PE411\delivery_bot\venv\Lib\site-packages\aiogram\client\bot.py", line 485, in __call__
    return await self.session(self, method, timeout=request_timeout)
           ^^^^^^^^^^^^^^^^^^^^^^^^^^^^^^^^^^^^^^^^^^^^^^^^^^^^^^^^^
  File "C:\Users\ANUBIS PC\Desktop\parsing PE411\delivery_bot\venv\Lib\site-packages\aiogram\client\session\base.py", line 254, in __call__
    return cast(TelegramType, await middleware(bot, method))
                              ^^^^^^^^^^^^^^^^^^^^^^^^^^^^^
  File "C:\Users\ANUBIS PC\Desktop\parsing PE411\delivery_bot\venv\Lib\site-packages\aiogram\client\session\aiohttp.py", line 185, in make_request
    response = self.check_response(
        bot=bot, method=method, status_code=resp.status, content=raw_result
    )
  File "C:\Users\ANUBIS PC\Desktop\parsing PE411\delivery_bot\venv\Lib\site-packages\aiogram\client\session\base.py", line 120, in check_response
    raise TelegramBadRequest(method=method, message=description)
aiogram.exceptions.TelegramBadRequest: Telegram server says - Bad Request: message is not modified: specified new message content and reply markup are exactly the same as a current content and reply markup of the message
2025-11-27 19:53:18,081 - INFO - CALLBACK: 273.0250358581543ms
2025-11-27 19:53:18,081 - INFO - Update id=946294846 is handled. Duration 273 ms by bot id=8200360038
2025-11-27 19:53:23,546 - INFO - CALLBACK: 143.7387466430664ms
2025-11-27 19:53:23,546 - INFO - Update id=946294847 is handled. Duration 144 ms by bot id=8200360038
2025-11-27 19:53:23,634 - INFO - Update id=946294848 is not handled. Duration 129 ms by bot id=8200360038
2025-11-27 19:53:23,634 - ERROR - Cause exception while process update id=946294848 by bot id=8200360038
TelegramBadRequest: Telegram server says - Bad Request: message is not modified: specified new message content and reply markup are exactly the same as a current content and reply markup of the message
Traceback (most recent call last):
  File "C:\Users\ANUBIS PC\Desktop\parsing PE411\delivery_bot\venv\Lib\site-packages\aiogram\dispatcher\dispatcher.py", line 309, in _process_update
    response = await self.feed_update(bot, update, **kwargs)
               ^^^^^^^^^^^^^^^^^^^^^^^^^^^^^^^^^^^^^^^^^^^^^
  File "C:\Users\ANUBIS PC\Desktop\parsing PE411\delivery_bot\venv\Lib\site-packages\aiogram\dispatcher\dispatcher.py", line 158, in feed_update
    response = await self.update.wrap_outer_middleware(
               ^^^^^^^^^^^^^^^^^^^^^^^^^^^^^^^^^^^^^^^^
    ...<7 lines>...
    )
    ^
  File "C:\Users\ANUBIS PC\Desktop\parsing PE411\delivery_bot\venv\Lib\site-packages\aiogram\dispatcher\middlewares\error.py", line 25, in __call__
    return await handler(event, data)
           ^^^^^^^^^^^^^^^^^^^^^^^^^^
  File "C:\Users\ANUBIS PC\Desktop\parsing PE411\delivery_bot\venv\Lib\site-packages\aiogram\dispatcher\middlewares\user_context.py", line 56, in __call__
    return await handler(event, data)
           ^^^^^^^^^^^^^^^^^^^^^^^^^^
  File "C:\Users\ANUBIS PC\Desktop\parsing PE411\delivery_bot\venv\Lib\site-packages\aiogram\fsm\middleware.py", line 42, in __call__
    return await handler(event, data)
           ^^^^^^^^^^^^^^^^^^^^^^^^^^
  File "C:\Users\ANUBIS PC\Desktop\parsing PE411\delivery_bot\venv\Lib\site-packages\aiogram\dispatcher\event\telegram.py", line 121, in trigger
    return await wrapped_inner(event, kwargs)
           ^^^^^^^^^^^^^^^^^^^^^^^^^^^^^^^^^^
  File "C:\Users\ANUBIS PC\Desktop\parsing PE411\delivery_bot\middlewares\logging.py", line 20, in __call__
    response = await handler(event, data)
               ^^^^^^^^^^^^^^^^^^^^^^^^^^
  File "C:\Users\ANUBIS PC\Desktop\parsing PE411\delivery_bot\middlewares\auth.py", line 28, in __call__
    return await handler(event, data)
           ^^^^^^^^^^^^^^^^^^^^^^^^^^
  File "C:\Users\ANUBIS PC\Desktop\parsing PE411\delivery_bot\venv\Lib\site-packages\aiogram\dispatcher\event\handler.py", line 43, in call
    return await wrapped()
           ^^^^^^^^^^^^^^^
  File "C:\Users\ANUBIS PC\Desktop\parsing PE411\delivery_bot\venv\Lib\site-packages\aiogram\dispatcher\dispatcher.py", line 276, in _listen_update
    return await self.propagate_event(update_type=update_type, event=event, **kwargs)
           ^^^^^^^^^^^^^^^^^^^^^^^^^^^^^^^^^^^^^^^^^^^^^^^^^^^^^^^^^^^^^^^^^^^^^^^^^^
  File "C:\Users\ANUBIS PC\Desktop\parsing PE411\delivery_bot\venv\Lib\site-packages\aiogram\dispatcher\router.py", line 146, in propagate_event
    return await observer.wrap_outer_middleware(_wrapped, event=event, data=kwargs)
           ^^^^^^^^^^^^^^^^^^^^^^^^^^^^^^^^^^^^^^^^^^^^^^^^^^^^^^^^^^^^^^^^^^^^^^^^
  File "C:\Users\ANUBIS PC\Desktop\parsing PE411\delivery_bot\venv\Lib\site-packages\aiogram\dispatcher\router.py", line 141, in _wrapped
    return await self._propagate_event(
           ^^^^^^^^^^^^^^^^^^^^^^^^^^^^
        observer=observer, update_type=update_type, event=telegram_event, **data
        ^^^^^^^^^^^^^^^^^^^^^^^^^^^^^^^^^^^^^^^^^^^^^^^^^^^^^^^^^^^^^^^^^^^^^^^^
    )
    ^
  File "C:\Users\ANUBIS PC\Desktop\parsing PE411\delivery_bot\venv\Lib\site-packages\aiogram\dispatcher\router.py", line 174, in _propagate_event
    response = await router.propagate_event(update_type=update_type, event=event, **kwargs)
               ^^^^^^^^^^^^^^^^^^^^^^^^^^^^^^^^^^^^^^^^^^^^^^^^^^^^^^^^^^^^^^^^^^^^^^^^^^^^
  File "C:\Users\ANUBIS PC\Desktop\parsing PE411\delivery_bot\venv\Lib\site-packages\aiogram\dispatcher\router.py", line 146, in propagate_event
    return await observer.wrap_outer_middleware(_wrapped, event=event, data=kwargs)
           ^^^^^^^^^^^^^^^^^^^^^^^^^^^^^^^^^^^^^^^^^^^^^^^^^^^^^^^^^^^^^^^^^^^^^^^^
  File "C:\Users\ANUBIS PC\Desktop\parsing PE411\delivery_bot\venv\Lib\site-packages\aiogram\dispatcher\router.py", line 141, in _wrapped
    return await self._propagate_event(
           ^^^^^^^^^^^^^^^^^^^^^^^^^^^^
        observer=observer, update_type=update_type, event=telegram_event, **data
        ^^^^^^^^^^^^^^^^^^^^^^^^^^^^^^^^^^^^^^^^^^^^^^^^^^^^^^^^^^^^^^^^^^^^^^^^
    )
    ^
  File "C:\Users\ANUBIS PC\Desktop\parsing PE411\delivery_bot\venv\Lib\site-packages\aiogram\dispatcher\router.py", line 166, in _propagate_event
    response = await observer.trigger(event, **kwargs)
               ^^^^^^^^^^^^^^^^^^^^^^^^^^^^^^^^^^^^^^^
  File "C:\Users\ANUBIS PC\Desktop\parsing PE411\delivery_bot\venv\Lib\site-packages\aiogram\dispatcher\event\telegram.py", line 121, in trigger
    return await wrapped_inner(event, kwargs)
           ^^^^^^^^^^^^^^^^^^^^^^^^^^^^^^^^^^
  File "C:\Users\ANUBIS PC\Desktop\parsing PE411\delivery_bot\venv\Lib\site-packages\aiogram\dispatcher\event\handler.py", line 43, in call
    return await wrapped()
           ^^^^^^^^^^^^^^^
  File "C:\Users\ANUBIS PC\Desktop\parsing PE411\delivery_bot\routers\menu.py", line 106, in plus_handler
    await cb.message.edit_reply_markup(
    ...<3 lines>...
    )
  File "C:\Users\ANUBIS PC\Desktop\parsing PE411\delivery_bot\venv\Lib\site-packages\aiogram\methods\base.py", line 84, in emit
    return await bot(self)
           ^^^^^^^^^^^^^^^
  File "C:\Users\ANUBIS PC\Desktop\parsing PE411\delivery_bot\venv\Lib\site-packages\aiogram\client\bot.py", line 485, in __call__
    return await self.session(self, method, timeout=request_timeout)
           ^^^^^^^^^^^^^^^^^^^^^^^^^^^^^^^^^^^^^^^^^^^^^^^^^^^^^^^^^
  File "C:\Users\ANUBIS PC\Desktop\parsing PE411\delivery_bot\venv\Lib\site-packages\aiogram\client\session\base.py", line 254, in __call__
    return cast(TelegramType, await middleware(bot, method))
                              ^^^^^^^^^^^^^^^^^^^^^^^^^^^^^
  File "C:\Users\ANUBIS PC\Desktop\parsing PE411\delivery_bot\venv\Lib\site-packages\aiogram\client\session\aiohttp.py", line 185, in make_request
    response = self.check_response(
        bot=bot, method=method, status_code=resp.status, content=raw_result
    )
  File "C:\Users\ANUBIS PC\Desktop\parsing PE411\delivery_bot\venv\Lib\site-packages\aiogram\client\session\base.py", line 120, in check_response
    raise TelegramBadRequest(method=method, message=description)
aiogram.exceptions.TelegramBadRequest: Telegram server says - Bad Request: message is not modified: specified new message content and reply markup are exactly the same as a current content and reply markup of the message
2025-11-27 19:53:23,723 - INFO - CALLBACK: 121.13022804260254ms
2025-11-27 19:53:23,723 - INFO - Update id=946294849 is handled. Duration 121 ms by bot id=8200360038
2025-11-27 19:53:24,041 - INFO - CALLBACK: 125.49257278442383ms
2025-11-27 19:53:24,041 - INFO - Update id=946294850 is handled. Duration 126 ms by bot id=8200360038
2025-11-27 19:53:24,174 - INFO - CALLBACK: 122.90573120117188ms
2025-11-27 19:53:24,174 - INFO - Update id=946294851 is handled. Duration 123 ms by bot id=8200360038
2025-11-27 19:53:29,326 - INFO - CALLBACK: 124.05657768249512ms
2025-11-27 19:53:29,326 - INFO - Update id=946294852 is handled. Duration 124 ms by bot id=8200360038
2025-11-27 19:53:30,385 - INFO - CALLBACK: 203.5970687866211ms
2025-11-27 19:53:30,385 - INFO - Update id=946294853 is handled. Duration 204 ms by bot id=8200360038
2025-11-27 19:54:33,435 - INFO - Polling stopped
2025-11-27 19:54:33,436 - ERROR - Failed to fetch updates - TelegramNetworkError: HTTP Client says - ServerDisconnectedError: Server disconnected
2025-11-27 19:54:33,436 - WARNING - Sleep for 1.000000 seconds and try again... (tryings = 0, bot id = 8200360038)
2025-11-27 19:54:33,690 - INFO - Polling stopped for bot @pe411_bot id=8200360038 - 'pe411'
2025-11-27 19:54:41,287 - INFO - CALLBACK: 167.78826713562012ms
2025-11-27 19:54:41,287 - INFO - Update id=946294854 is not handled. Duration 169 ms by bot id=8200360038
2025-11-27 19:54:41,735 - INFO - MESSAGE: 613.201379776001ms
2025-11-27 19:54:41,736 - INFO - Update id=946294855 is handled. Duration 613 ms by bot id=8200360038
2025-11-27 19:54:43,458 - INFO - CALLBACK: 189.92853164672852ms
2025-11-27 19:54:43,458 - INFO - Update id=946294856 is handled. Duration 190 ms by bot id=8200360038
2025-11-27 19:54:45,879 - INFO - CALLBACK: 160.69507598876953ms
2025-11-27 19:54:45,879 - INFO - Update id=946294857 is handled. Duration 161 ms by bot id=8200360038
2025-11-27 19:54:47,269 - INFO - Update id=946294858 is not handled. Duration 258 ms by bot id=8200360038
2025-11-27 19:54:47,269 - ERROR - Cause exception while process update id=946294858 by bot id=8200360038
TelegramBadRequest: Telegram server says - Bad Request: wrong type of the web page content
Traceback (most recent call last):
  File "C:\Users\ANUBIS PC\Desktop\parsing PE411\delivery_bot\venv\Lib\site-packages\aiogram\dispatcher\dispatcher.py", line 309, in _process_update
    response = await self.feed_update(bot, update, **kwargs)
               ^^^^^^^^^^^^^^^^^^^^^^^^^^^^^^^^^^^^^^^^^^^^^
  File "C:\Users\ANUBIS PC\Desktop\parsing PE411\delivery_bot\venv\Lib\site-packages\aiogram\dispatcher\dispatcher.py", line 158, in feed_update
    response = await self.update.wrap_outer_middleware(
               ^^^^^^^^^^^^^^^^^^^^^^^^^^^^^^^^^^^^^^^^
    ...<7 lines>...
    )
    ^
  File "C:\Users\ANUBIS PC\Desktop\parsing PE411\delivery_bot\venv\Lib\site-packages\aiogram\dispatcher\middlewares\error.py", line 25, in __call__
    return await handler(event, data)
           ^^^^^^^^^^^^^^^^^^^^^^^^^^
  File "C:\Users\ANUBIS PC\Desktop\parsing PE411\delivery_bot\venv\Lib\site-packages\aiogram\dispatcher\middlewares\user_context.py", line 56, in __call__
    return await handler(event, data)
           ^^^^^^^^^^^^^^^^^^^^^^^^^^
  File "C:\Users\ANUBIS PC\Desktop\parsing PE411\delivery_bot\venv\Lib\site-packages\aiogram\fsm\middleware.py", line 42, in __call__
    return await handler(event, data)
           ^^^^^^^^^^^^^^^^^^^^^^^^^^
  File "C:\Users\ANUBIS PC\Desktop\parsing PE411\delivery_bot\venv\Lib\site-packages\aiogram\dispatcher\event\telegram.py", line 121, in trigger
    return await wrapped_inner(event, kwargs)
           ^^^^^^^^^^^^^^^^^^^^^^^^^^^^^^^^^^
  File "C:\Users\ANUBIS PC\Desktop\parsing PE411\delivery_bot\middlewares\logging.py", line 20, in __call__
    response = await handler(event, data)
               ^^^^^^^^^^^^^^^^^^^^^^^^^^
  File "C:\Users\ANUBIS PC\Desktop\parsing PE411\delivery_bot\middlewares\auth.py", line 28, in __call__
    return await handler(event, data)
           ^^^^^^^^^^^^^^^^^^^^^^^^^^
  File "C:\Users\ANUBIS PC\Desktop\parsing PE411\delivery_bot\venv\Lib\site-packages\aiogram\dispatcher\event\handler.py", line 43, in call
    return await wrapped()
           ^^^^^^^^^^^^^^^
  File "C:\Users\ANUBIS PC\Desktop\parsing PE411\delivery_bot\venv\Lib\site-packages\aiogram\dispatcher\dispatcher.py", line 276, in _listen_update
    return await self.propagate_event(update_type=update_type, event=event, **kwargs)
           ^^^^^^^^^^^^^^^^^^^^^^^^^^^^^^^^^^^^^^^^^^^^^^^^^^^^^^^^^^^^^^^^^^^^^^^^^^
  File "C:\Users\ANUBIS PC\Desktop\parsing PE411\delivery_bot\venv\Lib\site-packages\aiogram\dispatcher\router.py", line 146, in propagate_event
    return await observer.wrap_outer_middleware(_wrapped, event=event, data=kwargs)
           ^^^^^^^^^^^^^^^^^^^^^^^^^^^^^^^^^^^^^^^^^^^^^^^^^^^^^^^^^^^^^^^^^^^^^^^^
  File "C:\Users\ANUBIS PC\Desktop\parsing PE411\delivery_bot\venv\Lib\site-packages\aiogram\dispatcher\router.py", line 141, in _wrapped
    return await self._propagate_event(
           ^^^^^^^^^^^^^^^^^^^^^^^^^^^^
        observer=observer, update_type=update_type, event=telegram_event, **data
        ^^^^^^^^^^^^^^^^^^^^^^^^^^^^^^^^^^^^^^^^^^^^^^^^^^^^^^^^^^^^^^^^^^^^^^^^
    )
    ^
  File "C:\Users\ANUBIS PC\Desktop\parsing PE411\delivery_bot\venv\Lib\site-packages\aiogram\dispatcher\router.py", line 174, in _propagate_event
    response = await router.propagate_event(update_type=update_type, event=event, **kwargs)
               ^^^^^^^^^^^^^^^^^^^^^^^^^^^^^^^^^^^^^^^^^^^^^^^^^^^^^^^^^^^^^^^^^^^^^^^^^^^^
  File "C:\Users\ANUBIS PC\Desktop\parsing PE411\delivery_bot\venv\Lib\site-packages\aiogram\dispatcher\router.py", line 146, in propagate_event
    return await observer.wrap_outer_middleware(_wrapped, event=event, data=kwargs)
           ^^^^^^^^^^^^^^^^^^^^^^^^^^^^^^^^^^^^^^^^^^^^^^^^^^^^^^^^^^^^^^^^^^^^^^^^
  File "C:\Users\ANUBIS PC\Desktop\parsing PE411\delivery_bot\venv\Lib\site-packages\aiogram\dispatcher\router.py", line 141, in _wrapped
    return await self._propagate_event(
           ^^^^^^^^^^^^^^^^^^^^^^^^^^^^
        observer=observer, update_type=update_type, event=telegram_event, **data
        ^^^^^^^^^^^^^^^^^^^^^^^^^^^^^^^^^^^^^^^^^^^^^^^^^^^^^^^^^^^^^^^^^^^^^^^^
    )
    ^
  File "C:\Users\ANUBIS PC\Desktop\parsing PE411\delivery_bot\venv\Lib\site-packages\aiogram\dispatcher\router.py", line 166, in _propagate_event
    response = await observer.trigger(event, **kwargs)
               ^^^^^^^^^^^^^^^^^^^^^^^^^^^^^^^^^^^^^^^
  File "C:\Users\ANUBIS PC\Desktop\parsing PE411\delivery_bot\venv\Lib\site-packages\aiogram\dispatcher\event\telegram.py", line 121, in trigger
    return await wrapped_inner(event, kwargs)
           ^^^^^^^^^^^^^^^^^^^^^^^^^^^^^^^^^^
  File "C:\Users\ANUBIS PC\Desktop\parsing PE411\delivery_bot\venv\Lib\site-packages\aiogram\dispatcher\event\handler.py", line 43, in call
    return await wrapped()
           ^^^^^^^^^^^^^^^
  File "C:\Users\ANUBIS PC\Desktop\parsing PE411\delivery_bot\routers\menu.py", line 87, in product_handler
    await cb.message.answer_photo(
    ...<3 lines>...
    )
  File "C:\Users\ANUBIS PC\Desktop\parsing PE411\delivery_bot\venv\Lib\site-packages\aiogram\methods\base.py", line 84, in emit
    return await bot(self)
           ^^^^^^^^^^^^^^^
  File "C:\Users\ANUBIS PC\Desktop\parsing PE411\delivery_bot\venv\Lib\site-packages\aiogram\client\bot.py", line 485, in __call__
    return await self.session(self, method, timeout=request_timeout)
           ^^^^^^^^^^^^^^^^^^^^^^^^^^^^^^^^^^^^^^^^^^^^^^^^^^^^^^^^^
  File "C:\Users\ANUBIS PC\Desktop\parsing PE411\delivery_bot\venv\Lib\site-packages\aiogram\client\session\base.py", line 254, in __call__
    return cast(TelegramType, await middleware(bot, method))
                              ^^^^^^^^^^^^^^^^^^^^^^^^^^^^^
  File "C:\Users\ANUBIS PC\Desktop\parsing PE411\delivery_bot\venv\Lib\site-packages\aiogram\client\session\aiohttp.py", line 185, in make_request
    response = self.check_response(
        bot=bot, method=method, status_code=resp.status, content=raw_result
    )
  File "C:\Users\ANUBIS PC\Desktop\parsing PE411\delivery_bot\venv\Lib\site-packages\aiogram\client\session\base.py", line 120, in check_response
    raise TelegramBadRequest(method=method, message=description)
aiogram.exceptions.TelegramBadRequest: Telegram server says - Bad Request: wrong type of the web page content
2025-11-27 19:54:50,090 - INFO - MESSAGE: 182.2948455810547ms
2025-11-27 19:54:50,091 - INFO - Update id=946294859 is handled. Duration 182 ms by bot id=8200360038
2025-11-27 19:54:52,086 - INFO - CALLBACK: 209.7008228302002ms
2025-11-27 19:54:52,086 - INFO - Update id=946294860 is handled. Duration 210 ms by bot id=8200360038
2025-11-27 19:54:53,335 - INFO - CALLBACK: 133.18943977355957ms
2025-11-27 19:54:53,335 - INFO - Update id=946294861 is handled. Duration 133 ms by bot id=8200360038
2025-11-27 19:54:54,408 - INFO - CALLBACK: 278.6672115325928ms
2025-11-27 19:54:54,408 - INFO - Update id=946294862 is handled. Duration 279 ms by bot id=8200360038
2025-11-27 19:54:57,233 - INFO - Update id=946294863 is not handled. Duration 4 ms by bot id=8200360038
2025-11-27 19:54:57,233 - ERROR - Cause exception while process update id=946294863 by bot id=8200360038
ValidationError: 1 validation error for AnswerCallbackQuery
text
  Input should be a valid string [type=string_type, input_value=<aiogram.utils.magic_filt...t at 0x0000023A1F335D50>, input_type=MagicFilter]
    For further information visit https://errors.pydantic.dev/2.11/v/string_type
Traceback (most recent call last):
  File "C:\Users\ANUBIS PC\Desktop\parsing PE411\delivery_bot\venv\Lib\site-packages\aiogram\dispatcher\dispatcher.py", line 309, in _process_update
    response = await self.feed_update(bot, update, **kwargs)
               ^^^^^^^^^^^^^^^^^^^^^^^^^^^^^^^^^^^^^^^^^^^^^
  File "C:\Users\ANUBIS PC\Desktop\parsing PE411\delivery_bot\venv\Lib\site-packages\aiogram\dispatcher\dispatcher.py", line 158, in feed_update
    response = await self.update.wrap_outer_middleware(
               ^^^^^^^^^^^^^^^^^^^^^^^^^^^^^^^^^^^^^^^^
    ...<7 lines>...
    )
    ^
  File "C:\Users\ANUBIS PC\Desktop\parsing PE411\delivery_bot\venv\Lib\site-packages\aiogram\dispatcher\middlewares\error.py", line 25, in __call__
    return await handler(event, data)
           ^^^^^^^^^^^^^^^^^^^^^^^^^^
  File "C:\Users\ANUBIS PC\Desktop\parsing PE411\delivery_bot\venv\Lib\site-packages\aiogram\dispatcher\middlewares\user_context.py", line 56, in __call__
    return await handler(event, data)
           ^^^^^^^^^^^^^^^^^^^^^^^^^^
  File "C:\Users\ANUBIS PC\Desktop\parsing PE411\delivery_bot\venv\Lib\site-packages\aiogram\fsm\middleware.py", line 42, in __call__
    return await handler(event, data)
           ^^^^^^^^^^^^^^^^^^^^^^^^^^
  File "C:\Users\ANUBIS PC\Desktop\parsing PE411\delivery_bot\venv\Lib\site-packages\aiogram\dispatcher\event\telegram.py", line 121, in trigger
    return await wrapped_inner(event, kwargs)
           ^^^^^^^^^^^^^^^^^^^^^^^^^^^^^^^^^^
  File "C:\Users\ANUBIS PC\Desktop\parsing PE411\delivery_bot\middlewares\logging.py", line 20, in __call__
    response = await handler(event, data)
               ^^^^^^^^^^^^^^^^^^^^^^^^^^
  File "C:\Users\ANUBIS PC\Desktop\parsing PE411\delivery_bot\middlewares\auth.py", line 28, in __call__
    return await handler(event, data)
           ^^^^^^^^^^^^^^^^^^^^^^^^^^
  File "C:\Users\ANUBIS PC\Desktop\parsing PE411\delivery_bot\venv\Lib\site-packages\aiogram\dispatcher\event\handler.py", line 43, in call
    return await wrapped()
           ^^^^^^^^^^^^^^^
  File "C:\Users\ANUBIS PC\Desktop\parsing PE411\delivery_bot\venv\Lib\site-packages\aiogram\dispatcher\dispatcher.py", line 276, in _listen_update
    return await self.propagate_event(update_type=update_type, event=event, **kwargs)
           ^^^^^^^^^^^^^^^^^^^^^^^^^^^^^^^^^^^^^^^^^^^^^^^^^^^^^^^^^^^^^^^^^^^^^^^^^^
  File "C:\Users\ANUBIS PC\Desktop\parsing PE411\delivery_bot\venv\Lib\site-packages\aiogram\dispatcher\router.py", line 146, in propagate_event
    return await observer.wrap_outer_middleware(_wrapped, event=event, data=kwargs)
           ^^^^^^^^^^^^^^^^^^^^^^^^^^^^^^^^^^^^^^^^^^^^^^^^^^^^^^^^^^^^^^^^^^^^^^^^
  File "C:\Users\ANUBIS PC\Desktop\parsing PE411\delivery_bot\venv\Lib\site-packages\aiogram\dispatcher\router.py", line 141, in _wrapped
    return await self._propagate_event(
           ^^^^^^^^^^^^^^^^^^^^^^^^^^^^
        observer=observer, update_type=update_type, event=telegram_event, **data
        ^^^^^^^^^^^^^^^^^^^^^^^^^^^^^^^^^^^^^^^^^^^^^^^^^^^^^^^^^^^^^^^^^^^^^^^^
    )
    ^
  File "C:\Users\ANUBIS PC\Desktop\parsing PE411\delivery_bot\venv\Lib\site-packages\aiogram\dispatcher\router.py", line 174, in _propagate_event
    response = await router.propagate_event(update_type=update_type, event=event, **kwargs)
               ^^^^^^^^^^^^^^^^^^^^^^^^^^^^^^^^^^^^^^^^^^^^^^^^^^^^^^^^^^^^^^^^^^^^^^^^^^^^
  File "C:\Users\ANUBIS PC\Desktop\parsing PE411\delivery_bot\venv\Lib\site-packages\aiogram\dispatcher\router.py", line 146, in propagate_event
    return await observer.wrap_outer_middleware(_wrapped, event=event, data=kwargs)
           ^^^^^^^^^^^^^^^^^^^^^^^^^^^^^^^^^^^^^^^^^^^^^^^^^^^^^^^^^^^^^^^^^^^^^^^^
  File "C:\Users\ANUBIS PC\Desktop\parsing PE411\delivery_bot\venv\Lib\site-packages\aiogram\dispatcher\router.py", line 141, in _wrapped
    return await self._propagate_event(
           ^^^^^^^^^^^^^^^^^^^^^^^^^^^^
        observer=observer, update_type=update_type, event=telegram_event, **data
        ^^^^^^^^^^^^^^^^^^^^^^^^^^^^^^^^^^^^^^^^^^^^^^^^^^^^^^^^^^^^^^^^^^^^^^^^
    )
    ^
  File "C:\Users\ANUBIS PC\Desktop\parsing PE411\delivery_bot\venv\Lib\site-packages\aiogram\dispatcher\router.py", line 166, in _propagate_event
    response = await observer.trigger(event, **kwargs)
               ^^^^^^^^^^^^^^^^^^^^^^^^^^^^^^^^^^^^^^^
  File "C:\Users\ANUBIS PC\Desktop\parsing PE411\delivery_bot\venv\Lib\site-packages\aiogram\dispatcher\event\telegram.py", line 121, in trigger
    return await wrapped_inner(event, kwargs)
           ^^^^^^^^^^^^^^^^^^^^^^^^^^^^^^^^^^
  File "C:\Users\ANUBIS PC\Desktop\parsing PE411\delivery_bot\venv\Lib\site-packages\aiogram\dispatcher\event\handler.py", line 43, in call
    return await wrapped()
           ^^^^^^^^^^^^^^^
  File "C:\Users\ANUBIS PC\Desktop\parsing PE411\delivery_bot\routers\menu.py", line 141, in quantity_handler
    await cb.answer(F.data)
          ~~~~~~~~~^^^^^^^^
  File "C:\Users\ANUBIS PC\Desktop\parsing PE411\delivery_bot\venv\Lib\site-packages\aiogram\types\callback_query.py", line 101, in answer
    return AnswerCallbackQuery(
           ~~~~~~~~~~~~~~~~~~~^
        callback_query_id=self.id,
        ^^^^^^^^^^^^^^^^^^^^^^^^^^
    ...<4 lines>...
        **kwargs,
        ^^^^^^^^^
    ).as_(self._bot)
    ^
  File "C:\Users\ANUBIS PC\Desktop\parsing PE411\delivery_bot\venv\Lib\site-packages\pydantic\main.py", line 253, in __init__
    validated_self = self.__pydantic_validator__.validate_python(data, self_instance=self)
pydantic_core._pydantic_core.ValidationError: 1 validation error for AnswerCallbackQuery
text
  Input should be a valid string [type=string_type, input_value=<aiogram.utils.magic_filt...t at 0x0000023A1F335D50>, input_type=MagicFilter]
    For further information visit https://errors.pydantic.dev/2.11/v/string_type
2025-11-27 19:54:59,214 - INFO - Update id=946294864 is not handled. Duration 5 ms by bot id=8200360038
2025-11-27 19:54:59,214 - ERROR - Cause exception while process update id=946294864 by bot id=8200360038
ValidationError: 1 validation error for AnswerCallbackQuery
text
  Input should be a valid string [type=string_type, input_value=<aiogram.utils.magic_filt...t at 0x0000023A1F43A210>, input_type=MagicFilter]
    For further information visit https://errors.pydantic.dev/2.11/v/string_type
Traceback (most recent call last):
  File "C:\Users\ANUBIS PC\Desktop\parsing PE411\delivery_bot\venv\Lib\site-packages\aiogram\dispatcher\dispatcher.py", line 309, in _process_update
    response = await self.feed_update(bot, update, **kwargs)
               ^^^^^^^^^^^^^^^^^^^^^^^^^^^^^^^^^^^^^^^^^^^^^
  File "C:\Users\ANUBIS PC\Desktop\parsing PE411\delivery_bot\venv\Lib\site-packages\aiogram\dispatcher\dispatcher.py", line 158, in feed_update
    response = await self.update.wrap_outer_middleware(
               ^^^^^^^^^^^^^^^^^^^^^^^^^^^^^^^^^^^^^^^^
    ...<7 lines>...
    )
    ^
  File "C:\Users\ANUBIS PC\Desktop\parsing PE411\delivery_bot\venv\Lib\site-packages\aiogram\dispatcher\middlewares\error.py", line 25, in __call__
    return await handler(event, data)
           ^^^^^^^^^^^^^^^^^^^^^^^^^^
  File "C:\Users\ANUBIS PC\Desktop\parsing PE411\delivery_bot\venv\Lib\site-packages\aiogram\dispatcher\middlewares\user_context.py", line 56, in __call__
    return await handler(event, data)
           ^^^^^^^^^^^^^^^^^^^^^^^^^^
  File "C:\Users\ANUBIS PC\Desktop\parsing PE411\delivery_bot\venv\Lib\site-packages\aiogram\fsm\middleware.py", line 42, in __call__
    return await handler(event, data)
           ^^^^^^^^^^^^^^^^^^^^^^^^^^
  File "C:\Users\ANUBIS PC\Desktop\parsing PE411\delivery_bot\venv\Lib\site-packages\aiogram\dispatcher\event\telegram.py", line 121, in trigger
    return await wrapped_inner(event, kwargs)
           ^^^^^^^^^^^^^^^^^^^^^^^^^^^^^^^^^^
  File "C:\Users\ANUBIS PC\Desktop\parsing PE411\delivery_bot\middlewares\logging.py", line 20, in __call__
    response = await handler(event, data)
               ^^^^^^^^^^^^^^^^^^^^^^^^^^
  File "C:\Users\ANUBIS PC\Desktop\parsing PE411\delivery_bot\middlewares\auth.py", line 28, in __call__
    return await handler(event, data)
           ^^^^^^^^^^^^^^^^^^^^^^^^^^
  File "C:\Users\ANUBIS PC\Desktop\parsing PE411\delivery_bot\venv\Lib\site-packages\aiogram\dispatcher\event\handler.py", line 43, in call
    return await wrapped()
           ^^^^^^^^^^^^^^^
  File "C:\Users\ANUBIS PC\Desktop\parsing PE411\delivery_bot\venv\Lib\site-packages\aiogram\dispatcher\dispatcher.py", line 276, in _listen_update
    return await self.propagate_event(update_type=update_type, event=event, **kwargs)
           ^^^^^^^^^^^^^^^^^^^^^^^^^^^^^^^^^^^^^^^^^^^^^^^^^^^^^^^^^^^^^^^^^^^^^^^^^^
  File "C:\Users\ANUBIS PC\Desktop\parsing PE411\delivery_bot\venv\Lib\site-packages\aiogram\dispatcher\router.py", line 146, in propagate_event
    return await observer.wrap_outer_middleware(_wrapped, event=event, data=kwargs)
           ^^^^^^^^^^^^^^^^^^^^^^^^^^^^^^^^^^^^^^^^^^^^^^^^^^^^^^^^^^^^^^^^^^^^^^^^
  File "C:\Users\ANUBIS PC\Desktop\parsing PE411\delivery_bot\venv\Lib\site-packages\aiogram\dispatcher\router.py", line 141, in _wrapped
    return await self._propagate_event(
           ^^^^^^^^^^^^^^^^^^^^^^^^^^^^
        observer=observer, update_type=update_type, event=telegram_event, **data
        ^^^^^^^^^^^^^^^^^^^^^^^^^^^^^^^^^^^^^^^^^^^^^^^^^^^^^^^^^^^^^^^^^^^^^^^^
    )
    ^
  File "C:\Users\ANUBIS PC\Desktop\parsing PE411\delivery_bot\venv\Lib\site-packages\aiogram\dispatcher\router.py", line 174, in _propagate_event
    response = await router.propagate_event(update_type=update_type, event=event, **kwargs)
               ^^^^^^^^^^^^^^^^^^^^^^^^^^^^^^^^^^^^^^^^^^^^^^^^^^^^^^^^^^^^^^^^^^^^^^^^^^^^
  File "C:\Users\ANUBIS PC\Desktop\parsing PE411\delivery_bot\venv\Lib\site-packages\aiogram\dispatcher\router.py", line 146, in propagate_event
    return await observer.wrap_outer_middleware(_wrapped, event=event, data=kwargs)
           ^^^^^^^^^^^^^^^^^^^^^^^^^^^^^^^^^^^^^^^^^^^^^^^^^^^^^^^^^^^^^^^^^^^^^^^^
  File "C:\Users\ANUBIS PC\Desktop\parsing PE411\delivery_bot\venv\Lib\site-packages\aiogram\dispatcher\router.py", line 141, in _wrapped
    return await self._propagate_event(
           ^^^^^^^^^^^^^^^^^^^^^^^^^^^^
        observer=observer, update_type=update_type, event=telegram_event, **data
        ^^^^^^^^^^^^^^^^^^^^^^^^^^^^^^^^^^^^^^^^^^^^^^^^^^^^^^^^^^^^^^^^^^^^^^^^
    )
    ^
  File "C:\Users\ANUBIS PC\Desktop\parsing PE411\delivery_bot\venv\Lib\site-packages\aiogram\dispatcher\router.py", line 166, in _propagate_event
    response = await observer.trigger(event, **kwargs)
               ^^^^^^^^^^^^^^^^^^^^^^^^^^^^^^^^^^^^^^^
  File "C:\Users\ANUBIS PC\Desktop\parsing PE411\delivery_bot\venv\Lib\site-packages\aiogram\dispatcher\event\telegram.py", line 121, in trigger
    return await wrapped_inner(event, kwargs)
           ^^^^^^^^^^^^^^^^^^^^^^^^^^^^^^^^^^
  File "C:\Users\ANUBIS PC\Desktop\parsing PE411\delivery_bot\venv\Lib\site-packages\aiogram\dispatcher\event\handler.py", line 43, in call
    return await wrapped()
           ^^^^^^^^^^^^^^^
  File "C:\Users\ANUBIS PC\Desktop\parsing PE411\delivery_bot\routers\menu.py", line 141, in quantity_handler
    await cb.answer(F.data)
          ~~~~~~~~~^^^^^^^^
  File "C:\Users\ANUBIS PC\Desktop\parsing PE411\delivery_bot\venv\Lib\site-packages\aiogram\types\callback_query.py", line 101, in answer
    return AnswerCallbackQuery(
           ~~~~~~~~~~~~~~~~~~~^
        callback_query_id=self.id,
        ^^^^^^^^^^^^^^^^^^^^^^^^^^
    ...<4 lines>...
        **kwargs,
        ^^^^^^^^^
    ).as_(self._bot)
    ^
  File "C:\Users\ANUBIS PC\Desktop\parsing PE411\delivery_bot\venv\Lib\site-packages\pydantic\main.py", line 253, in __init__
    validated_self = self.__pydantic_validator__.validate_python(data, self_instance=self)
pydantic_core._pydantic_core.ValidationError: 1 validation error for AnswerCallbackQuery
text
  Input should be a valid string [type=string_type, input_value=<aiogram.utils.magic_filt...t at 0x0000023A1F43A210>, input_type=MagicFilter]
    For further information visit https://errors.pydantic.dev/2.11/v/string_type
2025-11-27 19:55:01,703 - INFO - Update id=946294865 is not handled. Duration 5 ms by bot id=8200360038
2025-11-27 19:55:01,703 - ERROR - Cause exception while process update id=946294865 by bot id=8200360038
ValidationError: 1 validation error for AnswerCallbackQuery
text
  Input should be a valid string [type=string_type, input_value=<aiogram.utils.magic_filt...t at 0x0000023A1F43B310>, input_type=MagicFilter]
    For further information visit https://errors.pydantic.dev/2.11/v/string_type
Traceback (most recent call last):
  File "C:\Users\ANUBIS PC\Desktop\parsing PE411\delivery_bot\venv\Lib\site-packages\aiogram\dispatcher\dispatcher.py", line 309, in _process_update
    response = await self.feed_update(bot, update, **kwargs)
               ^^^^^^^^^^^^^^^^^^^^^^^^^^^^^^^^^^^^^^^^^^^^^
  File "C:\Users\ANUBIS PC\Desktop\parsing PE411\delivery_bot\venv\Lib\site-packages\aiogram\dispatcher\dispatcher.py", line 158, in feed_update
    response = await self.update.wrap_outer_middleware(
               ^^^^^^^^^^^^^^^^^^^^^^^^^^^^^^^^^^^^^^^^
    ...<7 lines>...
    )
    ^
  File "C:\Users\ANUBIS PC\Desktop\parsing PE411\delivery_bot\venv\Lib\site-packages\aiogram\dispatcher\middlewares\error.py", line 25, in __call__
    return await handler(event, data)
           ^^^^^^^^^^^^^^^^^^^^^^^^^^
  File "C:\Users\ANUBIS PC\Desktop\parsing PE411\delivery_bot\venv\Lib\site-packages\aiogram\dispatcher\middlewares\user_context.py", line 56, in __call__
    return await handler(event, data)
           ^^^^^^^^^^^^^^^^^^^^^^^^^^
  File "C:\Users\ANUBIS PC\Desktop\parsing PE411\delivery_bot\venv\Lib\site-packages\aiogram\fsm\middleware.py", line 42, in __call__
    return await handler(event, data)
           ^^^^^^^^^^^^^^^^^^^^^^^^^^
  File "C:\Users\ANUBIS PC\Desktop\parsing PE411\delivery_bot\venv\Lib\site-packages\aiogram\dispatcher\event\telegram.py", line 121, in trigger
    return await wrapped_inner(event, kwargs)
           ^^^^^^^^^^^^^^^^^^^^^^^^^^^^^^^^^^
  File "C:\Users\ANUBIS PC\Desktop\parsing PE411\delivery_bot\middlewares\logging.py", line 20, in __call__
    response = await handler(event, data)
               ^^^^^^^^^^^^^^^^^^^^^^^^^^
  File "C:\Users\ANUBIS PC\Desktop\parsing PE411\delivery_bot\middlewares\auth.py", line 28, in __call__
    return await handler(event, data)
           ^^^^^^^^^^^^^^^^^^^^^^^^^^
  File "C:\Users\ANUBIS PC\Desktop\parsing PE411\delivery_bot\venv\Lib\site-packages\aiogram\dispatcher\event\handler.py", line 43, in call
    return await wrapped()
           ^^^^^^^^^^^^^^^
  File "C:\Users\ANUBIS PC\Desktop\parsing PE411\delivery_bot\venv\Lib\site-packages\aiogram\dispatcher\dispatcher.py", line 276, in _listen_update
    return await self.propagate_event(update_type=update_type, event=event, **kwargs)
           ^^^^^^^^^^^^^^^^^^^^^^^^^^^^^^^^^^^^^^^^^^^^^^^^^^^^^^^^^^^^^^^^^^^^^^^^^^
  File "C:\Users\ANUBIS PC\Desktop\parsing PE411\delivery_bot\venv\Lib\site-packages\aiogram\dispatcher\router.py", line 146, in propagate_event
    return await observer.wrap_outer_middleware(_wrapped, event=event, data=kwargs)
           ^^^^^^^^^^^^^^^^^^^^^^^^^^^^^^^^^^^^^^^^^^^^^^^^^^^^^^^^^^^^^^^^^^^^^^^^
  File "C:\Users\ANUBIS PC\Desktop\parsing PE411\delivery_bot\venv\Lib\site-packages\aiogram\dispatcher\router.py", line 141, in _wrapped
    return await self._propagate_event(
           ^^^^^^^^^^^^^^^^^^^^^^^^^^^^
        observer=observer, update_type=update_type, event=telegram_event, **data
        ^^^^^^^^^^^^^^^^^^^^^^^^^^^^^^^^^^^^^^^^^^^^^^^^^^^^^^^^^^^^^^^^^^^^^^^^
    )
    ^
  File "C:\Users\ANUBIS PC\Desktop\parsing PE411\delivery_bot\venv\Lib\site-packages\aiogram\dispatcher\router.py", line 174, in _propagate_event
    response = await router.propagate_event(update_type=update_type, event=event, **kwargs)
               ^^^^^^^^^^^^^^^^^^^^^^^^^^^^^^^^^^^^^^^^^^^^^^^^^^^^^^^^^^^^^^^^^^^^^^^^^^^^
  File "C:\Users\ANUBIS PC\Desktop\parsing PE411\delivery_bot\venv\Lib\site-packages\aiogram\dispatcher\router.py", line 146, in propagate_event
    return await observer.wrap_outer_middleware(_wrapped, event=event, data=kwargs)
           ^^^^^^^^^^^^^^^^^^^^^^^^^^^^^^^^^^^^^^^^^^^^^^^^^^^^^^^^^^^^^^^^^^^^^^^^
  File "C:\Users\ANUBIS PC\Desktop\parsing PE411\delivery_bot\venv\Lib\site-packages\aiogram\dispatcher\router.py", line 141, in _wrapped
    return await self._propagate_event(
           ^^^^^^^^^^^^^^^^^^^^^^^^^^^^
        observer=observer, update_type=update_type, event=telegram_event, **data
        ^^^^^^^^^^^^^^^^^^^^^^^^^^^^^^^^^^^^^^^^^^^^^^^^^^^^^^^^^^^^^^^^^^^^^^^^
    )
    ^
  File "C:\Users\ANUBIS PC\Desktop\parsing PE411\delivery_bot\venv\Lib\site-packages\aiogram\dispatcher\router.py", line 166, in _propagate_event
    response = await observer.trigger(event, **kwargs)
               ^^^^^^^^^^^^^^^^^^^^^^^^^^^^^^^^^^^^^^^
  File "C:\Users\ANUBIS PC\Desktop\parsing PE411\delivery_bot\venv\Lib\site-packages\aiogram\dispatcher\event\telegram.py", line 121, in trigger
    return await wrapped_inner(event, kwargs)
           ^^^^^^^^^^^^^^^^^^^^^^^^^^^^^^^^^^
  File "C:\Users\ANUBIS PC\Desktop\parsing PE411\delivery_bot\venv\Lib\site-packages\aiogram\dispatcher\event\handler.py", line 43, in call
    return await wrapped()
           ^^^^^^^^^^^^^^^
  File "C:\Users\ANUBIS PC\Desktop\parsing PE411\delivery_bot\routers\menu.py", line 141, in quantity_handler
    await cb.answer(F.data)
          ~~~~~~~~~^^^^^^^^
  File "C:\Users\ANUBIS PC\Desktop\parsing PE411\delivery_bot\venv\Lib\site-packages\aiogram\types\callback_query.py", line 101, in answer
    return AnswerCallbackQuery(
           ~~~~~~~~~~~~~~~~~~~^
        callback_query_id=self.id,
        ^^^^^^^^^^^^^^^^^^^^^^^^^^
    ...<4 lines>...
        **kwargs,
        ^^^^^^^^^
    ).as_(self._bot)
    ^
  File "C:\Users\ANUBIS PC\Desktop\parsing PE411\delivery_bot\venv\Lib\site-packages\pydantic\main.py", line 253, in __init__
    validated_self = self.__pydantic_validator__.validate_python(data, self_instance=self)
pydantic_core._pydantic_core.ValidationError: 1 validation error for AnswerCallbackQuery
text
  Input should be a valid string [type=string_type, input_value=<aiogram.utils.magic_filt...t at 0x0000023A1F43B310>, input_type=MagicFilter]
    For further information visit https://errors.pydantic.dev/2.11/v/string_type
2025-11-27 19:55:02,472 - INFO - Update id=946294866 is not handled. Duration 4 ms by bot id=8200360038
2025-11-27 19:55:02,472 - ERROR - Cause exception while process update id=946294866 by bot id=8200360038
ValidationError: 1 validation error for AnswerCallbackQuery
text
  Input should be a valid string [type=string_type, input_value=<aiogram.utils.magic_filt...t at 0x0000023A1F43B9D0>, input_type=MagicFilter]
    For further information visit https://errors.pydantic.dev/2.11/v/string_type
Traceback (most recent call last):
  File "C:\Users\ANUBIS PC\Desktop\parsing PE411\delivery_bot\venv\Lib\site-packages\aiogram\dispatcher\dispatcher.py", line 309, in _process_update
    response = await self.feed_update(bot, update, **kwargs)
               ^^^^^^^^^^^^^^^^^^^^^^^^^^^^^^^^^^^^^^^^^^^^^
  File "C:\Users\ANUBIS PC\Desktop\parsing PE411\delivery_bot\venv\Lib\site-packages\aiogram\dispatcher\dispatcher.py", line 158, in feed_update
    response = await self.update.wrap_outer_middleware(
               ^^^^^^^^^^^^^^^^^^^^^^^^^^^^^^^^^^^^^^^^
    ...<7 lines>...
    )
    ^
  File "C:\Users\ANUBIS PC\Desktop\parsing PE411\delivery_bot\venv\Lib\site-packages\aiogram\dispatcher\middlewares\error.py", line 25, in __call__
    return await handler(event, data)
           ^^^^^^^^^^^^^^^^^^^^^^^^^^
  File "C:\Users\ANUBIS PC\Desktop\parsing PE411\delivery_bot\venv\Lib\site-packages\aiogram\dispatcher\middlewares\user_context.py", line 56, in __call__
    return await handler(event, data)
           ^^^^^^^^^^^^^^^^^^^^^^^^^^
  File "C:\Users\ANUBIS PC\Desktop\parsing PE411\delivery_bot\venv\Lib\site-packages\aiogram\fsm\middleware.py", line 42, in __call__
    return await handler(event, data)
           ^^^^^^^^^^^^^^^^^^^^^^^^^^
  File "C:\Users\ANUBIS PC\Desktop\parsing PE411\delivery_bot\venv\Lib\site-packages\aiogram\dispatcher\event\telegram.py", line 121, in trigger
    return await wrapped_inner(event, kwargs)
           ^^^^^^^^^^^^^^^^^^^^^^^^^^^^^^^^^^
  File "C:\Users\ANUBIS PC\Desktop\parsing PE411\delivery_bot\middlewares\logging.py", line 20, in __call__
    response = await handler(event, data)
               ^^^^^^^^^^^^^^^^^^^^^^^^^^
  File "C:\Users\ANUBIS PC\Desktop\parsing PE411\delivery_bot\middlewares\auth.py", line 28, in __call__
    return await handler(event, data)
           ^^^^^^^^^^^^^^^^^^^^^^^^^^
  File "C:\Users\ANUBIS PC\Desktop\parsing PE411\delivery_bot\venv\Lib\site-packages\aiogram\dispatcher\event\handler.py", line 43, in call
    return await wrapped()
           ^^^^^^^^^^^^^^^
  File "C:\Users\ANUBIS PC\Desktop\parsing PE411\delivery_bot\venv\Lib\site-packages\aiogram\dispatcher\dispatcher.py", line 276, in _listen_update
    return await self.propagate_event(update_type=update_type, event=event, **kwargs)
           ^^^^^^^^^^^^^^^^^^^^^^^^^^^^^^^^^^^^^^^^^^^^^^^^^^^^^^^^^^^^^^^^^^^^^^^^^^
  File "C:\Users\ANUBIS PC\Desktop\parsing PE411\delivery_bot\venv\Lib\site-packages\aiogram\dispatcher\router.py", line 146, in propagate_event
    return await observer.wrap_outer_middleware(_wrapped, event=event, data=kwargs)
           ^^^^^^^^^^^^^^^^^^^^^^^^^^^^^^^^^^^^^^^^^^^^^^^^^^^^^^^^^^^^^^^^^^^^^^^^
  File "C:\Users\ANUBIS PC\Desktop\parsing PE411\delivery_bot\venv\Lib\site-packages\aiogram\dispatcher\router.py", line 141, in _wrapped
    return await self._propagate_event(
           ^^^^^^^^^^^^^^^^^^^^^^^^^^^^
        observer=observer, update_type=update_type, event=telegram_event, **data
        ^^^^^^^^^^^^^^^^^^^^^^^^^^^^^^^^^^^^^^^^^^^^^^^^^^^^^^^^^^^^^^^^^^^^^^^^
    )
    ^
  File "C:\Users\ANUBIS PC\Desktop\parsing PE411\delivery_bot\venv\Lib\site-packages\aiogram\dispatcher\router.py", line 174, in _propagate_event
    response = await router.propagate_event(update_type=update_type, event=event, **kwargs)
               ^^^^^^^^^^^^^^^^^^^^^^^^^^^^^^^^^^^^^^^^^^^^^^^^^^^^^^^^^^^^^^^^^^^^^^^^^^^^
  File "C:\Users\ANUBIS PC\Desktop\parsing PE411\delivery_bot\venv\Lib\site-packages\aiogram\dispatcher\router.py", line 146, in propagate_event
    return await observer.wrap_outer_middleware(_wrapped, event=event, data=kwargs)
           ^^^^^^^^^^^^^^^^^^^^^^^^^^^^^^^^^^^^^^^^^^^^^^^^^^^^^^^^^^^^^^^^^^^^^^^^
  File "C:\Users\ANUBIS PC\Desktop\parsing PE411\delivery_bot\venv\Lib\site-packages\aiogram\dispatcher\router.py", line 141, in _wrapped
    return await self._propagate_event(
           ^^^^^^^^^^^^^^^^^^^^^^^^^^^^
        observer=observer, update_type=update_type, event=telegram_event, **data
        ^^^^^^^^^^^^^^^^^^^^^^^^^^^^^^^^^^^^^^^^^^^^^^^^^^^^^^^^^^^^^^^^^^^^^^^^
    )
    ^
  File "C:\Users\ANUBIS PC\Desktop\parsing PE411\delivery_bot\venv\Lib\site-packages\aiogram\dispatcher\router.py", line 166, in _propagate_event
    response = await observer.trigger(event, **kwargs)
               ^^^^^^^^^^^^^^^^^^^^^^^^^^^^^^^^^^^^^^^
  File "C:\Users\ANUBIS PC\Desktop\parsing PE411\delivery_bot\venv\Lib\site-packages\aiogram\dispatcher\event\telegram.py", line 121, in trigger
    return await wrapped_inner(event, kwargs)
           ^^^^^^^^^^^^^^^^^^^^^^^^^^^^^^^^^^
  File "C:\Users\ANUBIS PC\Desktop\parsing PE411\delivery_bot\venv\Lib\site-packages\aiogram\dispatcher\event\handler.py", line 43, in call
    return await wrapped()
           ^^^^^^^^^^^^^^^
  File "C:\Users\ANUBIS PC\Desktop\parsing PE411\delivery_bot\routers\menu.py", line 141, in quantity_handler
    await cb.answer(F.data)
          ~~~~~~~~~^^^^^^^^
  File "C:\Users\ANUBIS PC\Desktop\parsing PE411\delivery_bot\venv\Lib\site-packages\aiogram\types\callback_query.py", line 101, in answer
    return AnswerCallbackQuery(
           ~~~~~~~~~~~~~~~~~~~^
        callback_query_id=self.id,
        ^^^^^^^^^^^^^^^^^^^^^^^^^^
    ...<4 lines>...
        **kwargs,
        ^^^^^^^^^
    ).as_(self._bot)
    ^
  File "C:\Users\ANUBIS PC\Desktop\parsing PE411\delivery_bot\venv\Lib\site-packages\pydantic\main.py", line 253, in __init__
    validated_self = self.__pydantic_validator__.validate_python(data, self_instance=self)
pydantic_core._pydantic_core.ValidationError: 1 validation error for AnswerCallbackQuery
text
  Input should be a valid string [type=string_type, input_value=<aiogram.utils.magic_filt...t at 0x0000023A1F43B9D0>, input_type=MagicFilter]
    For further information visit https://errors.pydantic.dev/2.11/v/string_type
2025-11-27 19:55:02,954 - INFO - Update id=946294867 is not handled. Duration 4 ms by bot id=8200360038
2025-11-27 19:55:02,954 - ERROR - Cause exception while process update id=946294867 by bot id=8200360038
ValidationError: 1 validation error for AnswerCallbackQuery
text
  Input should be a valid string [type=string_type, input_value=<aiogram.utils.magic_filt...t at 0x0000023A1F449310>, input_type=MagicFilter]
    For further information visit https://errors.pydantic.dev/2.11/v/string_type
Traceback (most recent call last):
  File "C:\Users\ANUBIS PC\Desktop\parsing PE411\delivery_bot\venv\Lib\site-packages\aiogram\dispatcher\dispatcher.py", line 309, in _process_update
    response = await self.feed_update(bot, update, **kwargs)
               ^^^^^^^^^^^^^^^^^^^^^^^^^^^^^^^^^^^^^^^^^^^^^
  File "C:\Users\ANUBIS PC\Desktop\parsing PE411\delivery_bot\venv\Lib\site-packages\aiogram\dispatcher\dispatcher.py", line 158, in feed_update
    response = await self.update.wrap_outer_middleware(
               ^^^^^^^^^^^^^^^^^^^^^^^^^^^^^^^^^^^^^^^^
    ...<7 lines>...
    )
    ^
  File "C:\Users\ANUBIS PC\Desktop\parsing PE411\delivery_bot\venv\Lib\site-packages\aiogram\dispatcher\middlewares\error.py", line 25, in __call__
    return await handler(event, data)
           ^^^^^^^^^^^^^^^^^^^^^^^^^^
  File "C:\Users\ANUBIS PC\Desktop\parsing PE411\delivery_bot\venv\Lib\site-packages\aiogram\dispatcher\middlewares\user_context.py", line 56, in __call__
    return await handler(event, data)
           ^^^^^^^^^^^^^^^^^^^^^^^^^^
  File "C:\Users\ANUBIS PC\Desktop\parsing PE411\delivery_bot\venv\Lib\site-packages\aiogram\fsm\middleware.py", line 42, in __call__
    return await handler(event, data)
           ^^^^^^^^^^^^^^^^^^^^^^^^^^
  File "C:\Users\ANUBIS PC\Desktop\parsing PE411\delivery_bot\venv\Lib\site-packages\aiogram\dispatcher\event\telegram.py", line 121, in trigger
    return await wrapped_inner(event, kwargs)
           ^^^^^^^^^^^^^^^^^^^^^^^^^^^^^^^^^^
  File "C:\Users\ANUBIS PC\Desktop\parsing PE411\delivery_bot\middlewares\logging.py", line 20, in __call__
    response = await handler(event, data)
               ^^^^^^^^^^^^^^^^^^^^^^^^^^
  File "C:\Users\ANUBIS PC\Desktop\parsing PE411\delivery_bot\middlewares\auth.py", line 28, in __call__
    return await handler(event, data)
           ^^^^^^^^^^^^^^^^^^^^^^^^^^
  File "C:\Users\ANUBIS PC\Desktop\parsing PE411\delivery_bot\venv\Lib\site-packages\aiogram\dispatcher\event\handler.py", line 43, in call
    return await wrapped()
           ^^^^^^^^^^^^^^^
  File "C:\Users\ANUBIS PC\Desktop\parsing PE411\delivery_bot\venv\Lib\site-packages\aiogram\dispatcher\dispatcher.py", line 276, in _listen_update
    return await self.propagate_event(update_type=update_type, event=event, **kwargs)
           ^^^^^^^^^^^^^^^^^^^^^^^^^^^^^^^^^^^^^^^^^^^^^^^^^^^^^^^^^^^^^^^^^^^^^^^^^^
  File "C:\Users\ANUBIS PC\Desktop\parsing PE411\delivery_bot\venv\Lib\site-packages\aiogram\dispatcher\router.py", line 146, in propagate_event
    return await observer.wrap_outer_middleware(_wrapped, event=event, data=kwargs)
           ^^^^^^^^^^^^^^^^^^^^^^^^^^^^^^^^^^^^^^^^^^^^^^^^^^^^^^^^^^^^^^^^^^^^^^^^
  File "C:\Users\ANUBIS PC\Desktop\parsing PE411\delivery_bot\venv\Lib\site-packages\aiogram\dispatcher\router.py", line 141, in _wrapped
    return await self._propagate_event(
           ^^^^^^^^^^^^^^^^^^^^^^^^^^^^
        observer=observer, update_type=update_type, event=telegram_event, **data
        ^^^^^^^^^^^^^^^^^^^^^^^^^^^^^^^^^^^^^^^^^^^^^^^^^^^^^^^^^^^^^^^^^^^^^^^^
    )
    ^
  File "C:\Users\ANUBIS PC\Desktop\parsing PE411\delivery_bot\venv\Lib\site-packages\aiogram\dispatcher\router.py", line 174, in _propagate_event
    response = await router.propagate_event(update_type=update_type, event=event, **kwargs)
               ^^^^^^^^^^^^^^^^^^^^^^^^^^^^^^^^^^^^^^^^^^^^^^^^^^^^^^^^^^^^^^^^^^^^^^^^^^^^
  File "C:\Users\ANUBIS PC\Desktop\parsing PE411\delivery_bot\venv\Lib\site-packages\aiogram\dispatcher\router.py", line 146, in propagate_event
    return await observer.wrap_outer_middleware(_wrapped, event=event, data=kwargs)
           ^^^^^^^^^^^^^^^^^^^^^^^^^^^^^^^^^^^^^^^^^^^^^^^^^^^^^^^^^^^^^^^^^^^^^^^^
  File "C:\Users\ANUBIS PC\Desktop\parsing PE411\delivery_bot\venv\Lib\site-packages\aiogram\dispatcher\router.py", line 141, in _wrapped
    return await self._propagate_event(
           ^^^^^^^^^^^^^^^^^^^^^^^^^^^^
        observer=observer, update_type=update_type, event=telegram_event, **data
        ^^^^^^^^^^^^^^^^^^^^^^^^^^^^^^^^^^^^^^^^^^^^^^^^^^^^^^^^^^^^^^^^^^^^^^^^
    )
    ^
  File "C:\Users\ANUBIS PC\Desktop\parsing PE411\delivery_bot\venv\Lib\site-packages\aiogram\dispatcher\router.py", line 166, in _propagate_event
    response = await observer.trigger(event, **kwargs)
               ^^^^^^^^^^^^^^^^^^^^^^^^^^^^^^^^^^^^^^^
  File "C:\Users\ANUBIS PC\Desktop\parsing PE411\delivery_bot\venv\Lib\site-packages\aiogram\dispatcher\event\telegram.py", line 121, in trigger
    return await wrapped_inner(event, kwargs)
           ^^^^^^^^^^^^^^^^^^^^^^^^^^^^^^^^^^
  File "C:\Users\ANUBIS PC\Desktop\parsing PE411\delivery_bot\venv\Lib\site-packages\aiogram\dispatcher\event\handler.py", line 43, in call
    return await wrapped()
           ^^^^^^^^^^^^^^^
  File "C:\Users\ANUBIS PC\Desktop\parsing PE411\delivery_bot\routers\menu.py", line 141, in quantity_handler
    await cb.answer(F.data)
          ~~~~~~~~~^^^^^^^^
  File "C:\Users\ANUBIS PC\Desktop\parsing PE411\delivery_bot\venv\Lib\site-packages\aiogram\types\callback_query.py", line 101, in answer
    return AnswerCallbackQuery(
           ~~~~~~~~~~~~~~~~~~~^
        callback_query_id=self.id,
        ^^^^^^^^^^^^^^^^^^^^^^^^^^
    ...<4 lines>...
        **kwargs,
        ^^^^^^^^^
    ).as_(self._bot)
    ^
  File "C:\Users\ANUBIS PC\Desktop\parsing PE411\delivery_bot\venv\Lib\site-packages\pydantic\main.py", line 253, in __init__
    validated_self = self.__pydantic_validator__.validate_python(data, self_instance=self)
pydantic_core._pydantic_core.ValidationError: 1 validation error for AnswerCallbackQuery
text
  Input should be a valid string [type=string_type, input_value=<aiogram.utils.magic_filt...t at 0x0000023A1F449310>, input_type=MagicFilter]
    For further information visit https://errors.pydantic.dev/2.11/v/string_type
2025-11-27 19:55:03,246 - INFO - CALLBACK: 4.195690155029297ms
2025-11-27 19:55:03,246 - INFO - Update id=946294868 is not handled. Duration 4 ms by bot id=8200360038
2025-11-27 19:55:06,041 - INFO - CALLBACK: 130.86652755737305ms
2025-11-27 19:55:06,041 - INFO - Update id=946294869 is handled. Duration 131 ms by bot id=8200360038
2025-11-27 19:55:08,310 - INFO - Update id=946294870 is not handled. Duration 4 ms by bot id=8200360038
2025-11-27 19:55:08,310 - ERROR - Cause exception while process update id=946294870 by bot id=8200360038
ValidationError: 1 validation error for AnswerCallbackQuery
text
  Input should be a valid string [type=string_type, input_value=<aiogram.utils.magic_filt...t at 0x0000023A1F44BA10>, input_type=MagicFilter]
    For further information visit https://errors.pydantic.dev/2.11/v/string_type
Traceback (most recent call last):
  File "C:\Users\ANUBIS PC\Desktop\parsing PE411\delivery_bot\venv\Lib\site-packages\aiogram\dispatcher\dispatcher.py", line 309, in _process_update
    response = await self.feed_update(bot, update, **kwargs)
               ^^^^^^^^^^^^^^^^^^^^^^^^^^^^^^^^^^^^^^^^^^^^^
  File "C:\Users\ANUBIS PC\Desktop\parsing PE411\delivery_bot\venv\Lib\site-packages\aiogram\dispatcher\dispatcher.py", line 158, in feed_update
    response = await self.update.wrap_outer_middleware(
               ^^^^^^^^^^^^^^^^^^^^^^^^^^^^^^^^^^^^^^^^
    ...<7 lines>...
    )
    ^
  File "C:\Users\ANUBIS PC\Desktop\parsing PE411\delivery_bot\venv\Lib\site-packages\aiogram\dispatcher\middlewares\error.py", line 25, in __call__
    return await handler(event, data)
           ^^^^^^^^^^^^^^^^^^^^^^^^^^
  File "C:\Users\ANUBIS PC\Desktop\parsing PE411\delivery_bot\venv\Lib\site-packages\aiogram\dispatcher\middlewares\user_context.py", line 56, in __call__
    return await handler(event, data)
           ^^^^^^^^^^^^^^^^^^^^^^^^^^
  File "C:\Users\ANUBIS PC\Desktop\parsing PE411\delivery_bot\venv\Lib\site-packages\aiogram\fsm\middleware.py", line 42, in __call__
    return await handler(event, data)
           ^^^^^^^^^^^^^^^^^^^^^^^^^^
  File "C:\Users\ANUBIS PC\Desktop\parsing PE411\delivery_bot\venv\Lib\site-packages\aiogram\dispatcher\event\telegram.py", line 121, in trigger
    return await wrapped_inner(event, kwargs)
           ^^^^^^^^^^^^^^^^^^^^^^^^^^^^^^^^^^
  File "C:\Users\ANUBIS PC\Desktop\parsing PE411\delivery_bot\middlewares\logging.py", line 20, in __call__
    response = await handler(event, data)
               ^^^^^^^^^^^^^^^^^^^^^^^^^^
  File "C:\Users\ANUBIS PC\Desktop\parsing PE411\delivery_bot\middlewares\auth.py", line 28, in __call__
    return await handler(event, data)
           ^^^^^^^^^^^^^^^^^^^^^^^^^^
  File "C:\Users\ANUBIS PC\Desktop\parsing PE411\delivery_bot\venv\Lib\site-packages\aiogram\dispatcher\event\handler.py", line 43, in call
    return await wrapped()
           ^^^^^^^^^^^^^^^
  File "C:\Users\ANUBIS PC\Desktop\parsing PE411\delivery_bot\venv\Lib\site-packages\aiogram\dispatcher\dispatcher.py", line 276, in _listen_update
    return await self.propagate_event(update_type=update_type, event=event, **kwargs)
           ^^^^^^^^^^^^^^^^^^^^^^^^^^^^^^^^^^^^^^^^^^^^^^^^^^^^^^^^^^^^^^^^^^^^^^^^^^
  File "C:\Users\ANUBIS PC\Desktop\parsing PE411\delivery_bot\venv\Lib\site-packages\aiogram\dispatcher\router.py", line 146, in propagate_event
    return await observer.wrap_outer_middleware(_wrapped, event=event, data=kwargs)
           ^^^^^^^^^^^^^^^^^^^^^^^^^^^^^^^^^^^^^^^^^^^^^^^^^^^^^^^^^^^^^^^^^^^^^^^^
  File "C:\Users\ANUBIS PC\Desktop\parsing PE411\delivery_bot\venv\Lib\site-packages\aiogram\dispatcher\router.py", line 141, in _wrapped
    return await self._propagate_event(
           ^^^^^^^^^^^^^^^^^^^^^^^^^^^^
        observer=observer, update_type=update_type, event=telegram_event, **data
        ^^^^^^^^^^^^^^^^^^^^^^^^^^^^^^^^^^^^^^^^^^^^^^^^^^^^^^^^^^^^^^^^^^^^^^^^
    )
    ^
  File "C:\Users\ANUBIS PC\Desktop\parsing PE411\delivery_bot\venv\Lib\site-packages\aiogram\dispatcher\router.py", line 174, in _propagate_event
    response = await router.propagate_event(update_type=update_type, event=event, **kwargs)
               ^^^^^^^^^^^^^^^^^^^^^^^^^^^^^^^^^^^^^^^^^^^^^^^^^^^^^^^^^^^^^^^^^^^^^^^^^^^^
  File "C:\Users\ANUBIS PC\Desktop\parsing PE411\delivery_bot\venv\Lib\site-packages\aiogram\dispatcher\router.py", line 146, in propagate_event
    return await observer.wrap_outer_middleware(_wrapped, event=event, data=kwargs)
           ^^^^^^^^^^^^^^^^^^^^^^^^^^^^^^^^^^^^^^^^^^^^^^^^^^^^^^^^^^^^^^^^^^^^^^^^
  File "C:\Users\ANUBIS PC\Desktop\parsing PE411\delivery_bot\venv\Lib\site-packages\aiogram\dispatcher\router.py", line 141, in _wrapped
    return await self._propagate_event(
           ^^^^^^^^^^^^^^^^^^^^^^^^^^^^
        observer=observer, update_type=update_type, event=telegram_event, **data
        ^^^^^^^^^^^^^^^^^^^^^^^^^^^^^^^^^^^^^^^^^^^^^^^^^^^^^^^^^^^^^^^^^^^^^^^^
    )
    ^
  File "C:\Users\ANUBIS PC\Desktop\parsing PE411\delivery_bot\venv\Lib\site-packages\aiogram\dispatcher\router.py", line 166, in _propagate_event
    response = await observer.trigger(event, **kwargs)
               ^^^^^^^^^^^^^^^^^^^^^^^^^^^^^^^^^^^^^^^
  File "C:\Users\ANUBIS PC\Desktop\parsing PE411\delivery_bot\venv\Lib\site-packages\aiogram\dispatcher\event\telegram.py", line 121, in trigger
    return await wrapped_inner(event, kwargs)
           ^^^^^^^^^^^^^^^^^^^^^^^^^^^^^^^^^^
  File "C:\Users\ANUBIS PC\Desktop\parsing PE411\delivery_bot\venv\Lib\site-packages\aiogram\dispatcher\event\handler.py", line 43, in call
    return await wrapped()
           ^^^^^^^^^^^^^^^
  File "C:\Users\ANUBIS PC\Desktop\parsing PE411\delivery_bot\routers\menu.py", line 141, in quantity_handler
    await cb.answer(F.data)
          ~~~~~~~~~^^^^^^^^
  File "C:\Users\ANUBIS PC\Desktop\parsing PE411\delivery_bot\venv\Lib\site-packages\aiogram\types\callback_query.py", line 101, in answer
    return AnswerCallbackQuery(
           ~~~~~~~~~~~~~~~~~~~^
        callback_query_id=self.id,
        ^^^^^^^^^^^^^^^^^^^^^^^^^^
    ...<4 lines>...
        **kwargs,
        ^^^^^^^^^
    ).as_(self._bot)
    ^
  File "C:\Users\ANUBIS PC\Desktop\parsing PE411\delivery_bot\venv\Lib\site-packages\pydantic\main.py", line 253, in __init__
    validated_self = self.__pydantic_validator__.validate_python(data, self_instance=self)
pydantic_core._pydantic_core.ValidationError: 1 validation error for AnswerCallbackQuery
text
  Input should be a valid string [type=string_type, input_value=<aiogram.utils.magic_filt...t at 0x0000023A1F44BA10>, input_type=MagicFilter]
    For further information visit https://errors.pydantic.dev/2.11/v/string_type
2025-11-27 19:55:26,197 - INFO - Update id=946294871 is not handled. Duration 105 ms by bot id=8200360038
2025-11-27 19:55:26,197 - ERROR - Cause exception while process update id=946294871 by bot id=8200360038
TelegramBadRequest: Telegram server says - Bad Request: there is no text in the message to edit
Traceback (most recent call last):
  File "C:\Users\ANUBIS PC\Desktop\parsing PE411\delivery_bot\venv\Lib\site-packages\aiogram\dispatcher\dispatcher.py", line 309, in _process_update
    response = await self.feed_update(bot, update, **kwargs)
               ^^^^^^^^^^^^^^^^^^^^^^^^^^^^^^^^^^^^^^^^^^^^^
  File "C:\Users\ANUBIS PC\Desktop\parsing PE411\delivery_bot\venv\Lib\site-packages\aiogram\dispatcher\dispatcher.py", line 158, in feed_update
    response = await self.update.wrap_outer_middleware(
               ^^^^^^^^^^^^^^^^^^^^^^^^^^^^^^^^^^^^^^^^
    ...<7 lines>...
    )
    ^
  File "C:\Users\ANUBIS PC\Desktop\parsing PE411\delivery_bot\venv\Lib\site-packages\aiogram\dispatcher\middlewares\error.py", line 25, in __call__
    return await handler(event, data)
           ^^^^^^^^^^^^^^^^^^^^^^^^^^
  File "C:\Users\ANUBIS PC\Desktop\parsing PE411\delivery_bot\venv\Lib\site-packages\aiogram\dispatcher\middlewares\user_context.py", line 56, in __call__
    return await handler(event, data)
           ^^^^^^^^^^^^^^^^^^^^^^^^^^
  File "C:\Users\ANUBIS PC\Desktop\parsing PE411\delivery_bot\venv\Lib\site-packages\aiogram\fsm\middleware.py", line 42, in __call__
    return await handler(event, data)
           ^^^^^^^^^^^^^^^^^^^^^^^^^^
  File "C:\Users\ANUBIS PC\Desktop\parsing PE411\delivery_bot\venv\Lib\site-packages\aiogram\dispatcher\event\telegram.py", line 121, in trigger
    return await wrapped_inner(event, kwargs)
           ^^^^^^^^^^^^^^^^^^^^^^^^^^^^^^^^^^
  File "C:\Users\ANUBIS PC\Desktop\parsing PE411\delivery_bot\middlewares\logging.py", line 20, in __call__
    response = await handler(event, data)
               ^^^^^^^^^^^^^^^^^^^^^^^^^^
  File "C:\Users\ANUBIS PC\Desktop\parsing PE411\delivery_bot\middlewares\auth.py", line 28, in __call__
    return await handler(event, data)
           ^^^^^^^^^^^^^^^^^^^^^^^^^^
  File "C:\Users\ANUBIS PC\Desktop\parsing PE411\delivery_bot\venv\Lib\site-packages\aiogram\dispatcher\event\handler.py", line 43, in call
    return await wrapped()
           ^^^^^^^^^^^^^^^
  File "C:\Users\ANUBIS PC\Desktop\parsing PE411\delivery_bot\venv\Lib\site-packages\aiogram\dispatcher\dispatcher.py", line 276, in _listen_update
    return await self.propagate_event(update_type=update_type, event=event, **kwargs)
           ^^^^^^^^^^^^^^^^^^^^^^^^^^^^^^^^^^^^^^^^^^^^^^^^^^^^^^^^^^^^^^^^^^^^^^^^^^
  File "C:\Users\ANUBIS PC\Desktop\parsing PE411\delivery_bot\venv\Lib\site-packages\aiogram\dispatcher\router.py", line 146, in propagate_event
    return await observer.wrap_outer_middleware(_wrapped, event=event, data=kwargs)
           ^^^^^^^^^^^^^^^^^^^^^^^^^^^^^^^^^^^^^^^^^^^^^^^^^^^^^^^^^^^^^^^^^^^^^^^^
  File "C:\Users\ANUBIS PC\Desktop\parsing PE411\delivery_bot\venv\Lib\site-packages\aiogram\dispatcher\router.py", line 141, in _wrapped
    return await self._propagate_event(
           ^^^^^^^^^^^^^^^^^^^^^^^^^^^^
        observer=observer, update_type=update_type, event=telegram_event, **data
        ^^^^^^^^^^^^^^^^^^^^^^^^^^^^^^^^^^^^^^^^^^^^^^^^^^^^^^^^^^^^^^^^^^^^^^^^
    )
    ^
  File "C:\Users\ANUBIS PC\Desktop\parsing PE411\delivery_bot\venv\Lib\site-packages\aiogram\dispatcher\router.py", line 174, in _propagate_event
    response = await router.propagate_event(update_type=update_type, event=event, **kwargs)
               ^^^^^^^^^^^^^^^^^^^^^^^^^^^^^^^^^^^^^^^^^^^^^^^^^^^^^^^^^^^^^^^^^^^^^^^^^^^^
  File "C:\Users\ANUBIS PC\Desktop\parsing PE411\delivery_bot\venv\Lib\site-packages\aiogram\dispatcher\router.py", line 146, in propagate_event
    return await observer.wrap_outer_middleware(_wrapped, event=event, data=kwargs)
           ^^^^^^^^^^^^^^^^^^^^^^^^^^^^^^^^^^^^^^^^^^^^^^^^^^^^^^^^^^^^^^^^^^^^^^^^
  File "C:\Users\ANUBIS PC\Desktop\parsing PE411\delivery_bot\venv\Lib\site-packages\aiogram\dispatcher\router.py", line 141, in _wrapped
    return await self._propagate_event(
           ^^^^^^^^^^^^^^^^^^^^^^^^^^^^
        observer=observer, update_type=update_type, event=telegram_event, **data
        ^^^^^^^^^^^^^^^^^^^^^^^^^^^^^^^^^^^^^^^^^^^^^^^^^^^^^^^^^^^^^^^^^^^^^^^^
    )
    ^
  File "C:\Users\ANUBIS PC\Desktop\parsing PE411\delivery_bot\venv\Lib\site-packages\aiogram\dispatcher\router.py", line 166, in _propagate_event
    response = await observer.trigger(event, **kwargs)
               ^^^^^^^^^^^^^^^^^^^^^^^^^^^^^^^^^^^^^^^
  File "C:\Users\ANUBIS PC\Desktop\parsing PE411\delivery_bot\venv\Lib\site-packages\aiogram\dispatcher\event\telegram.py", line 121, in trigger
    return await wrapped_inner(event, kwargs)
           ^^^^^^^^^^^^^^^^^^^^^^^^^^^^^^^^^^
  File "C:\Users\ANUBIS PC\Desktop\parsing PE411\delivery_bot\venv\Lib\site-packages\aiogram\dispatcher\event\handler.py", line 43, in call
    return await wrapped()
           ^^^^^^^^^^^^^^^
  File "C:\Users\ANUBIS PC\Desktop\parsing PE411\delivery_bot\routers\start.py", line 26, in back
    await cb.message.edit_text(
    ...<2 lines>...
    )
  File "C:\Users\ANUBIS PC\Desktop\parsing PE411\delivery_bot\venv\Lib\site-packages\aiogram\methods\base.py", line 84, in emit
    return await bot(self)
           ^^^^^^^^^^^^^^^
  File "C:\Users\ANUBIS PC\Desktop\parsing PE411\delivery_bot\venv\Lib\site-packages\aiogram\client\bot.py", line 485, in __call__
    return await self.session(self, method, timeout=request_timeout)
           ^^^^^^^^^^^^^^^^^^^^^^^^^^^^^^^^^^^^^^^^^^^^^^^^^^^^^^^^^
  File "C:\Users\ANUBIS PC\Desktop\parsing PE411\delivery_bot\venv\Lib\site-packages\aiogram\client\session\base.py", line 254, in __call__
    return cast(TelegramType, await middleware(bot, method))
                              ^^^^^^^^^^^^^^^^^^^^^^^^^^^^^
  File "C:\Users\ANUBIS PC\Desktop\parsing PE411\delivery_bot\venv\Lib\site-packages\aiogram\client\session\aiohttp.py", line 185, in make_request
    response = self.check_response(
        bot=bot, method=method, status_code=resp.status, content=raw_result
    )
  File "C:\Users\ANUBIS PC\Desktop\parsing PE411\delivery_bot\venv\Lib\site-packages\aiogram\client\session\base.py", line 120, in check_response
    raise TelegramBadRequest(method=method, message=description)
aiogram.exceptions.TelegramBadRequest: Telegram server says - Bad Request: there is no text in the message to edit
2025-11-27 19:55:27,685 - INFO - MESSAGE: 128.81040573120117ms
2025-11-27 19:55:27,685 - INFO - Update id=946294872 is handled. Duration 129 ms by bot id=8200360038
2025-11-27 19:55:29,940 - INFO - CALLBACK: 126.62696838378906ms
2025-11-27 19:55:29,940 - INFO - Update id=946294873 is handled. Duration 127 ms by bot id=8200360038
2025-11-27 19:55:30,786 - INFO - CALLBACK: 120.97644805908203ms
2025-11-27 19:55:30,786 - INFO - Update id=946294874 is handled. Duration 121 ms by bot id=8200360038
2025-11-27 19:55:31,854 - INFO - CALLBACK: 147.22847938537598ms
2025-11-27 19:55:31,854 - INFO - Update id=946294875 is handled. Duration 147 ms by bot id=8200360038
2025-11-27 19:55:32,678 - INFO - CALLBACK: 173.0971336364746ms
2025-11-27 19:55:32,678 - INFO - Update id=946294876 is handled. Duration 173 ms by bot id=8200360038
2025-11-27 19:55:33,446 - INFO - CALLBACK: 142.87042617797852ms
2025-11-27 19:55:33,446 - INFO - Update id=946294877 is handled. Duration 143 ms by bot id=8200360038
2025-11-27 19:55:34,574 - INFO - CALLBACK: 126.8460750579834ms
2025-11-27 19:55:34,574 - INFO - Update id=946294878 is handled. Duration 127 ms by bot id=8200360038
2025-11-27 19:55:35,803 - INFO - CALLBACK: 138.3819580078125ms
2025-11-27 19:55:35,804 - INFO - Update id=946294879 is handled. Duration 139 ms by bot id=8200360038
2025-11-27 19:55:36,722 - INFO - CALLBACK: 3.8607120513916016ms
2025-11-27 19:55:36,722 - INFO - Update id=946294880 is not handled. Duration 4 ms by bot id=8200360038
2025-11-27 19:55:57,260 - INFO - CALLBACK: 243.09492111206055ms
2025-11-27 19:55:57,260 - INFO - Update id=946294881 is handled. Duration 243 ms by bot id=8200360038
2025-11-27 19:55:58,259 - INFO - CALLBACK: 143.60976219177246ms
2025-11-27 19:55:58,259 - INFO - Update id=946294882 is handled. Duration 144 ms by bot id=8200360038
2025-11-27 19:55:59,771 - INFO - CALLBACK: 324.3451118469238ms
2025-11-27 19:55:59,771 - INFO - Update id=946294883 is handled. Duration 325 ms by bot id=8200360038
2025-11-27 19:56:01,244 - INFO - Update id=946294884 is not handled. Duration 6 ms by bot id=8200360038
2025-11-27 19:56:01,244 - ERROR - Cause exception while process update id=946294884 by bot id=8200360038
ValidationError: 1 validation error for AnswerCallbackQuery
text
  Input should be a valid string [type=string_type, input_value=<aiogram.utils.magic_filt...t at 0x0000023A1F4830D0>, input_type=MagicFilter]
    For further information visit https://errors.pydantic.dev/2.11/v/string_type
Traceback (most recent call last):
  File "C:\Users\ANUBIS PC\Desktop\parsing PE411\delivery_bot\venv\Lib\site-packages\aiogram\dispatcher\dispatcher.py", line 309, in _process_update
    response = await self.feed_update(bot, update, **kwargs)
               ^^^^^^^^^^^^^^^^^^^^^^^^^^^^^^^^^^^^^^^^^^^^^
  File "C:\Users\ANUBIS PC\Desktop\parsing PE411\delivery_bot\venv\Lib\site-packages\aiogram\dispatcher\dispatcher.py", line 158, in feed_update
    response = await self.update.wrap_outer_middleware(
               ^^^^^^^^^^^^^^^^^^^^^^^^^^^^^^^^^^^^^^^^
    ...<7 lines>...
    )
    ^
  File "C:\Users\ANUBIS PC\Desktop\parsing PE411\delivery_bot\venv\Lib\site-packages\aiogram\dispatcher\middlewares\error.py", line 25, in __call__
    return await handler(event, data)
           ^^^^^^^^^^^^^^^^^^^^^^^^^^
  File "C:\Users\ANUBIS PC\Desktop\parsing PE411\delivery_bot\venv\Lib\site-packages\aiogram\dispatcher\middlewares\user_context.py", line 56, in __call__
    return await handler(event, data)
           ^^^^^^^^^^^^^^^^^^^^^^^^^^
  File "C:\Users\ANUBIS PC\Desktop\parsing PE411\delivery_bot\venv\Lib\site-packages\aiogram\fsm\middleware.py", line 42, in __call__
    return await handler(event, data)
           ^^^^^^^^^^^^^^^^^^^^^^^^^^
  File "C:\Users\ANUBIS PC\Desktop\parsing PE411\delivery_bot\venv\Lib\site-packages\aiogram\dispatcher\event\telegram.py", line 121, in trigger
    return await wrapped_inner(event, kwargs)
           ^^^^^^^^^^^^^^^^^^^^^^^^^^^^^^^^^^
  File "C:\Users\ANUBIS PC\Desktop\parsing PE411\delivery_bot\middlewares\logging.py", line 20, in __call__
    response = await handler(event, data)
               ^^^^^^^^^^^^^^^^^^^^^^^^^^
  File "C:\Users\ANUBIS PC\Desktop\parsing PE411\delivery_bot\middlewares\auth.py", line 28, in __call__
    return await handler(event, data)
           ^^^^^^^^^^^^^^^^^^^^^^^^^^
  File "C:\Users\ANUBIS PC\Desktop\parsing PE411\delivery_bot\venv\Lib\site-packages\aiogram\dispatcher\event\handler.py", line 43, in call
    return await wrapped()
           ^^^^^^^^^^^^^^^
  File "C:\Users\ANUBIS PC\Desktop\parsing PE411\delivery_bot\venv\Lib\site-packages\aiogram\dispatcher\dispatcher.py", line 276, in _listen_update
    return await self.propagate_event(update_type=update_type, event=event, **kwargs)
           ^^^^^^^^^^^^^^^^^^^^^^^^^^^^^^^^^^^^^^^^^^^^^^^^^^^^^^^^^^^^^^^^^^^^^^^^^^
  File "C:\Users\ANUBIS PC\Desktop\parsing PE411\delivery_bot\venv\Lib\site-packages\aiogram\dispatcher\router.py", line 146, in propagate_event
    return await observer.wrap_outer_middleware(_wrapped, event=event, data=kwargs)
           ^^^^^^^^^^^^^^^^^^^^^^^^^^^^^^^^^^^^^^^^^^^^^^^^^^^^^^^^^^^^^^^^^^^^^^^^
  File "C:\Users\ANUBIS PC\Desktop\parsing PE411\delivery_bot\venv\Lib\site-packages\aiogram\dispatcher\router.py", line 141, in _wrapped
    return await self._propagate_event(
           ^^^^^^^^^^^^^^^^^^^^^^^^^^^^
        observer=observer, update_type=update_type, event=telegram_event, **data
        ^^^^^^^^^^^^^^^^^^^^^^^^^^^^^^^^^^^^^^^^^^^^^^^^^^^^^^^^^^^^^^^^^^^^^^^^
    )
    ^
  File "C:\Users\ANUBIS PC\Desktop\parsing PE411\delivery_bot\venv\Lib\site-packages\aiogram\dispatcher\router.py", line 174, in _propagate_event
    response = await router.propagate_event(update_type=update_type, event=event, **kwargs)
               ^^^^^^^^^^^^^^^^^^^^^^^^^^^^^^^^^^^^^^^^^^^^^^^^^^^^^^^^^^^^^^^^^^^^^^^^^^^^
  File "C:\Users\ANUBIS PC\Desktop\parsing PE411\delivery_bot\venv\Lib\site-packages\aiogram\dispatcher\router.py", line 146, in propagate_event
    return await observer.wrap_outer_middleware(_wrapped, event=event, data=kwargs)
           ^^^^^^^^^^^^^^^^^^^^^^^^^^^^^^^^^^^^^^^^^^^^^^^^^^^^^^^^^^^^^^^^^^^^^^^^
  File "C:\Users\ANUBIS PC\Desktop\parsing PE411\delivery_bot\venv\Lib\site-packages\aiogram\dispatcher\router.py", line 141, in _wrapped
    return await self._propagate_event(
           ^^^^^^^^^^^^^^^^^^^^^^^^^^^^
        observer=observer, update_type=update_type, event=telegram_event, **data
        ^^^^^^^^^^^^^^^^^^^^^^^^^^^^^^^^^^^^^^^^^^^^^^^^^^^^^^^^^^^^^^^^^^^^^^^^
    )
    ^
  File "C:\Users\ANUBIS PC\Desktop\parsing PE411\delivery_bot\venv\Lib\site-packages\aiogram\dispatcher\router.py", line 166, in _propagate_event
    response = await observer.trigger(event, **kwargs)
               ^^^^^^^^^^^^^^^^^^^^^^^^^^^^^^^^^^^^^^^
  File "C:\Users\ANUBIS PC\Desktop\parsing PE411\delivery_bot\venv\Lib\site-packages\aiogram\dispatcher\event\telegram.py", line 121, in trigger
    return await wrapped_inner(event, kwargs)
           ^^^^^^^^^^^^^^^^^^^^^^^^^^^^^^^^^^
  File "C:\Users\ANUBIS PC\Desktop\parsing PE411\delivery_bot\venv\Lib\site-packages\aiogram\dispatcher\event\handler.py", line 43, in call
    return await wrapped()
           ^^^^^^^^^^^^^^^
  File "C:\Users\ANUBIS PC\Desktop\parsing PE411\delivery_bot\routers\menu.py", line 141, in quantity_handler
    await cb.answer(F.data)
          ~~~~~~~~~^^^^^^^^
  File "C:\Users\ANUBIS PC\Desktop\parsing PE411\delivery_bot\venv\Lib\site-packages\aiogram\types\callback_query.py", line 101, in answer
    return AnswerCallbackQuery(
           ~~~~~~~~~~~~~~~~~~~^
        callback_query_id=self.id,
        ^^^^^^^^^^^^^^^^^^^^^^^^^^
    ...<4 lines>...
        **kwargs,
        ^^^^^^^^^
    ).as_(self._bot)
    ^
  File "C:\Users\ANUBIS PC\Desktop\parsing PE411\delivery_bot\venv\Lib\site-packages\pydantic\main.py", line 253, in __init__
    validated_self = self.__pydantic_validator__.validate_python(data, self_instance=self)
pydantic_core._pydantic_core.ValidationError: 1 validation error for AnswerCallbackQuery
text
  Input should be a valid string [type=string_type, input_value=<aiogram.utils.magic_filt...t at 0x0000023A1F4830D0>, input_type=MagicFilter]
    For further information visit https://errors.pydantic.dev/2.11/v/string_type
2025-11-27 19:56:02,199 - INFO - CALLBACK: 3.525972366333008ms
2025-11-27 19:56:02,199 - INFO - Update id=946294885 is not handled. Duration 4 ms by bot id=8200360038
2025-11-27 19:56:05,437 - INFO - Update id=946294886 is not handled. Duration 4 ms by bot id=8200360038
2025-11-27 19:56:05,437 - ERROR - Cause exception while process update id=946294886 by bot id=8200360038
ValidationError: 1 validation error for AnswerCallbackQuery
text
  Input should be a valid string [type=string_type, input_value=<aiogram.utils.magic_filt...t at 0x0000023A1F494050>, input_type=MagicFilter]
    For further information visit https://errors.pydantic.dev/2.11/v/string_type
Traceback (most recent call last):
  File "C:\Users\ANUBIS PC\Desktop\parsing PE411\delivery_bot\venv\Lib\site-packages\aiogram\dispatcher\dispatcher.py", line 309, in _process_update
    response = await self.feed_update(bot, update, **kwargs)
               ^^^^^^^^^^^^^^^^^^^^^^^^^^^^^^^^^^^^^^^^^^^^^
  File "C:\Users\ANUBIS PC\Desktop\parsing PE411\delivery_bot\venv\Lib\site-packages\aiogram\dispatcher\dispatcher.py", line 158, in feed_update
    response = await self.update.wrap_outer_middleware(
               ^^^^^^^^^^^^^^^^^^^^^^^^^^^^^^^^^^^^^^^^
    ...<7 lines>...
    )
    ^
  File "C:\Users\ANUBIS PC\Desktop\parsing PE411\delivery_bot\venv\Lib\site-packages\aiogram\dispatcher\middlewares\error.py", line 25, in __call__
    return await handler(event, data)
           ^^^^^^^^^^^^^^^^^^^^^^^^^^
  File "C:\Users\ANUBIS PC\Desktop\parsing PE411\delivery_bot\venv\Lib\site-packages\aiogram\dispatcher\middlewares\user_context.py", line 56, in __call__
    return await handler(event, data)
           ^^^^^^^^^^^^^^^^^^^^^^^^^^
  File "C:\Users\ANUBIS PC\Desktop\parsing PE411\delivery_bot\venv\Lib\site-packages\aiogram\fsm\middleware.py", line 42, in __call__
    return await handler(event, data)
           ^^^^^^^^^^^^^^^^^^^^^^^^^^
  File "C:\Users\ANUBIS PC\Desktop\parsing PE411\delivery_bot\venv\Lib\site-packages\aiogram\dispatcher\event\telegram.py", line 121, in trigger
    return await wrapped_inner(event, kwargs)
           ^^^^^^^^^^^^^^^^^^^^^^^^^^^^^^^^^^
  File "C:\Users\ANUBIS PC\Desktop\parsing PE411\delivery_bot\middlewares\logging.py", line 20, in __call__
    response = await handler(event, data)
               ^^^^^^^^^^^^^^^^^^^^^^^^^^
  File "C:\Users\ANUBIS PC\Desktop\parsing PE411\delivery_bot\middlewares\auth.py", line 28, in __call__
    return await handler(event, data)
           ^^^^^^^^^^^^^^^^^^^^^^^^^^
  File "C:\Users\ANUBIS PC\Desktop\parsing PE411\delivery_bot\venv\Lib\site-packages\aiogram\dispatcher\event\handler.py", line 43, in call
    return await wrapped()
           ^^^^^^^^^^^^^^^
  File "C:\Users\ANUBIS PC\Desktop\parsing PE411\delivery_bot\venv\Lib\site-packages\aiogram\dispatcher\dispatcher.py", line 276, in _listen_update
    return await self.propagate_event(update_type=update_type, event=event, **kwargs)
           ^^^^^^^^^^^^^^^^^^^^^^^^^^^^^^^^^^^^^^^^^^^^^^^^^^^^^^^^^^^^^^^^^^^^^^^^^^
  File "C:\Users\ANUBIS PC\Desktop\parsing PE411\delivery_bot\venv\Lib\site-packages\aiogram\dispatcher\router.py", line 146, in propagate_event
    return await observer.wrap_outer_middleware(_wrapped, event=event, data=kwargs)
           ^^^^^^^^^^^^^^^^^^^^^^^^^^^^^^^^^^^^^^^^^^^^^^^^^^^^^^^^^^^^^^^^^^^^^^^^
  File "C:\Users\ANUBIS PC\Desktop\parsing PE411\delivery_bot\venv\Lib\site-packages\aiogram\dispatcher\router.py", line 141, in _wrapped
    return await self._propagate_event(
           ^^^^^^^^^^^^^^^^^^^^^^^^^^^^
        observer=observer, update_type=update_type, event=telegram_event, **data
        ^^^^^^^^^^^^^^^^^^^^^^^^^^^^^^^^^^^^^^^^^^^^^^^^^^^^^^^^^^^^^^^^^^^^^^^^
    )
    ^
  File "C:\Users\ANUBIS PC\Desktop\parsing PE411\delivery_bot\venv\Lib\site-packages\aiogram\dispatcher\router.py", line 174, in _propagate_event
    response = await router.propagate_event(update_type=update_type, event=event, **kwargs)
               ^^^^^^^^^^^^^^^^^^^^^^^^^^^^^^^^^^^^^^^^^^^^^^^^^^^^^^^^^^^^^^^^^^^^^^^^^^^^
  File "C:\Users\ANUBIS PC\Desktop\parsing PE411\delivery_bot\venv\Lib\site-packages\aiogram\dispatcher\router.py", line 146, in propagate_event
    return await observer.wrap_outer_middleware(_wrapped, event=event, data=kwargs)
           ^^^^^^^^^^^^^^^^^^^^^^^^^^^^^^^^^^^^^^^^^^^^^^^^^^^^^^^^^^^^^^^^^^^^^^^^
  File "C:\Users\ANUBIS PC\Desktop\parsing PE411\delivery_bot\venv\Lib\site-packages\aiogram\dispatcher\router.py", line 141, in _wrapped
    return await self._propagate_event(
           ^^^^^^^^^^^^^^^^^^^^^^^^^^^^
        observer=observer, update_type=update_type, event=telegram_event, **data
        ^^^^^^^^^^^^^^^^^^^^^^^^^^^^^^^^^^^^^^^^^^^^^^^^^^^^^^^^^^^^^^^^^^^^^^^^
    )
    ^
  File "C:\Users\ANUBIS PC\Desktop\parsing PE411\delivery_bot\venv\Lib\site-packages\aiogram\dispatcher\router.py", line 166, in _propagate_event
    response = await observer.trigger(event, **kwargs)
               ^^^^^^^^^^^^^^^^^^^^^^^^^^^^^^^^^^^^^^^
  File "C:\Users\ANUBIS PC\Desktop\parsing PE411\delivery_bot\venv\Lib\site-packages\aiogram\dispatcher\event\telegram.py", line 121, in trigger
    return await wrapped_inner(event, kwargs)
           ^^^^^^^^^^^^^^^^^^^^^^^^^^^^^^^^^^
  File "C:\Users\ANUBIS PC\Desktop\parsing PE411\delivery_bot\venv\Lib\site-packages\aiogram\dispatcher\event\handler.py", line 43, in call
    return await wrapped()
           ^^^^^^^^^^^^^^^
  File "C:\Users\ANUBIS PC\Desktop\parsing PE411\delivery_bot\routers\menu.py", line 141, in quantity_handler
    await cb.answer(F.data)
          ~~~~~~~~~^^^^^^^^
  File "C:\Users\ANUBIS PC\Desktop\parsing PE411\delivery_bot\venv\Lib\site-packages\aiogram\types\callback_query.py", line 101, in answer
    return AnswerCallbackQuery(
           ~~~~~~~~~~~~~~~~~~~^
        callback_query_id=self.id,
        ^^^^^^^^^^^^^^^^^^^^^^^^^^
    ...<4 lines>...
        **kwargs,
        ^^^^^^^^^
    ).as_(self._bot)
    ^
  File "C:\Users\ANUBIS PC\Desktop\parsing PE411\delivery_bot\venv\Lib\site-packages\pydantic\main.py", line 253, in __init__
    validated_self = self.__pydantic_validator__.validate_python(data, self_instance=self)
pydantic_core._pydantic_core.ValidationError: 1 validation error for AnswerCallbackQuery
text
  Input should be a valid string [type=string_type, input_value=<aiogram.utils.magic_filt...t at 0x0000023A1F494050>, input_type=MagicFilter]
    For further information visit https://errors.pydantic.dev/2.11/v/string_type
2025-11-27 19:56:06,984 - INFO - Update id=946294887 is not handled. Duration 4 ms by bot id=8200360038
2025-11-27 19:56:06,984 - ERROR - Cause exception while process update id=946294887 by bot id=8200360038
ValidationError: 1 validation error for AnswerCallbackQuery
text
  Input should be a valid string [type=string_type, input_value=<aiogram.utils.magic_filt...t at 0x0000023A1F4957D0>, input_type=MagicFilter]
    For further information visit https://errors.pydantic.dev/2.11/v/string_type
Traceback (most recent call last):
  File "C:\Users\ANUBIS PC\Desktop\parsing PE411\delivery_bot\venv\Lib\site-packages\aiogram\dispatcher\dispatcher.py", line 309, in _process_update
    response = await self.feed_update(bot, update, **kwargs)
               ^^^^^^^^^^^^^^^^^^^^^^^^^^^^^^^^^^^^^^^^^^^^^
  File "C:\Users\ANUBIS PC\Desktop\parsing PE411\delivery_bot\venv\Lib\site-packages\aiogram\dispatcher\dispatcher.py", line 158, in feed_update
    response = await self.update.wrap_outer_middleware(
               ^^^^^^^^^^^^^^^^^^^^^^^^^^^^^^^^^^^^^^^^
    ...<7 lines>...
    )
    ^
  File "C:\Users\ANUBIS PC\Desktop\parsing PE411\delivery_bot\venv\Lib\site-packages\aiogram\dispatcher\middlewares\error.py", line 25, in __call__
    return await handler(event, data)
           ^^^^^^^^^^^^^^^^^^^^^^^^^^
  File "C:\Users\ANUBIS PC\Desktop\parsing PE411\delivery_bot\venv\Lib\site-packages\aiogram\dispatcher\middlewares\user_context.py", line 56, in __call__
    return await handler(event, data)
           ^^^^^^^^^^^^^^^^^^^^^^^^^^
  File "C:\Users\ANUBIS PC\Desktop\parsing PE411\delivery_bot\venv\Lib\site-packages\aiogram\fsm\middleware.py", line 42, in __call__
    return await handler(event, data)
           ^^^^^^^^^^^^^^^^^^^^^^^^^^
  File "C:\Users\ANUBIS PC\Desktop\parsing PE411\delivery_bot\venv\Lib\site-packages\aiogram\dispatcher\event\telegram.py", line 121, in trigger
    return await wrapped_inner(event, kwargs)
           ^^^^^^^^^^^^^^^^^^^^^^^^^^^^^^^^^^
  File "C:\Users\ANUBIS PC\Desktop\parsing PE411\delivery_bot\middlewares\logging.py", line 20, in __call__
    response = await handler(event, data)
               ^^^^^^^^^^^^^^^^^^^^^^^^^^
  File "C:\Users\ANUBIS PC\Desktop\parsing PE411\delivery_bot\middlewares\auth.py", line 28, in __call__
    return await handler(event, data)
           ^^^^^^^^^^^^^^^^^^^^^^^^^^
  File "C:\Users\ANUBIS PC\Desktop\parsing PE411\delivery_bot\venv\Lib\site-packages\aiogram\dispatcher\event\handler.py", line 43, in call
    return await wrapped()
           ^^^^^^^^^^^^^^^
  File "C:\Users\ANUBIS PC\Desktop\parsing PE411\delivery_bot\venv\Lib\site-packages\aiogram\dispatcher\dispatcher.py", line 276, in _listen_update
    return await self.propagate_event(update_type=update_type, event=event, **kwargs)
           ^^^^^^^^^^^^^^^^^^^^^^^^^^^^^^^^^^^^^^^^^^^^^^^^^^^^^^^^^^^^^^^^^^^^^^^^^^
  File "C:\Users\ANUBIS PC\Desktop\parsing PE411\delivery_bot\venv\Lib\site-packages\aiogram\dispatcher\router.py", line 146, in propagate_event
    return await observer.wrap_outer_middleware(_wrapped, event=event, data=kwargs)
           ^^^^^^^^^^^^^^^^^^^^^^^^^^^^^^^^^^^^^^^^^^^^^^^^^^^^^^^^^^^^^^^^^^^^^^^^
  File "C:\Users\ANUBIS PC\Desktop\parsing PE411\delivery_bot\venv\Lib\site-packages\aiogram\dispatcher\router.py", line 141, in _wrapped
    return await self._propagate_event(
           ^^^^^^^^^^^^^^^^^^^^^^^^^^^^
        observer=observer, update_type=update_type, event=telegram_event, **data
        ^^^^^^^^^^^^^^^^^^^^^^^^^^^^^^^^^^^^^^^^^^^^^^^^^^^^^^^^^^^^^^^^^^^^^^^^
    )
    ^
  File "C:\Users\ANUBIS PC\Desktop\parsing PE411\delivery_bot\venv\Lib\site-packages\aiogram\dispatcher\router.py", line 174, in _propagate_event
    response = await router.propagate_event(update_type=update_type, event=event, **kwargs)
               ^^^^^^^^^^^^^^^^^^^^^^^^^^^^^^^^^^^^^^^^^^^^^^^^^^^^^^^^^^^^^^^^^^^^^^^^^^^^
  File "C:\Users\ANUBIS PC\Desktop\parsing PE411\delivery_bot\venv\Lib\site-packages\aiogram\dispatcher\router.py", line 146, in propagate_event
    return await observer.wrap_outer_middleware(_wrapped, event=event, data=kwargs)
           ^^^^^^^^^^^^^^^^^^^^^^^^^^^^^^^^^^^^^^^^^^^^^^^^^^^^^^^^^^^^^^^^^^^^^^^^
  File "C:\Users\ANUBIS PC\Desktop\parsing PE411\delivery_bot\venv\Lib\site-packages\aiogram\dispatcher\router.py", line 141, in _wrapped
    return await self._propagate_event(
           ^^^^^^^^^^^^^^^^^^^^^^^^^^^^
        observer=observer, update_type=update_type, event=telegram_event, **data
        ^^^^^^^^^^^^^^^^^^^^^^^^^^^^^^^^^^^^^^^^^^^^^^^^^^^^^^^^^^^^^^^^^^^^^^^^
    )
    ^
  File "C:\Users\ANUBIS PC\Desktop\parsing PE411\delivery_bot\venv\Lib\site-packages\aiogram\dispatcher\router.py", line 166, in _propagate_event
    response = await observer.trigger(event, **kwargs)
               ^^^^^^^^^^^^^^^^^^^^^^^^^^^^^^^^^^^^^^^
  File "C:\Users\ANUBIS PC\Desktop\parsing PE411\delivery_bot\venv\Lib\site-packages\aiogram\dispatcher\event\telegram.py", line 121, in trigger
    return await wrapped_inner(event, kwargs)
           ^^^^^^^^^^^^^^^^^^^^^^^^^^^^^^^^^^
  File "C:\Users\ANUBIS PC\Desktop\parsing PE411\delivery_bot\venv\Lib\site-packages\aiogram\dispatcher\event\handler.py", line 43, in call
    return await wrapped()
           ^^^^^^^^^^^^^^^
  File "C:\Users\ANUBIS PC\Desktop\parsing PE411\delivery_bot\routers\menu.py", line 141, in quantity_handler
    await cb.answer(F.data)
          ~~~~~~~~~^^^^^^^^
  File "C:\Users\ANUBIS PC\Desktop\parsing PE411\delivery_bot\venv\Lib\site-packages\aiogram\types\callback_query.py", line 101, in answer
    return AnswerCallbackQuery(
           ~~~~~~~~~~~~~~~~~~~^
        callback_query_id=self.id,
        ^^^^^^^^^^^^^^^^^^^^^^^^^^
    ...<4 lines>...
        **kwargs,
        ^^^^^^^^^
    ).as_(self._bot)
    ^
  File "C:\Users\ANUBIS PC\Desktop\parsing PE411\delivery_bot\venv\Lib\site-packages\pydantic\main.py", line 253, in __init__
    validated_self = self.__pydantic_validator__.validate_python(data, self_instance=self)
pydantic_core._pydantic_core.ValidationError: 1 validation error for AnswerCallbackQuery
text
  Input should be a valid string [type=string_type, input_value=<aiogram.utils.magic_filt...t at 0x0000023A1F4957D0>, input_type=MagicFilter]
    For further information visit https://errors.pydantic.dev/2.11/v/string_type
2025-11-27 19:56:07,876 - INFO - Update id=946294888 is not handled. Duration 4 ms by bot id=8200360038
2025-11-27 19:56:07,877 - ERROR - Cause exception while process update id=946294888 by bot id=8200360038
ValidationError: 1 validation error for AnswerCallbackQuery
text
  Input should be a valid string [type=string_type, input_value=<aiogram.utils.magic_filt...t at 0x0000023A1F496790>, input_type=MagicFilter]
    For further information visit https://errors.pydantic.dev/2.11/v/string_type
Traceback (most recent call last):
  File "C:\Users\ANUBIS PC\Desktop\parsing PE411\delivery_bot\venv\Lib\site-packages\aiogram\dispatcher\dispatcher.py", line 309, in _process_update
    response = await self.feed_update(bot, update, **kwargs)
               ^^^^^^^^^^^^^^^^^^^^^^^^^^^^^^^^^^^^^^^^^^^^^
  File "C:\Users\ANUBIS PC\Desktop\parsing PE411\delivery_bot\venv\Lib\site-packages\aiogram\dispatcher\dispatcher.py", line 158, in feed_update
    response = await self.update.wrap_outer_middleware(
               ^^^^^^^^^^^^^^^^^^^^^^^^^^^^^^^^^^^^^^^^
    ...<7 lines>...
    )
    ^
  File "C:\Users\ANUBIS PC\Desktop\parsing PE411\delivery_bot\venv\Lib\site-packages\aiogram\dispatcher\middlewares\error.py", line 25, in __call__
    return await handler(event, data)
           ^^^^^^^^^^^^^^^^^^^^^^^^^^
  File "C:\Users\ANUBIS PC\Desktop\parsing PE411\delivery_bot\venv\Lib\site-packages\aiogram\dispatcher\middlewares\user_context.py", line 56, in __call__
    return await handler(event, data)
           ^^^^^^^^^^^^^^^^^^^^^^^^^^
  File "C:\Users\ANUBIS PC\Desktop\parsing PE411\delivery_bot\venv\Lib\site-packages\aiogram\fsm\middleware.py", line 42, in __call__
    return await handler(event, data)
           ^^^^^^^^^^^^^^^^^^^^^^^^^^
  File "C:\Users\ANUBIS PC\Desktop\parsing PE411\delivery_bot\venv\Lib\site-packages\aiogram\dispatcher\event\telegram.py", line 121, in trigger
    return await wrapped_inner(event, kwargs)
           ^^^^^^^^^^^^^^^^^^^^^^^^^^^^^^^^^^
  File "C:\Users\ANUBIS PC\Desktop\parsing PE411\delivery_bot\middlewares\logging.py", line 20, in __call__
    response = await handler(event, data)
               ^^^^^^^^^^^^^^^^^^^^^^^^^^
  File "C:\Users\ANUBIS PC\Desktop\parsing PE411\delivery_bot\middlewares\auth.py", line 28, in __call__
    return await handler(event, data)
           ^^^^^^^^^^^^^^^^^^^^^^^^^^
  File "C:\Users\ANUBIS PC\Desktop\parsing PE411\delivery_bot\venv\Lib\site-packages\aiogram\dispatcher\event\handler.py", line 43, in call
    return await wrapped()
           ^^^^^^^^^^^^^^^
  File "C:\Users\ANUBIS PC\Desktop\parsing PE411\delivery_bot\venv\Lib\site-packages\aiogram\dispatcher\dispatcher.py", line 276, in _listen_update
    return await self.propagate_event(update_type=update_type, event=event, **kwargs)
           ^^^^^^^^^^^^^^^^^^^^^^^^^^^^^^^^^^^^^^^^^^^^^^^^^^^^^^^^^^^^^^^^^^^^^^^^^^
  File "C:\Users\ANUBIS PC\Desktop\parsing PE411\delivery_bot\venv\Lib\site-packages\aiogram\dispatcher\router.py", line 146, in propagate_event
    return await observer.wrap_outer_middleware(_wrapped, event=event, data=kwargs)
           ^^^^^^^^^^^^^^^^^^^^^^^^^^^^^^^^^^^^^^^^^^^^^^^^^^^^^^^^^^^^^^^^^^^^^^^^
  File "C:\Users\ANUBIS PC\Desktop\parsing PE411\delivery_bot\venv\Lib\site-packages\aiogram\dispatcher\router.py", line 141, in _wrapped
    return await self._propagate_event(
           ^^^^^^^^^^^^^^^^^^^^^^^^^^^^
        observer=observer, update_type=update_type, event=telegram_event, **data
        ^^^^^^^^^^^^^^^^^^^^^^^^^^^^^^^^^^^^^^^^^^^^^^^^^^^^^^^^^^^^^^^^^^^^^^^^
    )
    ^
  File "C:\Users\ANUBIS PC\Desktop\parsing PE411\delivery_bot\venv\Lib\site-packages\aiogram\dispatcher\router.py", line 174, in _propagate_event
    response = await router.propagate_event(update_type=update_type, event=event, **kwargs)
               ^^^^^^^^^^^^^^^^^^^^^^^^^^^^^^^^^^^^^^^^^^^^^^^^^^^^^^^^^^^^^^^^^^^^^^^^^^^^
  File "C:\Users\ANUBIS PC\Desktop\parsing PE411\delivery_bot\venv\Lib\site-packages\aiogram\dispatcher\router.py", line 146, in propagate_event
    return await observer.wrap_outer_middleware(_wrapped, event=event, data=kwargs)
           ^^^^^^^^^^^^^^^^^^^^^^^^^^^^^^^^^^^^^^^^^^^^^^^^^^^^^^^^^^^^^^^^^^^^^^^^
  File "C:\Users\ANUBIS PC\Desktop\parsing PE411\delivery_bot\venv\Lib\site-packages\aiogram\dispatcher\router.py", line 141, in _wrapped
    return await self._propagate_event(
           ^^^^^^^^^^^^^^^^^^^^^^^^^^^^
        observer=observer, update_type=update_type, event=telegram_event, **data
        ^^^^^^^^^^^^^^^^^^^^^^^^^^^^^^^^^^^^^^^^^^^^^^^^^^^^^^^^^^^^^^^^^^^^^^^^
    )
    ^
  File "C:\Users\ANUBIS PC\Desktop\parsing PE411\delivery_bot\venv\Lib\site-packages\aiogram\dispatcher\router.py", line 166, in _propagate_event
    response = await observer.trigger(event, **kwargs)
               ^^^^^^^^^^^^^^^^^^^^^^^^^^^^^^^^^^^^^^^
  File "C:\Users\ANUBIS PC\Desktop\parsing PE411\delivery_bot\venv\Lib\site-packages\aiogram\dispatcher\event\telegram.py", line 121, in trigger
    return await wrapped_inner(event, kwargs)
           ^^^^^^^^^^^^^^^^^^^^^^^^^^^^^^^^^^
  File "C:\Users\ANUBIS PC\Desktop\parsing PE411\delivery_bot\venv\Lib\site-packages\aiogram\dispatcher\event\handler.py", line 43, in call
    return await wrapped()
           ^^^^^^^^^^^^^^^
  File "C:\Users\ANUBIS PC\Desktop\parsing PE411\delivery_bot\routers\menu.py", line 141, in quantity_handler
    await cb.answer(F.data)
          ~~~~~~~~~^^^^^^^^
  File "C:\Users\ANUBIS PC\Desktop\parsing PE411\delivery_bot\venv\Lib\site-packages\aiogram\types\callback_query.py", line 101, in answer
    return AnswerCallbackQuery(
           ~~~~~~~~~~~~~~~~~~~^
        callback_query_id=self.id,
        ^^^^^^^^^^^^^^^^^^^^^^^^^^
    ...<4 lines>...
        **kwargs,
        ^^^^^^^^^
    ).as_(self._bot)
    ^
  File "C:\Users\ANUBIS PC\Desktop\parsing PE411\delivery_bot\venv\Lib\site-packages\pydantic\main.py", line 253, in __init__
    validated_self = self.__pydantic_validator__.validate_python(data, self_instance=self)
pydantic_core._pydantic_core.ValidationError: 1 validation error for AnswerCallbackQuery
text
  Input should be a valid string [type=string_type, input_value=<aiogram.utils.magic_filt...t at 0x0000023A1F496790>, input_type=MagicFilter]
    For further information visit https://errors.pydantic.dev/2.11/v/string_type
2025-11-27 19:57:34,733 - INFO - Polling stopped
2025-11-27 19:57:34,734 - ERROR - Failed to fetch updates - TelegramNetworkError: HTTP Client says - ServerDisconnectedError: Server disconnected
2025-11-27 19:57:34,734 - WARNING - Sleep for 1.000000 seconds and try again... (tryings = 0, bot id = 8200360038)
2025-11-27 19:57:34,993 - INFO - Polling stopped for bot @pe411_bot id=8200360038 - 'pe411'
2025-11-27 19:57:41,322 - INFO - MESSAGE: 692.6486492156982ms
2025-11-27 19:57:41,322 - INFO - Update id=946294889 is handled. Duration 694 ms by bot id=8200360038
2025-11-27 19:57:46,561 - INFO - CALLBACK: 311.39397621154785ms
2025-11-27 19:57:46,561 - INFO - Update id=946294890 is handled. Duration 312 ms by bot id=8200360038
2025-11-27 19:57:47,749 - INFO - CALLBACK: 165.1754379272461ms
2025-11-27 19:57:47,749 - INFO - Update id=946294891 is handled. Duration 165 ms by bot id=8200360038
2025-11-27 19:57:48,606 - INFO - CALLBACK: 169.5716381072998ms
2025-11-27 19:57:48,606 - INFO - Update id=946294892 is handled. Duration 170 ms by bot id=8200360038
2025-11-27 19:57:50,502 - INFO - CALLBACK: 198.7316608428955ms
2025-11-27 19:57:50,502 - INFO - Update id=946294893 is handled. Duration 199 ms by bot id=8200360038
2025-11-27 19:57:51,372 - INFO - CALLBACK: 131.9570541381836ms
2025-11-27 19:57:51,372 - INFO - Update id=946294894 is handled. Duration 132 ms by bot id=8200360038
2025-11-27 19:57:53,258 - INFO - CALLBACK: 990.7212257385254ms
2025-11-27 19:57:53,258 - INFO - Update id=946294895 is handled. Duration 991 ms by bot id=8200360038
2025-11-27 19:57:54,499 - INFO - Update id=946294896 is not handled. Duration 105 ms by bot id=8200360038
2025-11-27 19:57:54,499 - ERROR - Cause exception while process update id=946294896 by bot id=8200360038
TelegramBadRequest: Telegram server says - Bad Request: there is no text in the message to edit
Traceback (most recent call last):
  File "C:\Users\ANUBIS PC\Desktop\parsing PE411\delivery_bot\venv\Lib\site-packages\aiogram\dispatcher\dispatcher.py", line 309, in _process_update
    response = await self.feed_update(bot, update, **kwargs)
               ^^^^^^^^^^^^^^^^^^^^^^^^^^^^^^^^^^^^^^^^^^^^^
  File "C:\Users\ANUBIS PC\Desktop\parsing PE411\delivery_bot\venv\Lib\site-packages\aiogram\dispatcher\dispatcher.py", line 158, in feed_update
    response = await self.update.wrap_outer_middleware(
               ^^^^^^^^^^^^^^^^^^^^^^^^^^^^^^^^^^^^^^^^
    ...<7 lines>...
    )
    ^
  File "C:\Users\ANUBIS PC\Desktop\parsing PE411\delivery_bot\venv\Lib\site-packages\aiogram\dispatcher\middlewares\error.py", line 25, in __call__
    return await handler(event, data)
           ^^^^^^^^^^^^^^^^^^^^^^^^^^
  File "C:\Users\ANUBIS PC\Desktop\parsing PE411\delivery_bot\venv\Lib\site-packages\aiogram\dispatcher\middlewares\user_context.py", line 56, in __call__
    return await handler(event, data)
           ^^^^^^^^^^^^^^^^^^^^^^^^^^
  File "C:\Users\ANUBIS PC\Desktop\parsing PE411\delivery_bot\venv\Lib\site-packages\aiogram\fsm\middleware.py", line 42, in __call__
    return await handler(event, data)
           ^^^^^^^^^^^^^^^^^^^^^^^^^^
  File "C:\Users\ANUBIS PC\Desktop\parsing PE411\delivery_bot\venv\Lib\site-packages\aiogram\dispatcher\event\telegram.py", line 121, in trigger
    return await wrapped_inner(event, kwargs)
           ^^^^^^^^^^^^^^^^^^^^^^^^^^^^^^^^^^
  File "C:\Users\ANUBIS PC\Desktop\parsing PE411\delivery_bot\middlewares\logging.py", line 20, in __call__
    response = await handler(event, data)
               ^^^^^^^^^^^^^^^^^^^^^^^^^^
  File "C:\Users\ANUBIS PC\Desktop\parsing PE411\delivery_bot\middlewares\auth.py", line 28, in __call__
    return await handler(event, data)
           ^^^^^^^^^^^^^^^^^^^^^^^^^^
  File "C:\Users\ANUBIS PC\Desktop\parsing PE411\delivery_bot\venv\Lib\site-packages\aiogram\dispatcher\event\handler.py", line 43, in call
    return await wrapped()
           ^^^^^^^^^^^^^^^
  File "C:\Users\ANUBIS PC\Desktop\parsing PE411\delivery_bot\venv\Lib\site-packages\aiogram\dispatcher\dispatcher.py", line 276, in _listen_update
    return await self.propagate_event(update_type=update_type, event=event, **kwargs)
           ^^^^^^^^^^^^^^^^^^^^^^^^^^^^^^^^^^^^^^^^^^^^^^^^^^^^^^^^^^^^^^^^^^^^^^^^^^
  File "C:\Users\ANUBIS PC\Desktop\parsing PE411\delivery_bot\venv\Lib\site-packages\aiogram\dispatcher\router.py", line 146, in propagate_event
    return await observer.wrap_outer_middleware(_wrapped, event=event, data=kwargs)
           ^^^^^^^^^^^^^^^^^^^^^^^^^^^^^^^^^^^^^^^^^^^^^^^^^^^^^^^^^^^^^^^^^^^^^^^^
  File "C:\Users\ANUBIS PC\Desktop\parsing PE411\delivery_bot\venv\Lib\site-packages\aiogram\dispatcher\router.py", line 141, in _wrapped
    return await self._propagate_event(
           ^^^^^^^^^^^^^^^^^^^^^^^^^^^^
        observer=observer, update_type=update_type, event=telegram_event, **data
        ^^^^^^^^^^^^^^^^^^^^^^^^^^^^^^^^^^^^^^^^^^^^^^^^^^^^^^^^^^^^^^^^^^^^^^^^
    )
    ^
  File "C:\Users\ANUBIS PC\Desktop\parsing PE411\delivery_bot\venv\Lib\site-packages\aiogram\dispatcher\router.py", line 174, in _propagate_event
    response = await router.propagate_event(update_type=update_type, event=event, **kwargs)
               ^^^^^^^^^^^^^^^^^^^^^^^^^^^^^^^^^^^^^^^^^^^^^^^^^^^^^^^^^^^^^^^^^^^^^^^^^^^^
  File "C:\Users\ANUBIS PC\Desktop\parsing PE411\delivery_bot\venv\Lib\site-packages\aiogram\dispatcher\router.py", line 146, in propagate_event
    return await observer.wrap_outer_middleware(_wrapped, event=event, data=kwargs)
           ^^^^^^^^^^^^^^^^^^^^^^^^^^^^^^^^^^^^^^^^^^^^^^^^^^^^^^^^^^^^^^^^^^^^^^^^
  File "C:\Users\ANUBIS PC\Desktop\parsing PE411\delivery_bot\venv\Lib\site-packages\aiogram\dispatcher\router.py", line 141, in _wrapped
    return await self._propagate_event(
           ^^^^^^^^^^^^^^^^^^^^^^^^^^^^
        observer=observer, update_type=update_type, event=telegram_event, **data
        ^^^^^^^^^^^^^^^^^^^^^^^^^^^^^^^^^^^^^^^^^^^^^^^^^^^^^^^^^^^^^^^^^^^^^^^^
    )
    ^
  File "C:\Users\ANUBIS PC\Desktop\parsing PE411\delivery_bot\venv\Lib\site-packages\aiogram\dispatcher\router.py", line 166, in _propagate_event
    response = await observer.trigger(event, **kwargs)
               ^^^^^^^^^^^^^^^^^^^^^^^^^^^^^^^^^^^^^^^
  File "C:\Users\ANUBIS PC\Desktop\parsing PE411\delivery_bot\venv\Lib\site-packages\aiogram\dispatcher\event\telegram.py", line 121, in trigger
    return await wrapped_inner(event, kwargs)
           ^^^^^^^^^^^^^^^^^^^^^^^^^^^^^^^^^^
  File "C:\Users\ANUBIS PC\Desktop\parsing PE411\delivery_bot\venv\Lib\site-packages\aiogram\dispatcher\event\handler.py", line 43, in call
    return await wrapped()
           ^^^^^^^^^^^^^^^
  File "C:\Users\ANUBIS PC\Desktop\parsing PE411\delivery_bot\routers\start.py", line 26, in back
    await cb.message.edit_text(
    ...<2 lines>...
    )
  File "C:\Users\ANUBIS PC\Desktop\parsing PE411\delivery_bot\venv\Lib\site-packages\aiogram\methods\base.py", line 84, in emit
    return await bot(self)
           ^^^^^^^^^^^^^^^
  File "C:\Users\ANUBIS PC\Desktop\parsing PE411\delivery_bot\venv\Lib\site-packages\aiogram\client\bot.py", line 485, in __call__
    return await self.session(self, method, timeout=request_timeout)
           ^^^^^^^^^^^^^^^^^^^^^^^^^^^^^^^^^^^^^^^^^^^^^^^^^^^^^^^^^
  File "C:\Users\ANUBIS PC\Desktop\parsing PE411\delivery_bot\venv\Lib\site-packages\aiogram\client\session\base.py", line 254, in __call__
    return cast(TelegramType, await middleware(bot, method))
                              ^^^^^^^^^^^^^^^^^^^^^^^^^^^^^
  File "C:\Users\ANUBIS PC\Desktop\parsing PE411\delivery_bot\venv\Lib\site-packages\aiogram\client\session\aiohttp.py", line 185, in make_request
    response = self.check_response(
        bot=bot, method=method, status_code=resp.status, content=raw_result
    )
  File "C:\Users\ANUBIS PC\Desktop\parsing PE411\delivery_bot\venv\Lib\site-packages\aiogram\client\session\base.py", line 120, in check_response
    raise TelegramBadRequest(method=method, message=description)
aiogram.exceptions.TelegramBadRequest: Telegram server says - Bad Request: there is no text in the message to edit
2025-11-27 19:57:55,638 - INFO - Update id=946294897 is not handled. Duration 110 ms by bot id=8200360038
2025-11-27 19:57:55,639 - ERROR - Cause exception while process update id=946294897 by bot id=8200360038
TelegramBadRequest: Telegram server says - Bad Request: there is no text in the message to edit
Traceback (most recent call last):
  File "C:\Users\ANUBIS PC\Desktop\parsing PE411\delivery_bot\venv\Lib\site-packages\aiogram\dispatcher\dispatcher.py", line 309, in _process_update
    response = await self.feed_update(bot, update, **kwargs)
               ^^^^^^^^^^^^^^^^^^^^^^^^^^^^^^^^^^^^^^^^^^^^^
  File "C:\Users\ANUBIS PC\Desktop\parsing PE411\delivery_bot\venv\Lib\site-packages\aiogram\dispatcher\dispatcher.py", line 158, in feed_update
    response = await self.update.wrap_outer_middleware(
               ^^^^^^^^^^^^^^^^^^^^^^^^^^^^^^^^^^^^^^^^
    ...<7 lines>...
    )
    ^
  File "C:\Users\ANUBIS PC\Desktop\parsing PE411\delivery_bot\venv\Lib\site-packages\aiogram\dispatcher\middlewares\error.py", line 25, in __call__
    return await handler(event, data)
           ^^^^^^^^^^^^^^^^^^^^^^^^^^
  File "C:\Users\ANUBIS PC\Desktop\parsing PE411\delivery_bot\venv\Lib\site-packages\aiogram\dispatcher\middlewares\user_context.py", line 56, in __call__
    return await handler(event, data)
           ^^^^^^^^^^^^^^^^^^^^^^^^^^
  File "C:\Users\ANUBIS PC\Desktop\parsing PE411\delivery_bot\venv\Lib\site-packages\aiogram\fsm\middleware.py", line 42, in __call__
    return await handler(event, data)
           ^^^^^^^^^^^^^^^^^^^^^^^^^^
  File "C:\Users\ANUBIS PC\Desktop\parsing PE411\delivery_bot\venv\Lib\site-packages\aiogram\dispatcher\event\telegram.py", line 121, in trigger
    return await wrapped_inner(event, kwargs)
           ^^^^^^^^^^^^^^^^^^^^^^^^^^^^^^^^^^
  File "C:\Users\ANUBIS PC\Desktop\parsing PE411\delivery_bot\middlewares\logging.py", line 20, in __call__
    response = await handler(event, data)
               ^^^^^^^^^^^^^^^^^^^^^^^^^^
  File "C:\Users\ANUBIS PC\Desktop\parsing PE411\delivery_bot\middlewares\auth.py", line 28, in __call__
    return await handler(event, data)
           ^^^^^^^^^^^^^^^^^^^^^^^^^^
  File "C:\Users\ANUBIS PC\Desktop\parsing PE411\delivery_bot\venv\Lib\site-packages\aiogram\dispatcher\event\handler.py", line 43, in call
    return await wrapped()
           ^^^^^^^^^^^^^^^
  File "C:\Users\ANUBIS PC\Desktop\parsing PE411\delivery_bot\venv\Lib\site-packages\aiogram\dispatcher\dispatcher.py", line 276, in _listen_update
    return await self.propagate_event(update_type=update_type, event=event, **kwargs)
           ^^^^^^^^^^^^^^^^^^^^^^^^^^^^^^^^^^^^^^^^^^^^^^^^^^^^^^^^^^^^^^^^^^^^^^^^^^
  File "C:\Users\ANUBIS PC\Desktop\parsing PE411\delivery_bot\venv\Lib\site-packages\aiogram\dispatcher\router.py", line 146, in propagate_event
    return await observer.wrap_outer_middleware(_wrapped, event=event, data=kwargs)
           ^^^^^^^^^^^^^^^^^^^^^^^^^^^^^^^^^^^^^^^^^^^^^^^^^^^^^^^^^^^^^^^^^^^^^^^^
  File "C:\Users\ANUBIS PC\Desktop\parsing PE411\delivery_bot\venv\Lib\site-packages\aiogram\dispatcher\router.py", line 141, in _wrapped
    return await self._propagate_event(
           ^^^^^^^^^^^^^^^^^^^^^^^^^^^^
        observer=observer, update_type=update_type, event=telegram_event, **data
        ^^^^^^^^^^^^^^^^^^^^^^^^^^^^^^^^^^^^^^^^^^^^^^^^^^^^^^^^^^^^^^^^^^^^^^^^
    )
    ^
  File "C:\Users\ANUBIS PC\Desktop\parsing PE411\delivery_bot\venv\Lib\site-packages\aiogram\dispatcher\router.py", line 174, in _propagate_event
    response = await router.propagate_event(update_type=update_type, event=event, **kwargs)
               ^^^^^^^^^^^^^^^^^^^^^^^^^^^^^^^^^^^^^^^^^^^^^^^^^^^^^^^^^^^^^^^^^^^^^^^^^^^^
  File "C:\Users\ANUBIS PC\Desktop\parsing PE411\delivery_bot\venv\Lib\site-packages\aiogram\dispatcher\router.py", line 146, in propagate_event
    return await observer.wrap_outer_middleware(_wrapped, event=event, data=kwargs)
           ^^^^^^^^^^^^^^^^^^^^^^^^^^^^^^^^^^^^^^^^^^^^^^^^^^^^^^^^^^^^^^^^^^^^^^^^
  File "C:\Users\ANUBIS PC\Desktop\parsing PE411\delivery_bot\venv\Lib\site-packages\aiogram\dispatcher\router.py", line 141, in _wrapped
    return await self._propagate_event(
           ^^^^^^^^^^^^^^^^^^^^^^^^^^^^
        observer=observer, update_type=update_type, event=telegram_event, **data
        ^^^^^^^^^^^^^^^^^^^^^^^^^^^^^^^^^^^^^^^^^^^^^^^^^^^^^^^^^^^^^^^^^^^^^^^^
    )
    ^
  File "C:\Users\ANUBIS PC\Desktop\parsing PE411\delivery_bot\venv\Lib\site-packages\aiogram\dispatcher\router.py", line 166, in _propagate_event
    response = await observer.trigger(event, **kwargs)
               ^^^^^^^^^^^^^^^^^^^^^^^^^^^^^^^^^^^^^^^
  File "C:\Users\ANUBIS PC\Desktop\parsing PE411\delivery_bot\venv\Lib\site-packages\aiogram\dispatcher\event\telegram.py", line 121, in trigger
    return await wrapped_inner(event, kwargs)
           ^^^^^^^^^^^^^^^^^^^^^^^^^^^^^^^^^^
  File "C:\Users\ANUBIS PC\Desktop\parsing PE411\delivery_bot\venv\Lib\site-packages\aiogram\dispatcher\event\handler.py", line 43, in call
    return await wrapped()
           ^^^^^^^^^^^^^^^
  File "C:\Users\ANUBIS PC\Desktop\parsing PE411\delivery_bot\routers\start.py", line 26, in back
    await cb.message.edit_text(
    ...<2 lines>...
    )
  File "C:\Users\ANUBIS PC\Desktop\parsing PE411\delivery_bot\venv\Lib\site-packages\aiogram\methods\base.py", line 84, in emit
    return await bot(self)
           ^^^^^^^^^^^^^^^
  File "C:\Users\ANUBIS PC\Desktop\parsing PE411\delivery_bot\venv\Lib\site-packages\aiogram\client\bot.py", line 485, in __call__
    return await self.session(self, method, timeout=request_timeout)
           ^^^^^^^^^^^^^^^^^^^^^^^^^^^^^^^^^^^^^^^^^^^^^^^^^^^^^^^^^
  File "C:\Users\ANUBIS PC\Desktop\parsing PE411\delivery_bot\venv\Lib\site-packages\aiogram\client\session\base.py", line 254, in __call__
    return cast(TelegramType, await middleware(bot, method))
                              ^^^^^^^^^^^^^^^^^^^^^^^^^^^^^
  File "C:\Users\ANUBIS PC\Desktop\parsing PE411\delivery_bot\venv\Lib\site-packages\aiogram\client\session\aiohttp.py", line 185, in make_request
    response = self.check_response(
        bot=bot, method=method, status_code=resp.status, content=raw_result
    )
  File "C:\Users\ANUBIS PC\Desktop\parsing PE411\delivery_bot\venv\Lib\site-packages\aiogram\client\session\base.py", line 120, in check_response
    raise TelegramBadRequest(method=method, message=description)
aiogram.exceptions.TelegramBadRequest: Telegram server says - Bad Request: there is no text in the message to edit
2025-11-27 19:57:57,194 - INFO - MESSAGE: 194.67973709106445ms
2025-11-27 19:57:57,194 - INFO - Update id=946294898 is handled. Duration 195 ms by bot id=8200360038
2025-11-27 19:57:58,559 - INFO - CALLBACK: 171.44274711608887ms
2025-11-27 19:57:58,559 - INFO - Update id=946294899 is handled. Duration 172 ms by bot id=8200360038
2025-11-27 19:58:00,033 - INFO - CALLBACK: 190.4463768005371ms
2025-11-27 19:58:00,034 - INFO - Update id=946294900 is handled. Duration 191 ms by bot id=8200360038
2025-11-27 19:58:01,293 - INFO - CALLBACK: 132.19428062438965ms
2025-11-27 19:58:01,293 - INFO - Update id=946294901 is handled. Duration 132 ms by bot id=8200360038
2025-11-27 19:58:02,696 - INFO - CALLBACK: 132.06028938293457ms
2025-11-27 19:58:02,696 - INFO - Update id=946294902 is handled. Duration 132 ms by bot id=8200360038
2025-11-27 19:58:04,116 - INFO - CALLBACK: 183.92252922058105ms
2025-11-27 19:58:04,116 - INFO - Update id=946294903 is handled. Duration 184 ms by bot id=8200360038
2025-11-27 19:58:30,108 - INFO - CALLBACK: 225.0206470489502ms
2025-11-27 19:58:30,108 - INFO - Update id=946294904 is handled. Duration 225 ms by bot id=8200360038
2025-11-27 19:58:31,201 - INFO - CALLBACK: 132.6425075531006ms
2025-11-27 19:58:31,201 - INFO - Update id=946294905 is handled. Duration 133 ms by bot id=8200360038
2025-11-27 19:58:33,315 - INFO - CALLBACK: 213.39988708496094ms
2025-11-27 19:58:33,315 - INFO - Update id=946294906 is handled. Duration 214 ms by bot id=8200360038
2025-11-27 19:58:34,569 - INFO - CALLBACK: 199.2630958557129ms
2025-11-27 19:58:34,569 - INFO - Update id=946294907 is handled. Duration 199 ms by bot id=8200360038
2025-11-27 19:58:35,850 - INFO - CALLBACK: 132.52496719360352ms
2025-11-27 19:58:35,851 - INFO - Update id=946294908 is handled. Duration 133 ms by bot id=8200360038
2025-11-27 19:58:36,933 - INFO - CALLBACK: 159.15203094482422ms
2025-11-27 19:58:36,933 - INFO - Update id=946294909 is handled. Duration 159 ms by bot id=8200360038
2025-11-27 19:59:49,721 - INFO - Polling stopped
2025-11-27 19:59:49,722 - ERROR - Failed to fetch updates - TelegramNetworkError: HTTP Client says - ServerDisconnectedError: Server disconnected
2025-11-27 19:59:49,723 - WARNING - Sleep for 1.000000 seconds and try again... (tryings = 0, bot id = 8200360038)
2025-11-27 19:59:49,987 - INFO - Polling stopped for bot @pe411_bot id=8200360038 - 'pe411'
2025-11-27 19:59:56,655 - INFO - MESSAGE: 560.1818561553955ms
2025-11-27 19:59:56,655 - INFO - Update id=946294910 is handled. Duration 562 ms by bot id=8200360038
2025-11-27 20:00:01,665 - INFO - CALLBACK: 301.10907554626465ms
2025-11-27 20:00:01,665 - INFO - Update id=946294911 is handled. Duration 302 ms by bot id=8200360038
2025-11-27 20:00:03,707 - INFO - CALLBACK: 174.79300498962402ms
2025-11-27 20:00:03,707 - INFO - Update id=946294912 is handled. Duration 175 ms by bot id=8200360038
2025-11-27 20:00:04,677 - INFO - CALLBACK: 172.51873016357422ms
2025-11-27 20:00:04,677 - INFO - Update id=946294913 is handled. Duration 173 ms by bot id=8200360038
2025-11-27 20:00:36,531 - INFO - CALLBACK: 1722.7144241333008ms
2025-11-27 20:00:36,531 - INFO - Update id=946294914 is handled. Duration 1723 ms by bot id=8200360038
2025-11-27 20:00:38,100 - INFO - Update id=946294915 is not handled. Duration 104 ms by bot id=8200360038
2025-11-27 20:00:38,100 - ERROR - Cause exception while process update id=946294915 by bot id=8200360038
TelegramBadRequest: Telegram server says - Bad Request: there is no text in the message to edit
Traceback (most recent call last):
  File "C:\Users\ANUBIS PC\Desktop\parsing PE411\delivery_bot\venv\Lib\site-packages\aiogram\dispatcher\dispatcher.py", line 309, in _process_update
    response = await self.feed_update(bot, update, **kwargs)
               ^^^^^^^^^^^^^^^^^^^^^^^^^^^^^^^^^^^^^^^^^^^^^
  File "C:\Users\ANUBIS PC\Desktop\parsing PE411\delivery_bot\venv\Lib\site-packages\aiogram\dispatcher\dispatcher.py", line 158, in feed_update
    response = await self.update.wrap_outer_middleware(
               ^^^^^^^^^^^^^^^^^^^^^^^^^^^^^^^^^^^^^^^^
    ...<7 lines>...
    )
    ^
  File "C:\Users\ANUBIS PC\Desktop\parsing PE411\delivery_bot\venv\Lib\site-packages\aiogram\dispatcher\middlewares\error.py", line 25, in __call__
    return await handler(event, data)
           ^^^^^^^^^^^^^^^^^^^^^^^^^^
  File "C:\Users\ANUBIS PC\Desktop\parsing PE411\delivery_bot\venv\Lib\site-packages\aiogram\dispatcher\middlewares\user_context.py", line 56, in __call__
    return await handler(event, data)
           ^^^^^^^^^^^^^^^^^^^^^^^^^^
  File "C:\Users\ANUBIS PC\Desktop\parsing PE411\delivery_bot\venv\Lib\site-packages\aiogram\fsm\middleware.py", line 42, in __call__
    return await handler(event, data)
           ^^^^^^^^^^^^^^^^^^^^^^^^^^
  File "C:\Users\ANUBIS PC\Desktop\parsing PE411\delivery_bot\venv\Lib\site-packages\aiogram\dispatcher\event\telegram.py", line 121, in trigger
    return await wrapped_inner(event, kwargs)
           ^^^^^^^^^^^^^^^^^^^^^^^^^^^^^^^^^^
  File "C:\Users\ANUBIS PC\Desktop\parsing PE411\delivery_bot\middlewares\logging.py", line 20, in __call__
    response = await handler(event, data)
               ^^^^^^^^^^^^^^^^^^^^^^^^^^
  File "C:\Users\ANUBIS PC\Desktop\parsing PE411\delivery_bot\middlewares\auth.py", line 28, in __call__
    return await handler(event, data)
           ^^^^^^^^^^^^^^^^^^^^^^^^^^
  File "C:\Users\ANUBIS PC\Desktop\parsing PE411\delivery_bot\venv\Lib\site-packages\aiogram\dispatcher\event\handler.py", line 43, in call
    return await wrapped()
           ^^^^^^^^^^^^^^^
  File "C:\Users\ANUBIS PC\Desktop\parsing PE411\delivery_bot\venv\Lib\site-packages\aiogram\dispatcher\dispatcher.py", line 276, in _listen_update
    return await self.propagate_event(update_type=update_type, event=event, **kwargs)
           ^^^^^^^^^^^^^^^^^^^^^^^^^^^^^^^^^^^^^^^^^^^^^^^^^^^^^^^^^^^^^^^^^^^^^^^^^^
  File "C:\Users\ANUBIS PC\Desktop\parsing PE411\delivery_bot\venv\Lib\site-packages\aiogram\dispatcher\router.py", line 146, in propagate_event
    return await observer.wrap_outer_middleware(_wrapped, event=event, data=kwargs)
           ^^^^^^^^^^^^^^^^^^^^^^^^^^^^^^^^^^^^^^^^^^^^^^^^^^^^^^^^^^^^^^^^^^^^^^^^
  File "C:\Users\ANUBIS PC\Desktop\parsing PE411\delivery_bot\venv\Lib\site-packages\aiogram\dispatcher\router.py", line 141, in _wrapped
    return await self._propagate_event(
           ^^^^^^^^^^^^^^^^^^^^^^^^^^^^
        observer=observer, update_type=update_type, event=telegram_event, **data
        ^^^^^^^^^^^^^^^^^^^^^^^^^^^^^^^^^^^^^^^^^^^^^^^^^^^^^^^^^^^^^^^^^^^^^^^^
    )
    ^
  File "C:\Users\ANUBIS PC\Desktop\parsing PE411\delivery_bot\venv\Lib\site-packages\aiogram\dispatcher\router.py", line 174, in _propagate_event
    response = await router.propagate_event(update_type=update_type, event=event, **kwargs)
               ^^^^^^^^^^^^^^^^^^^^^^^^^^^^^^^^^^^^^^^^^^^^^^^^^^^^^^^^^^^^^^^^^^^^^^^^^^^^
  File "C:\Users\ANUBIS PC\Desktop\parsing PE411\delivery_bot\venv\Lib\site-packages\aiogram\dispatcher\router.py", line 146, in propagate_event
    return await observer.wrap_outer_middleware(_wrapped, event=event, data=kwargs)
           ^^^^^^^^^^^^^^^^^^^^^^^^^^^^^^^^^^^^^^^^^^^^^^^^^^^^^^^^^^^^^^^^^^^^^^^^
  File "C:\Users\ANUBIS PC\Desktop\parsing PE411\delivery_bot\venv\Lib\site-packages\aiogram\dispatcher\router.py", line 141, in _wrapped
    return await self._propagate_event(
           ^^^^^^^^^^^^^^^^^^^^^^^^^^^^
        observer=observer, update_type=update_type, event=telegram_event, **data
        ^^^^^^^^^^^^^^^^^^^^^^^^^^^^^^^^^^^^^^^^^^^^^^^^^^^^^^^^^^^^^^^^^^^^^^^^
    )
    ^
  File "C:\Users\ANUBIS PC\Desktop\parsing PE411\delivery_bot\venv\Lib\site-packages\aiogram\dispatcher\router.py", line 166, in _propagate_event
    response = await observer.trigger(event, **kwargs)
               ^^^^^^^^^^^^^^^^^^^^^^^^^^^^^^^^^^^^^^^
  File "C:\Users\ANUBIS PC\Desktop\parsing PE411\delivery_bot\venv\Lib\site-packages\aiogram\dispatcher\event\telegram.py", line 121, in trigger
    return await wrapped_inner(event, kwargs)
           ^^^^^^^^^^^^^^^^^^^^^^^^^^^^^^^^^^
  File "C:\Users\ANUBIS PC\Desktop\parsing PE411\delivery_bot\venv\Lib\site-packages\aiogram\dispatcher\event\handler.py", line 43, in call
    return await wrapped()
           ^^^^^^^^^^^^^^^
  File "C:\Users\ANUBIS PC\Desktop\parsing PE411\delivery_bot\routers\start.py", line 26, in back
    await cb.message.edit_text(
    ...<2 lines>...
    )
  File "C:\Users\ANUBIS PC\Desktop\parsing PE411\delivery_bot\venv\Lib\site-packages\aiogram\methods\base.py", line 84, in emit
    return await bot(self)
           ^^^^^^^^^^^^^^^
  File "C:\Users\ANUBIS PC\Desktop\parsing PE411\delivery_bot\venv\Lib\site-packages\aiogram\client\bot.py", line 485, in __call__
    return await self.session(self, method, timeout=request_timeout)
           ^^^^^^^^^^^^^^^^^^^^^^^^^^^^^^^^^^^^^^^^^^^^^^^^^^^^^^^^^
  File "C:\Users\ANUBIS PC\Desktop\parsing PE411\delivery_bot\venv\Lib\site-packages\aiogram\client\session\base.py", line 254, in __call__
    return cast(TelegramType, await middleware(bot, method))
                              ^^^^^^^^^^^^^^^^^^^^^^^^^^^^^
  File "C:\Users\ANUBIS PC\Desktop\parsing PE411\delivery_bot\venv\Lib\site-packages\aiogram\client\session\aiohttp.py", line 185, in make_request
    response = self.check_response(
        bot=bot, method=method, status_code=resp.status, content=raw_result
    )
  File "C:\Users\ANUBIS PC\Desktop\parsing PE411\delivery_bot\venv\Lib\site-packages\aiogram\client\session\base.py", line 120, in check_response
    raise TelegramBadRequest(method=method, message=description)
aiogram.exceptions.TelegramBadRequest: Telegram server says - Bad Request: there is no text in the message to edit
2025-11-27 20:02:31,595 - INFO - Polling stopped
2025-11-27 20:02:31,596 - ERROR - Failed to fetch updates - TelegramNetworkError: HTTP Client says - ServerDisconnectedError: Server disconnected
2025-11-27 20:02:31,597 - WARNING - Sleep for 1.000000 seconds and try again... (tryings = 0, bot id = 8200360038)
2025-11-27 20:02:31,848 - INFO - Polling stopped for bot @pe411_bot id=8200360038 - 'pe411'
2025-11-27 20:02:46,815 - INFO - MESSAGE: 645.6680297851562ms
2025-11-27 20:02:46,816 - INFO - Update id=946294916 is handled. Duration 647 ms by bot id=8200360038
2025-11-27 20:02:56,473 - INFO - CALLBACK: 221.12560272216797ms
2025-11-27 20:02:56,473 - INFO - Update id=946294917 is handled. Duration 222 ms by bot id=8200360038
2025-11-27 20:02:59,283 - INFO - CALLBACK: 196.6097354888916ms
2025-11-27 20:02:59,283 - INFO - Update id=946294918 is handled. Duration 197 ms by bot id=8200360038
2025-11-27 20:03:02,195 - INFO - CALLBACK: 1665.8504009246826ms
2025-11-27 20:03:02,195 - INFO - Update id=946294919 is handled. Duration 1666 ms by bot id=8200360038
2025-11-27 20:03:03,431 - INFO - CALLBACK: 2.729177474975586ms
2025-11-27 20:03:03,431 - INFO - Update id=946294920 is handled. Duration 3 ms by bot id=8200360038
2025-11-27 20:03:31,634 - INFO - MESSAGE: 137.67123222351074ms
2025-11-27 20:03:31,634 - INFO - Update id=946294921 is handled. Duration 138 ms by bot id=8200360038
2025-11-27 20:03:33,459 - INFO - CALLBACK: 169.29912567138672ms
2025-11-27 20:03:33,459 - INFO - Update id=946294922 is handled. Duration 170 ms by bot id=8200360038
2025-11-27 20:03:34,746 - INFO - CALLBACK: 162.95480728149414ms
2025-11-27 20:03:34,747 - INFO - Update id=946294923 is handled. Duration 163 ms by bot id=8200360038
2025-11-27 20:03:36,106 - INFO - Update id=946294924 is not handled. Duration 578 ms by bot id=8200360038
2025-11-27 20:03:36,106 - ERROR - Cause exception while process update id=946294924 by bot id=8200360038
TelegramBadRequest: Telegram server says - Bad Request: failed to get HTTP URL content
Traceback (most recent call last):
  File "C:\Users\ANUBIS PC\Desktop\parsing PE411\delivery_bot\venv\Lib\site-packages\aiogram\dispatcher\dispatcher.py", line 309, in _process_update
    response = await self.feed_update(bot, update, **kwargs)
               ^^^^^^^^^^^^^^^^^^^^^^^^^^^^^^^^^^^^^^^^^^^^^
  File "C:\Users\ANUBIS PC\Desktop\parsing PE411\delivery_bot\venv\Lib\site-packages\aiogram\dispatcher\dispatcher.py", line 158, in feed_update
    response = await self.update.wrap_outer_middleware(
               ^^^^^^^^^^^^^^^^^^^^^^^^^^^^^^^^^^^^^^^^
    ...<7 lines>...
    )
    ^
  File "C:\Users\ANUBIS PC\Desktop\parsing PE411\delivery_bot\venv\Lib\site-packages\aiogram\dispatcher\middlewares\error.py", line 25, in __call__
    return await handler(event, data)
           ^^^^^^^^^^^^^^^^^^^^^^^^^^
  File "C:\Users\ANUBIS PC\Desktop\parsing PE411\delivery_bot\venv\Lib\site-packages\aiogram\dispatcher\middlewares\user_context.py", line 56, in __call__
    return await handler(event, data)
           ^^^^^^^^^^^^^^^^^^^^^^^^^^
  File "C:\Users\ANUBIS PC\Desktop\parsing PE411\delivery_bot\venv\Lib\site-packages\aiogram\fsm\middleware.py", line 42, in __call__
    return await handler(event, data)
           ^^^^^^^^^^^^^^^^^^^^^^^^^^
  File "C:\Users\ANUBIS PC\Desktop\parsing PE411\delivery_bot\venv\Lib\site-packages\aiogram\dispatcher\event\telegram.py", line 121, in trigger
    return await wrapped_inner(event, kwargs)
           ^^^^^^^^^^^^^^^^^^^^^^^^^^^^^^^^^^
  File "C:\Users\ANUBIS PC\Desktop\parsing PE411\delivery_bot\middlewares\logging.py", line 20, in __call__
    response = await handler(event, data)
               ^^^^^^^^^^^^^^^^^^^^^^^^^^
  File "C:\Users\ANUBIS PC\Desktop\parsing PE411\delivery_bot\middlewares\auth.py", line 28, in __call__
    return await handler(event, data)
           ^^^^^^^^^^^^^^^^^^^^^^^^^^
  File "C:\Users\ANUBIS PC\Desktop\parsing PE411\delivery_bot\venv\Lib\site-packages\aiogram\dispatcher\event\handler.py", line 43, in call
    return await wrapped()
           ^^^^^^^^^^^^^^^
  File "C:\Users\ANUBIS PC\Desktop\parsing PE411\delivery_bot\venv\Lib\site-packages\aiogram\dispatcher\dispatcher.py", line 276, in _listen_update
    return await self.propagate_event(update_type=update_type, event=event, **kwargs)
           ^^^^^^^^^^^^^^^^^^^^^^^^^^^^^^^^^^^^^^^^^^^^^^^^^^^^^^^^^^^^^^^^^^^^^^^^^^
  File "C:\Users\ANUBIS PC\Desktop\parsing PE411\delivery_bot\venv\Lib\site-packages\aiogram\dispatcher\router.py", line 146, in propagate_event
    return await observer.wrap_outer_middleware(_wrapped, event=event, data=kwargs)
           ^^^^^^^^^^^^^^^^^^^^^^^^^^^^^^^^^^^^^^^^^^^^^^^^^^^^^^^^^^^^^^^^^^^^^^^^
  File "C:\Users\ANUBIS PC\Desktop\parsing PE411\delivery_bot\venv\Lib\site-packages\aiogram\dispatcher\router.py", line 141, in _wrapped
    return await self._propagate_event(
           ^^^^^^^^^^^^^^^^^^^^^^^^^^^^
        observer=observer, update_type=update_type, event=telegram_event, **data
        ^^^^^^^^^^^^^^^^^^^^^^^^^^^^^^^^^^^^^^^^^^^^^^^^^^^^^^^^^^^^^^^^^^^^^^^^
    )
    ^
  File "C:\Users\ANUBIS PC\Desktop\parsing PE411\delivery_bot\venv\Lib\site-packages\aiogram\dispatcher\router.py", line 174, in _propagate_event
    response = await router.propagate_event(update_type=update_type, event=event, **kwargs)
               ^^^^^^^^^^^^^^^^^^^^^^^^^^^^^^^^^^^^^^^^^^^^^^^^^^^^^^^^^^^^^^^^^^^^^^^^^^^^
  File "C:\Users\ANUBIS PC\Desktop\parsing PE411\delivery_bot\venv\Lib\site-packages\aiogram\dispatcher\router.py", line 146, in propagate_event
    return await observer.wrap_outer_middleware(_wrapped, event=event, data=kwargs)
           ^^^^^^^^^^^^^^^^^^^^^^^^^^^^^^^^^^^^^^^^^^^^^^^^^^^^^^^^^^^^^^^^^^^^^^^^
  File "C:\Users\ANUBIS PC\Desktop\parsing PE411\delivery_bot\venv\Lib\site-packages\aiogram\dispatcher\router.py", line 141, in _wrapped
    return await self._propagate_event(
           ^^^^^^^^^^^^^^^^^^^^^^^^^^^^
        observer=observer, update_type=update_type, event=telegram_event, **data
        ^^^^^^^^^^^^^^^^^^^^^^^^^^^^^^^^^^^^^^^^^^^^^^^^^^^^^^^^^^^^^^^^^^^^^^^^
    )
    ^
  File "C:\Users\ANUBIS PC\Desktop\parsing PE411\delivery_bot\venv\Lib\site-packages\aiogram\dispatcher\router.py", line 166, in _propagate_event
    response = await observer.trigger(event, **kwargs)
               ^^^^^^^^^^^^^^^^^^^^^^^^^^^^^^^^^^^^^^^
  File "C:\Users\ANUBIS PC\Desktop\parsing PE411\delivery_bot\venv\Lib\site-packages\aiogram\dispatcher\event\telegram.py", line 121, in trigger
    return await wrapped_inner(event, kwargs)
           ^^^^^^^^^^^^^^^^^^^^^^^^^^^^^^^^^^
  File "C:\Users\ANUBIS PC\Desktop\parsing PE411\delivery_bot\venv\Lib\site-packages\aiogram\dispatcher\event\handler.py", line 43, in call
    return await wrapped()
           ^^^^^^^^^^^^^^^
  File "C:\Users\ANUBIS PC\Desktop\parsing PE411\delivery_bot\routers\menu.py", line 108, in product_handler
    await cb.message.answer_photo(
    ...<3 lines>...
    )
  File "C:\Users\ANUBIS PC\Desktop\parsing PE411\delivery_bot\venv\Lib\site-packages\aiogram\methods\base.py", line 84, in emit
    return await bot(self)
           ^^^^^^^^^^^^^^^
  File "C:\Users\ANUBIS PC\Desktop\parsing PE411\delivery_bot\venv\Lib\site-packages\aiogram\client\bot.py", line 485, in __call__
    return await self.session(self, method, timeout=request_timeout)
           ^^^^^^^^^^^^^^^^^^^^^^^^^^^^^^^^^^^^^^^^^^^^^^^^^^^^^^^^^
  File "C:\Users\ANUBIS PC\Desktop\parsing PE411\delivery_bot\venv\Lib\site-packages\aiogram\client\session\base.py", line 254, in __call__
    return cast(TelegramType, await middleware(bot, method))
                              ^^^^^^^^^^^^^^^^^^^^^^^^^^^^^
  File "C:\Users\ANUBIS PC\Desktop\parsing PE411\delivery_bot\venv\Lib\site-packages\aiogram\client\session\aiohttp.py", line 185, in make_request
    response = self.check_response(
        bot=bot, method=method, status_code=resp.status, content=raw_result
    )
  File "C:\Users\ANUBIS PC\Desktop\parsing PE411\delivery_bot\venv\Lib\site-packages\aiogram\client\session\base.py", line 120, in check_response
    raise TelegramBadRequest(method=method, message=description)
aiogram.exceptions.TelegramBadRequest: Telegram server says - Bad Request: failed to get HTTP URL content
2025-11-27 20:03:41,860 - INFO - MESSAGE: 227.4632453918457ms
2025-11-27 20:03:41,860 - INFO - Update id=946294925 is handled. Duration 228 ms by bot id=8200360038
2025-11-27 20:03:43,397 - INFO - CALLBACK: 197.75772094726562ms
2025-11-27 20:03:43,397 - INFO - Update id=946294926 is handled. Duration 198 ms by bot id=8200360038
2025-11-27 20:03:44,811 - INFO - CALLBACK: 143.82553100585938ms
2025-11-27 20:03:44,811 - INFO - Update id=946294927 is handled. Duration 144 ms by bot id=8200360038
2025-11-27 20:03:45,794 - INFO - CALLBACK: 344.5775508880615ms
2025-11-27 20:03:45,794 - INFO - Update id=946294928 is handled. Duration 345 ms by bot id=8200360038
2025-11-27 20:03:47,441 - INFO - CALLBACK: 134.68503952026367ms
2025-11-27 20:03:47,441 - INFO - Update id=946294929 is handled. Duration 135 ms by bot id=8200360038
2025-11-27 20:03:47,775 - INFO - CALLBACK: 145.68662643432617ms
2025-11-27 20:03:47,775 - INFO - Update id=946294930 is handled. Duration 146 ms by bot id=8200360038
2025-11-27 20:03:48,696 - INFO - CALLBACK: 143.3568000793457ms
2025-11-27 20:03:48,696 - INFO - Update id=946294931 is handled. Duration 144 ms by bot id=8200360038
2025-11-27 20:03:50,279 - INFO - CALLBACK: 2.787351608276367ms
2025-11-27 20:03:50,279 - INFO - Update id=946294932 is handled. Duration 3 ms by bot id=8200360038
2025-11-27 20:03:51,015 - INFO - CALLBACK: 4.333734512329102ms
2025-11-27 20:03:51,015 - INFO - Update id=946294933 is not handled. Duration 5 ms by bot id=8200360038
2025-11-27 20:08:51,843 - INFO - CALLBACK: 180.8626651763916ms
2025-11-27 20:08:51,843 - INFO - Update id=946294934 is handled. Duration 181 ms by bot id=8200360038
2025-11-27 20:08:52,659 - INFO - CALLBACK: 192.72184371948242ms
2025-11-27 20:08:52,659 - INFO - Update id=946294935 is handled. Duration 193 ms by bot id=8200360038
2025-11-27 20:08:53,398 - INFO - CALLBACK: 150.71415901184082ms
2025-11-27 20:08:53,399 - INFO - Update id=946294936 is handled. Duration 151 ms by bot id=8200360038
2025-11-27 20:08:53,891 - INFO - CALLBACK: 145.34282684326172ms
2025-11-27 20:08:53,891 - INFO - Update id=946294937 is handled. Duration 146 ms by bot id=8200360038
2025-11-27 20:08:54,375 - INFO - CALLBACK: 159.55424308776855ms
2025-11-27 20:08:54,375 - INFO - Update id=946294938 is handled. Duration 160 ms by bot id=8200360038
2025-11-27 20:08:57,196 - INFO - CALLBACK: 171.94867134094238ms
2025-11-27 20:08:57,196 - INFO - Update id=946294939 is handled. Duration 172 ms by bot id=8200360038
2025-11-27 20:08:58,663 - INFO - CALLBACK: 127.51269340515137ms
2025-11-27 20:08:58,663 - INFO - Update id=946294940 is handled. Duration 128 ms by bot id=8200360038
2025-11-27 20:08:58,838 - INFO - CALLBACK: 145.60532569885254ms
2025-11-27 20:08:58,838 - INFO - Update id=946294941 is handled. Duration 146 ms by bot id=8200360038
2025-11-27 20:08:59,080 - INFO - CALLBACK: 149.3384838104248ms
2025-11-27 20:08:59,081 - INFO - Update id=946294942 is handled. Duration 150 ms by bot id=8200360038
2025-11-27 20:08:59,532 - INFO - CALLBACK: 137.30812072753906ms
2025-11-27 20:08:59,533 - INFO - Update id=946294943 is handled. Duration 138 ms by bot id=8200360038
2025-11-27 20:09:02,958 - INFO - CALLBACK: 247.50542640686035ms
2025-11-27 20:09:02,958 - INFO - Update id=946294944 is handled. Duration 248 ms by bot id=8200360038
2025-11-27 20:09:03,274 - INFO - CALLBACK: 278.1198024749756ms
2025-11-27 20:09:03,274 - INFO - Update id=946294946 is handled. Duration 278 ms by bot id=8200360038
2025-11-27 20:09:03,348 - INFO - CALLBACK: 528.2876491546631ms
2025-11-27 20:09:03,348 - INFO - Update id=946294945 is handled. Duration 529 ms by bot id=8200360038
2025-11-27 20:09:03,502 - INFO - CALLBACK: 313.52758407592773ms
2025-11-27 20:09:03,502 - INFO - Update id=946294947 is handled. Duration 314 ms by bot id=8200360038
2025-11-27 20:09:04,524 - INFO - CALLBACK: 184.75818634033203ms
2025-11-27 20:09:04,524 - INFO - Update id=946294948 is handled. Duration 185 ms by bot id=8200360038
2025-11-27 20:09:08,602 - INFO - CALLBACK: 138.4146213531494ms
2025-11-27 20:09:08,602 - INFO - Update id=946294949 is handled. Duration 138 ms by bot id=8200360038
2025-11-27 20:09:08,639 - INFO - Update id=946294950 is not handled. Duration 175 ms by bot id=8200360038
2025-11-27 20:09:08,639 - ERROR - Cause exception while process update id=946294950 by bot id=8200360038
TelegramBadRequest: Telegram server says - Bad Request: message is not modified: specified new message content and reply markup are exactly the same as a current content and reply markup of the message
Traceback (most recent call last):
  File "C:\Users\ANUBIS PC\Desktop\parsing PE411\delivery_bot\venv\Lib\site-packages\aiogram\dispatcher\dispatcher.py", line 309, in _process_update
    response = await self.feed_update(bot, update, **kwargs)
               ^^^^^^^^^^^^^^^^^^^^^^^^^^^^^^^^^^^^^^^^^^^^^
  File "C:\Users\ANUBIS PC\Desktop\parsing PE411\delivery_bot\venv\Lib\site-packages\aiogram\dispatcher\dispatcher.py", line 158, in feed_update
    response = await self.update.wrap_outer_middleware(
               ^^^^^^^^^^^^^^^^^^^^^^^^^^^^^^^^^^^^^^^^
    ...<7 lines>...
    )
    ^
  File "C:\Users\ANUBIS PC\Desktop\parsing PE411\delivery_bot\venv\Lib\site-packages\aiogram\dispatcher\middlewares\error.py", line 25, in __call__
    return await handler(event, data)
           ^^^^^^^^^^^^^^^^^^^^^^^^^^
  File "C:\Users\ANUBIS PC\Desktop\parsing PE411\delivery_bot\venv\Lib\site-packages\aiogram\dispatcher\middlewares\user_context.py", line 56, in __call__
    return await handler(event, data)
           ^^^^^^^^^^^^^^^^^^^^^^^^^^
  File "C:\Users\ANUBIS PC\Desktop\parsing PE411\delivery_bot\venv\Lib\site-packages\aiogram\fsm\middleware.py", line 42, in __call__
    return await handler(event, data)
           ^^^^^^^^^^^^^^^^^^^^^^^^^^
  File "C:\Users\ANUBIS PC\Desktop\parsing PE411\delivery_bot\venv\Lib\site-packages\aiogram\dispatcher\event\telegram.py", line 121, in trigger
    return await wrapped_inner(event, kwargs)
           ^^^^^^^^^^^^^^^^^^^^^^^^^^^^^^^^^^
  File "C:\Users\ANUBIS PC\Desktop\parsing PE411\delivery_bot\middlewares\logging.py", line 20, in __call__
    response = await handler(event, data)
               ^^^^^^^^^^^^^^^^^^^^^^^^^^
  File "C:\Users\ANUBIS PC\Desktop\parsing PE411\delivery_bot\middlewares\auth.py", line 28, in __call__
    return await handler(event, data)
           ^^^^^^^^^^^^^^^^^^^^^^^^^^
  File "C:\Users\ANUBIS PC\Desktop\parsing PE411\delivery_bot\venv\Lib\site-packages\aiogram\dispatcher\event\handler.py", line 43, in call
    return await wrapped()
           ^^^^^^^^^^^^^^^
  File "C:\Users\ANUBIS PC\Desktop\parsing PE411\delivery_bot\venv\Lib\site-packages\aiogram\dispatcher\dispatcher.py", line 276, in _listen_update
    return await self.propagate_event(update_type=update_type, event=event, **kwargs)
           ^^^^^^^^^^^^^^^^^^^^^^^^^^^^^^^^^^^^^^^^^^^^^^^^^^^^^^^^^^^^^^^^^^^^^^^^^^
  File "C:\Users\ANUBIS PC\Desktop\parsing PE411\delivery_bot\venv\Lib\site-packages\aiogram\dispatcher\router.py", line 146, in propagate_event
    return await observer.wrap_outer_middleware(_wrapped, event=event, data=kwargs)
           ^^^^^^^^^^^^^^^^^^^^^^^^^^^^^^^^^^^^^^^^^^^^^^^^^^^^^^^^^^^^^^^^^^^^^^^^
  File "C:\Users\ANUBIS PC\Desktop\parsing PE411\delivery_bot\venv\Lib\site-packages\aiogram\dispatcher\router.py", line 141, in _wrapped
    return await self._propagate_event(
           ^^^^^^^^^^^^^^^^^^^^^^^^^^^^
        observer=observer, update_type=update_type, event=telegram_event, **data
        ^^^^^^^^^^^^^^^^^^^^^^^^^^^^^^^^^^^^^^^^^^^^^^^^^^^^^^^^^^^^^^^^^^^^^^^^
    )
    ^
  File "C:\Users\ANUBIS PC\Desktop\parsing PE411\delivery_bot\venv\Lib\site-packages\aiogram\dispatcher\router.py", line 174, in _propagate_event
    response = await router.propagate_event(update_type=update_type, event=event, **kwargs)
               ^^^^^^^^^^^^^^^^^^^^^^^^^^^^^^^^^^^^^^^^^^^^^^^^^^^^^^^^^^^^^^^^^^^^^^^^^^^^
  File "C:\Users\ANUBIS PC\Desktop\parsing PE411\delivery_bot\venv\Lib\site-packages\aiogram\dispatcher\router.py", line 146, in propagate_event
    return await observer.wrap_outer_middleware(_wrapped, event=event, data=kwargs)
           ^^^^^^^^^^^^^^^^^^^^^^^^^^^^^^^^^^^^^^^^^^^^^^^^^^^^^^^^^^^^^^^^^^^^^^^^
  File "C:\Users\ANUBIS PC\Desktop\parsing PE411\delivery_bot\venv\Lib\site-packages\aiogram\dispatcher\router.py", line 141, in _wrapped
    return await self._propagate_event(
           ^^^^^^^^^^^^^^^^^^^^^^^^^^^^
        observer=observer, update_type=update_type, event=telegram_event, **data
        ^^^^^^^^^^^^^^^^^^^^^^^^^^^^^^^^^^^^^^^^^^^^^^^^^^^^^^^^^^^^^^^^^^^^^^^^
    )
    ^
  File "C:\Users\ANUBIS PC\Desktop\parsing PE411\delivery_bot\venv\Lib\site-packages\aiogram\dispatcher\router.py", line 166, in _propagate_event
    response = await observer.trigger(event, **kwargs)
               ^^^^^^^^^^^^^^^^^^^^^^^^^^^^^^^^^^^^^^^
  File "C:\Users\ANUBIS PC\Desktop\parsing PE411\delivery_bot\venv\Lib\site-packages\aiogram\dispatcher\event\telegram.py", line 121, in trigger
    return await wrapped_inner(event, kwargs)
           ^^^^^^^^^^^^^^^^^^^^^^^^^^^^^^^^^^
  File "C:\Users\ANUBIS PC\Desktop\parsing PE411\delivery_bot\venv\Lib\site-packages\aiogram\dispatcher\event\handler.py", line 43, in call
    return await wrapped()
           ^^^^^^^^^^^^^^^
  File "C:\Users\ANUBIS PC\Desktop\parsing PE411\delivery_bot\routers\menu.py", line 135, in plus_handler
        )
        ^
    ...<3 lines>...
    products = await product_manager.list(category_id)
    
  File "C:\Users\ANUBIS PC\Desktop\parsing PE411\delivery_bot\venv\Lib\site-packages\aiogram\methods\base.py", line 84, in emit
    return await bot(self)
           ^^^^^^^^^^^^^^^
  File "C:\Users\ANUBIS PC\Desktop\parsing PE411\delivery_bot\venv\Lib\site-packages\aiogram\client\bot.py", line 485, in __call__
    return await self.session(self, method, timeout=request_timeout)
           ^^^^^^^^^^^^^^^^^^^^^^^^^^^^^^^^^^^^^^^^^^^^^^^^^^^^^^^^^
  File "C:\Users\ANUBIS PC\Desktop\parsing PE411\delivery_bot\venv\Lib\site-packages\aiogram\client\session\base.py", line 254, in __call__
    return cast(TelegramType, await middleware(bot, method))
                              ^^^^^^^^^^^^^^^^^^^^^^^^^^^^^
  File "C:\Users\ANUBIS PC\Desktop\parsing PE411\delivery_bot\venv\Lib\site-packages\aiogram\client\session\aiohttp.py", line 185, in make_request
    response = self.check_response(
        bot=bot, method=method, status_code=resp.status, content=raw_result
    )
  File "C:\Users\ANUBIS PC\Desktop\parsing PE411\delivery_bot\venv\Lib\site-packages\aiogram\client\session\base.py", line 120, in check_response
    raise TelegramBadRequest(method=method, message=description)
aiogram.exceptions.TelegramBadRequest: Telegram server says - Bad Request: message is not modified: specified new message content and reply markup are exactly the same as a current content and reply markup of the message
2025-11-27 20:09:08,782 - INFO - CALLBACK: 218.95813941955566ms
2025-11-27 20:09:08,782 - INFO - Update id=946294952 is handled. Duration 219 ms by bot id=8200360038
2025-11-27 20:09:08,783 - INFO - Update id=946294953 is not handled. Duration 121 ms by bot id=8200360038
2025-11-27 20:09:08,783 - ERROR - Cause exception while process update id=946294953 by bot id=8200360038
TelegramBadRequest: Telegram server says - Bad Request: message is not modified: specified new message content and reply markup are exactly the same as a current content and reply markup of the message
Traceback (most recent call last):
  File "C:\Users\ANUBIS PC\Desktop\parsing PE411\delivery_bot\venv\Lib\site-packages\aiogram\dispatcher\dispatcher.py", line 309, in _process_update
    response = await self.feed_update(bot, update, **kwargs)
               ^^^^^^^^^^^^^^^^^^^^^^^^^^^^^^^^^^^^^^^^^^^^^
  File "C:\Users\ANUBIS PC\Desktop\parsing PE411\delivery_bot\venv\Lib\site-packages\aiogram\dispatcher\dispatcher.py", line 158, in feed_update
    response = await self.update.wrap_outer_middleware(
               ^^^^^^^^^^^^^^^^^^^^^^^^^^^^^^^^^^^^^^^^
    ...<7 lines>...
    )
    ^
  File "C:\Users\ANUBIS PC\Desktop\parsing PE411\delivery_bot\venv\Lib\site-packages\aiogram\dispatcher\middlewares\error.py", line 25, in __call__
    return await handler(event, data)
           ^^^^^^^^^^^^^^^^^^^^^^^^^^
  File "C:\Users\ANUBIS PC\Desktop\parsing PE411\delivery_bot\venv\Lib\site-packages\aiogram\dispatcher\middlewares\user_context.py", line 56, in __call__
    return await handler(event, data)
           ^^^^^^^^^^^^^^^^^^^^^^^^^^
  File "C:\Users\ANUBIS PC\Desktop\parsing PE411\delivery_bot\venv\Lib\site-packages\aiogram\fsm\middleware.py", line 42, in __call__
    return await handler(event, data)
           ^^^^^^^^^^^^^^^^^^^^^^^^^^
  File "C:\Users\ANUBIS PC\Desktop\parsing PE411\delivery_bot\venv\Lib\site-packages\aiogram\dispatcher\event\telegram.py", line 121, in trigger
    return await wrapped_inner(event, kwargs)
           ^^^^^^^^^^^^^^^^^^^^^^^^^^^^^^^^^^
  File "C:\Users\ANUBIS PC\Desktop\parsing PE411\delivery_bot\middlewares\logging.py", line 20, in __call__
    response = await handler(event, data)
               ^^^^^^^^^^^^^^^^^^^^^^^^^^
  File "C:\Users\ANUBIS PC\Desktop\parsing PE411\delivery_bot\middlewares\auth.py", line 28, in __call__
    return await handler(event, data)
           ^^^^^^^^^^^^^^^^^^^^^^^^^^
  File "C:\Users\ANUBIS PC\Desktop\parsing PE411\delivery_bot\venv\Lib\site-packages\aiogram\dispatcher\event\handler.py", line 43, in call
    return await wrapped()
           ^^^^^^^^^^^^^^^
  File "C:\Users\ANUBIS PC\Desktop\parsing PE411\delivery_bot\venv\Lib\site-packages\aiogram\dispatcher\dispatcher.py", line 276, in _listen_update
    return await self.propagate_event(update_type=update_type, event=event, **kwargs)
           ^^^^^^^^^^^^^^^^^^^^^^^^^^^^^^^^^^^^^^^^^^^^^^^^^^^^^^^^^^^^^^^^^^^^^^^^^^
  File "C:\Users\ANUBIS PC\Desktop\parsing PE411\delivery_bot\venv\Lib\site-packages\aiogram\dispatcher\router.py", line 146, in propagate_event
    return await observer.wrap_outer_middleware(_wrapped, event=event, data=kwargs)
           ^^^^^^^^^^^^^^^^^^^^^^^^^^^^^^^^^^^^^^^^^^^^^^^^^^^^^^^^^^^^^^^^^^^^^^^^
  File "C:\Users\ANUBIS PC\Desktop\parsing PE411\delivery_bot\venv\Lib\site-packages\aiogram\dispatcher\router.py", line 141, in _wrapped
    return await self._propagate_event(
           ^^^^^^^^^^^^^^^^^^^^^^^^^^^^
        observer=observer, update_type=update_type, event=telegram_event, **data
        ^^^^^^^^^^^^^^^^^^^^^^^^^^^^^^^^^^^^^^^^^^^^^^^^^^^^^^^^^^^^^^^^^^^^^^^^
    )
    ^
  File "C:\Users\ANUBIS PC\Desktop\parsing PE411\delivery_bot\venv\Lib\site-packages\aiogram\dispatcher\router.py", line 174, in _propagate_event
    response = await router.propagate_event(update_type=update_type, event=event, **kwargs)
               ^^^^^^^^^^^^^^^^^^^^^^^^^^^^^^^^^^^^^^^^^^^^^^^^^^^^^^^^^^^^^^^^^^^^^^^^^^^^
  File "C:\Users\ANUBIS PC\Desktop\parsing PE411\delivery_bot\venv\Lib\site-packages\aiogram\dispatcher\router.py", line 146, in propagate_event
    return await observer.wrap_outer_middleware(_wrapped, event=event, data=kwargs)
           ^^^^^^^^^^^^^^^^^^^^^^^^^^^^^^^^^^^^^^^^^^^^^^^^^^^^^^^^^^^^^^^^^^^^^^^^
  File "C:\Users\ANUBIS PC\Desktop\parsing PE411\delivery_bot\venv\Lib\site-packages\aiogram\dispatcher\router.py", line 141, in _wrapped
    return await self._propagate_event(
           ^^^^^^^^^^^^^^^^^^^^^^^^^^^^
        observer=observer, update_type=update_type, event=telegram_event, **data
        ^^^^^^^^^^^^^^^^^^^^^^^^^^^^^^^^^^^^^^^^^^^^^^^^^^^^^^^^^^^^^^^^^^^^^^^^
    )
    ^
  File "C:\Users\ANUBIS PC\Desktop\parsing PE411\delivery_bot\venv\Lib\site-packages\aiogram\dispatcher\router.py", line 166, in _propagate_event
    response = await observer.trigger(event, **kwargs)
               ^^^^^^^^^^^^^^^^^^^^^^^^^^^^^^^^^^^^^^^
  File "C:\Users\ANUBIS PC\Desktop\parsing PE411\delivery_bot\venv\Lib\site-packages\aiogram\dispatcher\event\telegram.py", line 121, in trigger
    return await wrapped_inner(event, kwargs)
           ^^^^^^^^^^^^^^^^^^^^^^^^^^^^^^^^^^
  File "C:\Users\ANUBIS PC\Desktop\parsing PE411\delivery_bot\venv\Lib\site-packages\aiogram\dispatcher\event\handler.py", line 43, in call
    return await wrapped()
           ^^^^^^^^^^^^^^^
  File "C:\Users\ANUBIS PC\Desktop\parsing PE411\delivery_bot\routers\menu.py", line 135, in plus_handler
        )
        ^
    ...<3 lines>...
    products = await product_manager.list(category_id)
    
  File "C:\Users\ANUBIS PC\Desktop\parsing PE411\delivery_bot\venv\Lib\site-packages\aiogram\methods\base.py", line 84, in emit
    return await bot(self)
           ^^^^^^^^^^^^^^^
  File "C:\Users\ANUBIS PC\Desktop\parsing PE411\delivery_bot\venv\Lib\site-packages\aiogram\client\bot.py", line 485, in __call__
    return await self.session(self, method, timeout=request_timeout)
           ^^^^^^^^^^^^^^^^^^^^^^^^^^^^^^^^^^^^^^^^^^^^^^^^^^^^^^^^^
  File "C:\Users\ANUBIS PC\Desktop\parsing PE411\delivery_bot\venv\Lib\site-packages\aiogram\client\session\base.py", line 254, in __call__
    return cast(TelegramType, await middleware(bot, method))
                              ^^^^^^^^^^^^^^^^^^^^^^^^^^^^^
  File "C:\Users\ANUBIS PC\Desktop\parsing PE411\delivery_bot\venv\Lib\site-packages\aiogram\client\session\aiohttp.py", line 185, in make_request
    response = self.check_response(
        bot=bot, method=method, status_code=resp.status, content=raw_result
    )
  File "C:\Users\ANUBIS PC\Desktop\parsing PE411\delivery_bot\venv\Lib\site-packages\aiogram\client\session\base.py", line 120, in check_response
    raise TelegramBadRequest(method=method, message=description)
aiogram.exceptions.TelegramBadRequest: Telegram server says - Bad Request: message is not modified: specified new message content and reply markup are exactly the same as a current content and reply markup of the message
2025-11-27 20:09:08,999 - INFO - CALLBACK: 436.92541122436523ms
2025-11-27 20:09:08,999 - INFO - Update id=946294951 is handled. Duration 437 ms by bot id=8200360038
2025-11-27 20:09:15,365 - INFO - CALLBACK: 145.8733081817627ms
2025-11-27 20:09:15,365 - INFO - Update id=946294954 is handled. Duration 146 ms by bot id=8200360038
2025-11-27 20:09:15,469 - INFO - Update id=946294955 is not handled. Duration 141 ms by bot id=8200360038
2025-11-27 20:09:15,470 - ERROR - Cause exception while process update id=946294955 by bot id=8200360038
TelegramBadRequest: Telegram server says - Bad Request: message is not modified: specified new message content and reply markup are exactly the same as a current content and reply markup of the message
Traceback (most recent call last):
  File "C:\Users\ANUBIS PC\Desktop\parsing PE411\delivery_bot\venv\Lib\site-packages\aiogram\dispatcher\dispatcher.py", line 309, in _process_update
    response = await self.feed_update(bot, update, **kwargs)
               ^^^^^^^^^^^^^^^^^^^^^^^^^^^^^^^^^^^^^^^^^^^^^
  File "C:\Users\ANUBIS PC\Desktop\parsing PE411\delivery_bot\venv\Lib\site-packages\aiogram\dispatcher\dispatcher.py", line 158, in feed_update
    response = await self.update.wrap_outer_middleware(
               ^^^^^^^^^^^^^^^^^^^^^^^^^^^^^^^^^^^^^^^^
    ...<7 lines>...
    )
    ^
  File "C:\Users\ANUBIS PC\Desktop\parsing PE411\delivery_bot\venv\Lib\site-packages\aiogram\dispatcher\middlewares\error.py", line 25, in __call__
    return await handler(event, data)
           ^^^^^^^^^^^^^^^^^^^^^^^^^^
  File "C:\Users\ANUBIS PC\Desktop\parsing PE411\delivery_bot\venv\Lib\site-packages\aiogram\dispatcher\middlewares\user_context.py", line 56, in __call__
    return await handler(event, data)
           ^^^^^^^^^^^^^^^^^^^^^^^^^^
  File "C:\Users\ANUBIS PC\Desktop\parsing PE411\delivery_bot\venv\Lib\site-packages\aiogram\fsm\middleware.py", line 42, in __call__
    return await handler(event, data)
           ^^^^^^^^^^^^^^^^^^^^^^^^^^
  File "C:\Users\ANUBIS PC\Desktop\parsing PE411\delivery_bot\venv\Lib\site-packages\aiogram\dispatcher\event\telegram.py", line 121, in trigger
    return await wrapped_inner(event, kwargs)
           ^^^^^^^^^^^^^^^^^^^^^^^^^^^^^^^^^^
  File "C:\Users\ANUBIS PC\Desktop\parsing PE411\delivery_bot\middlewares\logging.py", line 20, in __call__
    response = await handler(event, data)
               ^^^^^^^^^^^^^^^^^^^^^^^^^^
  File "C:\Users\ANUBIS PC\Desktop\parsing PE411\delivery_bot\middlewares\auth.py", line 28, in __call__
    return await handler(event, data)
           ^^^^^^^^^^^^^^^^^^^^^^^^^^
  File "C:\Users\ANUBIS PC\Desktop\parsing PE411\delivery_bot\venv\Lib\site-packages\aiogram\dispatcher\event\handler.py", line 43, in call
    return await wrapped()
           ^^^^^^^^^^^^^^^
  File "C:\Users\ANUBIS PC\Desktop\parsing PE411\delivery_bot\venv\Lib\site-packages\aiogram\dispatcher\dispatcher.py", line 276, in _listen_update
    return await self.propagate_event(update_type=update_type, event=event, **kwargs)
           ^^^^^^^^^^^^^^^^^^^^^^^^^^^^^^^^^^^^^^^^^^^^^^^^^^^^^^^^^^^^^^^^^^^^^^^^^^
  File "C:\Users\ANUBIS PC\Desktop\parsing PE411\delivery_bot\venv\Lib\site-packages\aiogram\dispatcher\router.py", line 146, in propagate_event
    return await observer.wrap_outer_middleware(_wrapped, event=event, data=kwargs)
           ^^^^^^^^^^^^^^^^^^^^^^^^^^^^^^^^^^^^^^^^^^^^^^^^^^^^^^^^^^^^^^^^^^^^^^^^
  File "C:\Users\ANUBIS PC\Desktop\parsing PE411\delivery_bot\venv\Lib\site-packages\aiogram\dispatcher\router.py", line 141, in _wrapped
    return await self._propagate_event(
           ^^^^^^^^^^^^^^^^^^^^^^^^^^^^
        observer=observer, update_type=update_type, event=telegram_event, **data
        ^^^^^^^^^^^^^^^^^^^^^^^^^^^^^^^^^^^^^^^^^^^^^^^^^^^^^^^^^^^^^^^^^^^^^^^^
    )
    ^
  File "C:\Users\ANUBIS PC\Desktop\parsing PE411\delivery_bot\venv\Lib\site-packages\aiogram\dispatcher\router.py", line 174, in _propagate_event
    response = await router.propagate_event(update_type=update_type, event=event, **kwargs)
               ^^^^^^^^^^^^^^^^^^^^^^^^^^^^^^^^^^^^^^^^^^^^^^^^^^^^^^^^^^^^^^^^^^^^^^^^^^^^
  File "C:\Users\ANUBIS PC\Desktop\parsing PE411\delivery_bot\venv\Lib\site-packages\aiogram\dispatcher\router.py", line 146, in propagate_event
    return await observer.wrap_outer_middleware(_wrapped, event=event, data=kwargs)
           ^^^^^^^^^^^^^^^^^^^^^^^^^^^^^^^^^^^^^^^^^^^^^^^^^^^^^^^^^^^^^^^^^^^^^^^^
  File "C:\Users\ANUBIS PC\Desktop\parsing PE411\delivery_bot\venv\Lib\site-packages\aiogram\dispatcher\router.py", line 141, in _wrapped
    return await self._propagate_event(
           ^^^^^^^^^^^^^^^^^^^^^^^^^^^^
        observer=observer, update_type=update_type, event=telegram_event, **data
        ^^^^^^^^^^^^^^^^^^^^^^^^^^^^^^^^^^^^^^^^^^^^^^^^^^^^^^^^^^^^^^^^^^^^^^^^
    )
    ^
  File "C:\Users\ANUBIS PC\Desktop\parsing PE411\delivery_bot\venv\Lib\site-packages\aiogram\dispatcher\router.py", line 166, in _propagate_event
    response = await observer.trigger(event, **kwargs)
               ^^^^^^^^^^^^^^^^^^^^^^^^^^^^^^^^^^^^^^^
  File "C:\Users\ANUBIS PC\Desktop\parsing PE411\delivery_bot\venv\Lib\site-packages\aiogram\dispatcher\event\telegram.py", line 121, in trigger
    return await wrapped_inner(event, kwargs)
           ^^^^^^^^^^^^^^^^^^^^^^^^^^^^^^^^^^
  File "C:\Users\ANUBIS PC\Desktop\parsing PE411\delivery_bot\venv\Lib\site-packages\aiogram\dispatcher\event\handler.py", line 43, in call
    return await wrapped()
           ^^^^^^^^^^^^^^^
  File "C:\Users\ANUBIS PC\Desktop\parsing PE411\delivery_bot\routers\menu.py", line 135, in plus_handler
        )
        ^
    ...<3 lines>...
    products = await product_manager.list(category_id)
    
  File "C:\Users\ANUBIS PC\Desktop\parsing PE411\delivery_bot\venv\Lib\site-packages\aiogram\methods\base.py", line 84, in emit
    return await bot(self)
           ^^^^^^^^^^^^^^^
  File "C:\Users\ANUBIS PC\Desktop\parsing PE411\delivery_bot\venv\Lib\site-packages\aiogram\client\bot.py", line 485, in __call__
    return await self.session(self, method, timeout=request_timeout)
           ^^^^^^^^^^^^^^^^^^^^^^^^^^^^^^^^^^^^^^^^^^^^^^^^^^^^^^^^^
  File "C:\Users\ANUBIS PC\Desktop\parsing PE411\delivery_bot\venv\Lib\site-packages\aiogram\client\session\base.py", line 254, in __call__
    return cast(TelegramType, await middleware(bot, method))
                              ^^^^^^^^^^^^^^^^^^^^^^^^^^^^^
  File "C:\Users\ANUBIS PC\Desktop\parsing PE411\delivery_bot\venv\Lib\site-packages\aiogram\client\session\aiohttp.py", line 185, in make_request
    response = self.check_response(
        bot=bot, method=method, status_code=resp.status, content=raw_result
    )
  File "C:\Users\ANUBIS PC\Desktop\parsing PE411\delivery_bot\venv\Lib\site-packages\aiogram\client\session\base.py", line 120, in check_response
    raise TelegramBadRequest(method=method, message=description)
aiogram.exceptions.TelegramBadRequest: Telegram server says - Bad Request: message is not modified: specified new message content and reply markup are exactly the same as a current content and reply markup of the message
2025-11-27 20:09:26,116 - INFO - Polling stopped
2025-11-27 20:09:26,117 - ERROR - Failed to fetch updates - TelegramNetworkError: HTTP Client says - ServerDisconnectedError: Server disconnected
2025-11-27 20:09:26,117 - WARNING - Sleep for 1.000000 seconds and try again... (tryings = 0, bot id = 8200360038)
2025-11-27 20:09:26,376 - INFO - Polling stopped for bot @pe411_bot id=8200360038 - 'pe411'
2025-11-27 20:09:32,463 - INFO - MESSAGE: 748.2783794403076ms
2025-11-27 20:09:32,463 - INFO - Update id=946294956 is handled. Duration 750 ms by bot id=8200360038
2025-11-27 20:09:33,766 - INFO - CALLBACK: 224.28464889526367ms
2025-11-27 20:09:33,766 - INFO - Update id=946294957 is handled. Duration 225 ms by bot id=8200360038
2025-11-27 20:09:35,887 - INFO - CALLBACK: 148.3008861541748ms
2025-11-27 20:09:35,887 - INFO - Update id=946294958 is handled. Duration 148 ms by bot id=8200360038
2025-11-27 20:09:37,889 - INFO - CALLBACK: 911.4475250244141ms
2025-11-27 20:09:37,889 - INFO - Update id=946294959 is handled. Duration 912 ms by bot id=8200360038
2025-11-27 20:09:39,539 - INFO - Update id=946294960 is not handled. Duration 5 ms by bot id=8200360038
2025-11-27 20:09:39,539 - ERROR - Cause exception while process update id=946294960 by bot id=8200360038
KeyError: 'category_id'
Traceback (most recent call last):
  File "C:\Users\ANUBIS PC\Desktop\parsing PE411\delivery_bot\venv\Lib\site-packages\aiogram\dispatcher\dispatcher.py", line 309, in _process_update
    response = await self.feed_update(bot, update, **kwargs)
               ^^^^^^^^^^^^^^^^^^^^^^^^^^^^^^^^^^^^^^^^^^^^^
  File "C:\Users\ANUBIS PC\Desktop\parsing PE411\delivery_bot\venv\Lib\site-packages\aiogram\dispatcher\dispatcher.py", line 158, in feed_update
    response = await self.update.wrap_outer_middleware(
               ^^^^^^^^^^^^^^^^^^^^^^^^^^^^^^^^^^^^^^^^
    ...<7 lines>...
    )
    ^
  File "C:\Users\ANUBIS PC\Desktop\parsing PE411\delivery_bot\venv\Lib\site-packages\aiogram\dispatcher\middlewares\error.py", line 25, in __call__
    return await handler(event, data)
           ^^^^^^^^^^^^^^^^^^^^^^^^^^
  File "C:\Users\ANUBIS PC\Desktop\parsing PE411\delivery_bot\venv\Lib\site-packages\aiogram\dispatcher\middlewares\user_context.py", line 56, in __call__
    return await handler(event, data)
           ^^^^^^^^^^^^^^^^^^^^^^^^^^
  File "C:\Users\ANUBIS PC\Desktop\parsing PE411\delivery_bot\venv\Lib\site-packages\aiogram\fsm\middleware.py", line 42, in __call__
    return await handler(event, data)
           ^^^^^^^^^^^^^^^^^^^^^^^^^^
  File "C:\Users\ANUBIS PC\Desktop\parsing PE411\delivery_bot\venv\Lib\site-packages\aiogram\dispatcher\event\telegram.py", line 121, in trigger
    return await wrapped_inner(event, kwargs)
           ^^^^^^^^^^^^^^^^^^^^^^^^^^^^^^^^^^
  File "C:\Users\ANUBIS PC\Desktop\parsing PE411\delivery_bot\middlewares\logging.py", line 20, in __call__
    response = await handler(event, data)
               ^^^^^^^^^^^^^^^^^^^^^^^^^^
  File "C:\Users\ANUBIS PC\Desktop\parsing PE411\delivery_bot\middlewares\auth.py", line 28, in __call__
    return await handler(event, data)
           ^^^^^^^^^^^^^^^^^^^^^^^^^^
  File "C:\Users\ANUBIS PC\Desktop\parsing PE411\delivery_bot\venv\Lib\site-packages\aiogram\dispatcher\event\handler.py", line 43, in call
    return await wrapped()
           ^^^^^^^^^^^^^^^
  File "C:\Users\ANUBIS PC\Desktop\parsing PE411\delivery_bot\venv\Lib\site-packages\aiogram\dispatcher\dispatcher.py", line 276, in _listen_update
    return await self.propagate_event(update_type=update_type, event=event, **kwargs)
           ^^^^^^^^^^^^^^^^^^^^^^^^^^^^^^^^^^^^^^^^^^^^^^^^^^^^^^^^^^^^^^^^^^^^^^^^^^
  File "C:\Users\ANUBIS PC\Desktop\parsing PE411\delivery_bot\venv\Lib\site-packages\aiogram\dispatcher\router.py", line 146, in propagate_event
    return await observer.wrap_outer_middleware(_wrapped, event=event, data=kwargs)
           ^^^^^^^^^^^^^^^^^^^^^^^^^^^^^^^^^^^^^^^^^^^^^^^^^^^^^^^^^^^^^^^^^^^^^^^^
  File "C:\Users\ANUBIS PC\Desktop\parsing PE411\delivery_bot\venv\Lib\site-packages\aiogram\dispatcher\router.py", line 141, in _wrapped
    return await self._propagate_event(
           ^^^^^^^^^^^^^^^^^^^^^^^^^^^^
        observer=observer, update_type=update_type, event=telegram_event, **data
        ^^^^^^^^^^^^^^^^^^^^^^^^^^^^^^^^^^^^^^^^^^^^^^^^^^^^^^^^^^^^^^^^^^^^^^^^
    )
    ^
  File "C:\Users\ANUBIS PC\Desktop\parsing PE411\delivery_bot\venv\Lib\site-packages\aiogram\dispatcher\router.py", line 174, in _propagate_event
    response = await router.propagate_event(update_type=update_type, event=event, **kwargs)
               ^^^^^^^^^^^^^^^^^^^^^^^^^^^^^^^^^^^^^^^^^^^^^^^^^^^^^^^^^^^^^^^^^^^^^^^^^^^^
  File "C:\Users\ANUBIS PC\Desktop\parsing PE411\delivery_bot\venv\Lib\site-packages\aiogram\dispatcher\router.py", line 146, in propagate_event
    return await observer.wrap_outer_middleware(_wrapped, event=event, data=kwargs)
           ^^^^^^^^^^^^^^^^^^^^^^^^^^^^^^^^^^^^^^^^^^^^^^^^^^^^^^^^^^^^^^^^^^^^^^^^
  File "C:\Users\ANUBIS PC\Desktop\parsing PE411\delivery_bot\venv\Lib\site-packages\aiogram\dispatcher\router.py", line 141, in _wrapped
    return await self._propagate_event(
           ^^^^^^^^^^^^^^^^^^^^^^^^^^^^
        observer=observer, update_type=update_type, event=telegram_event, **data
        ^^^^^^^^^^^^^^^^^^^^^^^^^^^^^^^^^^^^^^^^^^^^^^^^^^^^^^^^^^^^^^^^^^^^^^^^
    )
    ^
  File "C:\Users\ANUBIS PC\Desktop\parsing PE411\delivery_bot\venv\Lib\site-packages\aiogram\dispatcher\router.py", line 166, in _propagate_event
    response = await observer.trigger(event, **kwargs)
               ^^^^^^^^^^^^^^^^^^^^^^^^^^^^^^^^^^^^^^^
  File "C:\Users\ANUBIS PC\Desktop\parsing PE411\delivery_bot\venv\Lib\site-packages\aiogram\dispatcher\event\telegram.py", line 121, in trigger
    return await wrapped_inner(event, kwargs)
           ^^^^^^^^^^^^^^^^^^^^^^^^^^^^^^^^^^
  File "C:\Users\ANUBIS PC\Desktop\parsing PE411\delivery_bot\venv\Lib\site-packages\aiogram\dispatcher\event\handler.py", line 43, in call
    return await wrapped()
           ^^^^^^^^^^^^^^^
  File "C:\Users\ANUBIS PC\Desktop\parsing PE411\delivery_bot\routers\menu.py", line 125, in back_handler
    category_id = int(data["category_id"])
                      ~~~~^^^^^^^^^^^^^^^
KeyError: 'category_id'
2025-11-27 20:09:57,482 - INFO - Update id=946294961 is not handled. Duration 3 ms by bot id=8200360038
2025-11-27 20:09:57,483 - ERROR - Cause exception while process update id=946294961 by bot id=8200360038
KeyError: 'category_id'
Traceback (most recent call last):
  File "C:\Users\ANUBIS PC\Desktop\parsing PE411\delivery_bot\venv\Lib\site-packages\aiogram\dispatcher\dispatcher.py", line 309, in _process_update
    response = await self.feed_update(bot, update, **kwargs)
               ^^^^^^^^^^^^^^^^^^^^^^^^^^^^^^^^^^^^^^^^^^^^^
  File "C:\Users\ANUBIS PC\Desktop\parsing PE411\delivery_bot\venv\Lib\site-packages\aiogram\dispatcher\dispatcher.py", line 158, in feed_update
    response = await self.update.wrap_outer_middleware(
               ^^^^^^^^^^^^^^^^^^^^^^^^^^^^^^^^^^^^^^^^
    ...<7 lines>...
    )
    ^
  File "C:\Users\ANUBIS PC\Desktop\parsing PE411\delivery_bot\venv\Lib\site-packages\aiogram\dispatcher\middlewares\error.py", line 25, in __call__
    return await handler(event, data)
           ^^^^^^^^^^^^^^^^^^^^^^^^^^
  File "C:\Users\ANUBIS PC\Desktop\parsing PE411\delivery_bot\venv\Lib\site-packages\aiogram\dispatcher\middlewares\user_context.py", line 56, in __call__
    return await handler(event, data)
           ^^^^^^^^^^^^^^^^^^^^^^^^^^
  File "C:\Users\ANUBIS PC\Desktop\parsing PE411\delivery_bot\venv\Lib\site-packages\aiogram\fsm\middleware.py", line 42, in __call__
    return await handler(event, data)
           ^^^^^^^^^^^^^^^^^^^^^^^^^^
  File "C:\Users\ANUBIS PC\Desktop\parsing PE411\delivery_bot\venv\Lib\site-packages\aiogram\dispatcher\event\telegram.py", line 121, in trigger
    return await wrapped_inner(event, kwargs)
           ^^^^^^^^^^^^^^^^^^^^^^^^^^^^^^^^^^
  File "C:\Users\ANUBIS PC\Desktop\parsing PE411\delivery_bot\middlewares\logging.py", line 20, in __call__
    response = await handler(event, data)
               ^^^^^^^^^^^^^^^^^^^^^^^^^^
  File "C:\Users\ANUBIS PC\Desktop\parsing PE411\delivery_bot\middlewares\auth.py", line 28, in __call__
    return await handler(event, data)
           ^^^^^^^^^^^^^^^^^^^^^^^^^^
  File "C:\Users\ANUBIS PC\Desktop\parsing PE411\delivery_bot\venv\Lib\site-packages\aiogram\dispatcher\event\handler.py", line 43, in call
    return await wrapped()
           ^^^^^^^^^^^^^^^
  File "C:\Users\ANUBIS PC\Desktop\parsing PE411\delivery_bot\venv\Lib\site-packages\aiogram\dispatcher\dispatcher.py", line 276, in _listen_update
    return await self.propagate_event(update_type=update_type, event=event, **kwargs)
           ^^^^^^^^^^^^^^^^^^^^^^^^^^^^^^^^^^^^^^^^^^^^^^^^^^^^^^^^^^^^^^^^^^^^^^^^^^
  File "C:\Users\ANUBIS PC\Desktop\parsing PE411\delivery_bot\venv\Lib\site-packages\aiogram\dispatcher\router.py", line 146, in propagate_event
    return await observer.wrap_outer_middleware(_wrapped, event=event, data=kwargs)
           ^^^^^^^^^^^^^^^^^^^^^^^^^^^^^^^^^^^^^^^^^^^^^^^^^^^^^^^^^^^^^^^^^^^^^^^^
  File "C:\Users\ANUBIS PC\Desktop\parsing PE411\delivery_bot\venv\Lib\site-packages\aiogram\dispatcher\router.py", line 141, in _wrapped
    return await self._propagate_event(
           ^^^^^^^^^^^^^^^^^^^^^^^^^^^^
        observer=observer, update_type=update_type, event=telegram_event, **data
        ^^^^^^^^^^^^^^^^^^^^^^^^^^^^^^^^^^^^^^^^^^^^^^^^^^^^^^^^^^^^^^^^^^^^^^^^
    )
    ^
  File "C:\Users\ANUBIS PC\Desktop\parsing PE411\delivery_bot\venv\Lib\site-packages\aiogram\dispatcher\router.py", line 174, in _propagate_event
    response = await router.propagate_event(update_type=update_type, event=event, **kwargs)
               ^^^^^^^^^^^^^^^^^^^^^^^^^^^^^^^^^^^^^^^^^^^^^^^^^^^^^^^^^^^^^^^^^^^^^^^^^^^^
  File "C:\Users\ANUBIS PC\Desktop\parsing PE411\delivery_bot\venv\Lib\site-packages\aiogram\dispatcher\router.py", line 146, in propagate_event
    return await observer.wrap_outer_middleware(_wrapped, event=event, data=kwargs)
           ^^^^^^^^^^^^^^^^^^^^^^^^^^^^^^^^^^^^^^^^^^^^^^^^^^^^^^^^^^^^^^^^^^^^^^^^
  File "C:\Users\ANUBIS PC\Desktop\parsing PE411\delivery_bot\venv\Lib\site-packages\aiogram\dispatcher\router.py", line 141, in _wrapped
    return await self._propagate_event(
           ^^^^^^^^^^^^^^^^^^^^^^^^^^^^
        observer=observer, update_type=update_type, event=telegram_event, **data
        ^^^^^^^^^^^^^^^^^^^^^^^^^^^^^^^^^^^^^^^^^^^^^^^^^^^^^^^^^^^^^^^^^^^^^^^^
    )
    ^
  File "C:\Users\ANUBIS PC\Desktop\parsing PE411\delivery_bot\venv\Lib\site-packages\aiogram\dispatcher\router.py", line 166, in _propagate_event
    response = await observer.trigger(event, **kwargs)
               ^^^^^^^^^^^^^^^^^^^^^^^^^^^^^^^^^^^^^^^
  File "C:\Users\ANUBIS PC\Desktop\parsing PE411\delivery_bot\venv\Lib\site-packages\aiogram\dispatcher\event\telegram.py", line 121, in trigger
    return await wrapped_inner(event, kwargs)
           ^^^^^^^^^^^^^^^^^^^^^^^^^^^^^^^^^^
  File "C:\Users\ANUBIS PC\Desktop\parsing PE411\delivery_bot\venv\Lib\site-packages\aiogram\dispatcher\event\handler.py", line 43, in call
    return await wrapped()
           ^^^^^^^^^^^^^^^
  File "C:\Users\ANUBIS PC\Desktop\parsing PE411\delivery_bot\routers\menu.py", line 125, in back_handler
    category_id = int(data["category_id"])
                      ~~~~^^^^^^^^^^^^^^^
KeyError: 'category_id'
2025-11-27 20:09:58,630 - INFO - Update id=946294962 is not handled. Duration 3 ms by bot id=8200360038
2025-11-27 20:09:58,630 - ERROR - Cause exception while process update id=946294962 by bot id=8200360038
KeyError: 'category_id'
Traceback (most recent call last):
  File "C:\Users\ANUBIS PC\Desktop\parsing PE411\delivery_bot\venv\Lib\site-packages\aiogram\dispatcher\dispatcher.py", line 309, in _process_update
    response = await self.feed_update(bot, update, **kwargs)
               ^^^^^^^^^^^^^^^^^^^^^^^^^^^^^^^^^^^^^^^^^^^^^
  File "C:\Users\ANUBIS PC\Desktop\parsing PE411\delivery_bot\venv\Lib\site-packages\aiogram\dispatcher\dispatcher.py", line 158, in feed_update
    response = await self.update.wrap_outer_middleware(
               ^^^^^^^^^^^^^^^^^^^^^^^^^^^^^^^^^^^^^^^^
    ...<7 lines>...
    )
    ^
  File "C:\Users\ANUBIS PC\Desktop\parsing PE411\delivery_bot\venv\Lib\site-packages\aiogram\dispatcher\middlewares\error.py", line 25, in __call__
    return await handler(event, data)
           ^^^^^^^^^^^^^^^^^^^^^^^^^^
  File "C:\Users\ANUBIS PC\Desktop\parsing PE411\delivery_bot\venv\Lib\site-packages\aiogram\dispatcher\middlewares\user_context.py", line 56, in __call__
    return await handler(event, data)
           ^^^^^^^^^^^^^^^^^^^^^^^^^^
  File "C:\Users\ANUBIS PC\Desktop\parsing PE411\delivery_bot\venv\Lib\site-packages\aiogram\fsm\middleware.py", line 42, in __call__
    return await handler(event, data)
           ^^^^^^^^^^^^^^^^^^^^^^^^^^
  File "C:\Users\ANUBIS PC\Desktop\parsing PE411\delivery_bot\venv\Lib\site-packages\aiogram\dispatcher\event\telegram.py", line 121, in trigger
    return await wrapped_inner(event, kwargs)
           ^^^^^^^^^^^^^^^^^^^^^^^^^^^^^^^^^^
  File "C:\Users\ANUBIS PC\Desktop\parsing PE411\delivery_bot\middlewares\logging.py", line 20, in __call__
    response = await handler(event, data)
               ^^^^^^^^^^^^^^^^^^^^^^^^^^
  File "C:\Users\ANUBIS PC\Desktop\parsing PE411\delivery_bot\middlewares\auth.py", line 28, in __call__
    return await handler(event, data)
           ^^^^^^^^^^^^^^^^^^^^^^^^^^
  File "C:\Users\ANUBIS PC\Desktop\parsing PE411\delivery_bot\venv\Lib\site-packages\aiogram\dispatcher\event\handler.py", line 43, in call
    return await wrapped()
           ^^^^^^^^^^^^^^^
  File "C:\Users\ANUBIS PC\Desktop\parsing PE411\delivery_bot\venv\Lib\site-packages\aiogram\dispatcher\dispatcher.py", line 276, in _listen_update
    return await self.propagate_event(update_type=update_type, event=event, **kwargs)
           ^^^^^^^^^^^^^^^^^^^^^^^^^^^^^^^^^^^^^^^^^^^^^^^^^^^^^^^^^^^^^^^^^^^^^^^^^^
  File "C:\Users\ANUBIS PC\Desktop\parsing PE411\delivery_bot\venv\Lib\site-packages\aiogram\dispatcher\router.py", line 146, in propagate_event
    return await observer.wrap_outer_middleware(_wrapped, event=event, data=kwargs)
           ^^^^^^^^^^^^^^^^^^^^^^^^^^^^^^^^^^^^^^^^^^^^^^^^^^^^^^^^^^^^^^^^^^^^^^^^
  File "C:\Users\ANUBIS PC\Desktop\parsing PE411\delivery_bot\venv\Lib\site-packages\aiogram\dispatcher\router.py", line 141, in _wrapped
    return await self._propagate_event(
           ^^^^^^^^^^^^^^^^^^^^^^^^^^^^
        observer=observer, update_type=update_type, event=telegram_event, **data
        ^^^^^^^^^^^^^^^^^^^^^^^^^^^^^^^^^^^^^^^^^^^^^^^^^^^^^^^^^^^^^^^^^^^^^^^^
    )
    ^
  File "C:\Users\ANUBIS PC\Desktop\parsing PE411\delivery_bot\venv\Lib\site-packages\aiogram\dispatcher\router.py", line 174, in _propagate_event
    response = await router.propagate_event(update_type=update_type, event=event, **kwargs)
               ^^^^^^^^^^^^^^^^^^^^^^^^^^^^^^^^^^^^^^^^^^^^^^^^^^^^^^^^^^^^^^^^^^^^^^^^^^^^
  File "C:\Users\ANUBIS PC\Desktop\parsing PE411\delivery_bot\venv\Lib\site-packages\aiogram\dispatcher\router.py", line 146, in propagate_event
    return await observer.wrap_outer_middleware(_wrapped, event=event, data=kwargs)
           ^^^^^^^^^^^^^^^^^^^^^^^^^^^^^^^^^^^^^^^^^^^^^^^^^^^^^^^^^^^^^^^^^^^^^^^^
  File "C:\Users\ANUBIS PC\Desktop\parsing PE411\delivery_bot\venv\Lib\site-packages\aiogram\dispatcher\router.py", line 141, in _wrapped
    return await self._propagate_event(
           ^^^^^^^^^^^^^^^^^^^^^^^^^^^^
        observer=observer, update_type=update_type, event=telegram_event, **data
        ^^^^^^^^^^^^^^^^^^^^^^^^^^^^^^^^^^^^^^^^^^^^^^^^^^^^^^^^^^^^^^^^^^^^^^^^
    )
    ^
  File "C:\Users\ANUBIS PC\Desktop\parsing PE411\delivery_bot\venv\Lib\site-packages\aiogram\dispatcher\router.py", line 166, in _propagate_event
    response = await observer.trigger(event, **kwargs)
               ^^^^^^^^^^^^^^^^^^^^^^^^^^^^^^^^^^^^^^^
  File "C:\Users\ANUBIS PC\Desktop\parsing PE411\delivery_bot\venv\Lib\site-packages\aiogram\dispatcher\event\telegram.py", line 121, in trigger
    return await wrapped_inner(event, kwargs)
           ^^^^^^^^^^^^^^^^^^^^^^^^^^^^^^^^^^
  File "C:\Users\ANUBIS PC\Desktop\parsing PE411\delivery_bot\venv\Lib\site-packages\aiogram\dispatcher\event\handler.py", line 43, in call
    return await wrapped()
           ^^^^^^^^^^^^^^^
  File "C:\Users\ANUBIS PC\Desktop\parsing PE411\delivery_bot\routers\menu.py", line 125, in back_handler
    category_id = int(data["category_id"])
                      ~~~~^^^^^^^^^^^^^^^
KeyError: 'category_id'
2025-11-27 20:09:59,752 - INFO - Update id=946294963 is not handled. Duration 138 ms by bot id=8200360038
2025-11-27 20:09:59,752 - ERROR - Cause exception while process update id=946294963 by bot id=8200360038
KeyError: 'category_id'
Traceback (most recent call last):
  File "C:\Users\ANUBIS PC\Desktop\parsing PE411\delivery_bot\venv\Lib\site-packages\aiogram\dispatcher\dispatcher.py", line 309, in _process_update
    response = await self.feed_update(bot, update, **kwargs)
               ^^^^^^^^^^^^^^^^^^^^^^^^^^^^^^^^^^^^^^^^^^^^^
  File "C:\Users\ANUBIS PC\Desktop\parsing PE411\delivery_bot\venv\Lib\site-packages\aiogram\dispatcher\dispatcher.py", line 158, in feed_update
    response = await self.update.wrap_outer_middleware(
               ^^^^^^^^^^^^^^^^^^^^^^^^^^^^^^^^^^^^^^^^
    ...<7 lines>...
    )
    ^
  File "C:\Users\ANUBIS PC\Desktop\parsing PE411\delivery_bot\venv\Lib\site-packages\aiogram\dispatcher\middlewares\error.py", line 25, in __call__
    return await handler(event, data)
           ^^^^^^^^^^^^^^^^^^^^^^^^^^
  File "C:\Users\ANUBIS PC\Desktop\parsing PE411\delivery_bot\venv\Lib\site-packages\aiogram\dispatcher\middlewares\user_context.py", line 56, in __call__
    return await handler(event, data)
           ^^^^^^^^^^^^^^^^^^^^^^^^^^
  File "C:\Users\ANUBIS PC\Desktop\parsing PE411\delivery_bot\venv\Lib\site-packages\aiogram\fsm\middleware.py", line 42, in __call__
    return await handler(event, data)
           ^^^^^^^^^^^^^^^^^^^^^^^^^^
  File "C:\Users\ANUBIS PC\Desktop\parsing PE411\delivery_bot\venv\Lib\site-packages\aiogram\dispatcher\event\telegram.py", line 121, in trigger
    return await wrapped_inner(event, kwargs)
           ^^^^^^^^^^^^^^^^^^^^^^^^^^^^^^^^^^
  File "C:\Users\ANUBIS PC\Desktop\parsing PE411\delivery_bot\middlewares\logging.py", line 20, in __call__
    response = await handler(event, data)
               ^^^^^^^^^^^^^^^^^^^^^^^^^^
  File "C:\Users\ANUBIS PC\Desktop\parsing PE411\delivery_bot\middlewares\auth.py", line 28, in __call__
    return await handler(event, data)
           ^^^^^^^^^^^^^^^^^^^^^^^^^^
  File "C:\Users\ANUBIS PC\Desktop\parsing PE411\delivery_bot\venv\Lib\site-packages\aiogram\dispatcher\event\handler.py", line 43, in call
    return await wrapped()
           ^^^^^^^^^^^^^^^
  File "C:\Users\ANUBIS PC\Desktop\parsing PE411\delivery_bot\venv\Lib\site-packages\aiogram\dispatcher\dispatcher.py", line 276, in _listen_update
    return await self.propagate_event(update_type=update_type, event=event, **kwargs)
           ^^^^^^^^^^^^^^^^^^^^^^^^^^^^^^^^^^^^^^^^^^^^^^^^^^^^^^^^^^^^^^^^^^^^^^^^^^
  File "C:\Users\ANUBIS PC\Desktop\parsing PE411\delivery_bot\venv\Lib\site-packages\aiogram\dispatcher\router.py", line 146, in propagate_event
    return await observer.wrap_outer_middleware(_wrapped, event=event, data=kwargs)
           ^^^^^^^^^^^^^^^^^^^^^^^^^^^^^^^^^^^^^^^^^^^^^^^^^^^^^^^^^^^^^^^^^^^^^^^^
  File "C:\Users\ANUBIS PC\Desktop\parsing PE411\delivery_bot\venv\Lib\site-packages\aiogram\dispatcher\router.py", line 141, in _wrapped
    return await self._propagate_event(
           ^^^^^^^^^^^^^^^^^^^^^^^^^^^^
        observer=observer, update_type=update_type, event=telegram_event, **data
        ^^^^^^^^^^^^^^^^^^^^^^^^^^^^^^^^^^^^^^^^^^^^^^^^^^^^^^^^^^^^^^^^^^^^^^^^
    )
    ^
  File "C:\Users\ANUBIS PC\Desktop\parsing PE411\delivery_bot\venv\Lib\site-packages\aiogram\dispatcher\router.py", line 174, in _propagate_event
    response = await router.propagate_event(update_type=update_type, event=event, **kwargs)
               ^^^^^^^^^^^^^^^^^^^^^^^^^^^^^^^^^^^^^^^^^^^^^^^^^^^^^^^^^^^^^^^^^^^^^^^^^^^^
  File "C:\Users\ANUBIS PC\Desktop\parsing PE411\delivery_bot\venv\Lib\site-packages\aiogram\dispatcher\router.py", line 146, in propagate_event
    return await observer.wrap_outer_middleware(_wrapped, event=event, data=kwargs)
           ^^^^^^^^^^^^^^^^^^^^^^^^^^^^^^^^^^^^^^^^^^^^^^^^^^^^^^^^^^^^^^^^^^^^^^^^
  File "C:\Users\ANUBIS PC\Desktop\parsing PE411\delivery_bot\venv\Lib\site-packages\aiogram\dispatcher\router.py", line 141, in _wrapped
    return await self._propagate_event(
           ^^^^^^^^^^^^^^^^^^^^^^^^^^^^
        observer=observer, update_type=update_type, event=telegram_event, **data
        ^^^^^^^^^^^^^^^^^^^^^^^^^^^^^^^^^^^^^^^^^^^^^^^^^^^^^^^^^^^^^^^^^^^^^^^^
    )
    ^
  File "C:\Users\ANUBIS PC\Desktop\parsing PE411\delivery_bot\venv\Lib\site-packages\aiogram\dispatcher\router.py", line 166, in _propagate_event
    response = await observer.trigger(event, **kwargs)
               ^^^^^^^^^^^^^^^^^^^^^^^^^^^^^^^^^^^^^^^
  File "C:\Users\ANUBIS PC\Desktop\parsing PE411\delivery_bot\venv\Lib\site-packages\aiogram\dispatcher\event\telegram.py", line 121, in trigger
    return await wrapped_inner(event, kwargs)
           ^^^^^^^^^^^^^^^^^^^^^^^^^^^^^^^^^^
  File "C:\Users\ANUBIS PC\Desktop\parsing PE411\delivery_bot\venv\Lib\site-packages\aiogram\dispatcher\event\handler.py", line 43, in call
    return await wrapped()
           ^^^^^^^^^^^^^^^
  File "C:\Users\ANUBIS PC\Desktop\parsing PE411\delivery_bot\routers\menu.py", line 125, in back_handler
    category_id = int(data["category_id"])
                      ~~~~^^^^^^^^^^^^^^^
KeyError: 'category_id'
2025-11-27 20:10:03,183 - INFO - Update id=946294964 is not handled. Duration 3 ms by bot id=8200360038
2025-11-27 20:10:03,183 - ERROR - Cause exception while process update id=946294964 by bot id=8200360038
KeyError: 'category_id'
Traceback (most recent call last):
  File "C:\Users\ANUBIS PC\Desktop\parsing PE411\delivery_bot\venv\Lib\site-packages\aiogram\dispatcher\dispatcher.py", line 309, in _process_update
    response = await self.feed_update(bot, update, **kwargs)
               ^^^^^^^^^^^^^^^^^^^^^^^^^^^^^^^^^^^^^^^^^^^^^
  File "C:\Users\ANUBIS PC\Desktop\parsing PE411\delivery_bot\venv\Lib\site-packages\aiogram\dispatcher\dispatcher.py", line 158, in feed_update
    response = await self.update.wrap_outer_middleware(
               ^^^^^^^^^^^^^^^^^^^^^^^^^^^^^^^^^^^^^^^^
    ...<7 lines>...
    )
    ^
  File "C:\Users\ANUBIS PC\Desktop\parsing PE411\delivery_bot\venv\Lib\site-packages\aiogram\dispatcher\middlewares\error.py", line 25, in __call__
    return await handler(event, data)
           ^^^^^^^^^^^^^^^^^^^^^^^^^^
  File "C:\Users\ANUBIS PC\Desktop\parsing PE411\delivery_bot\venv\Lib\site-packages\aiogram\dispatcher\middlewares\user_context.py", line 56, in __call__
    return await handler(event, data)
           ^^^^^^^^^^^^^^^^^^^^^^^^^^
  File "C:\Users\ANUBIS PC\Desktop\parsing PE411\delivery_bot\venv\Lib\site-packages\aiogram\fsm\middleware.py", line 42, in __call__
    return await handler(event, data)
           ^^^^^^^^^^^^^^^^^^^^^^^^^^
  File "C:\Users\ANUBIS PC\Desktop\parsing PE411\delivery_bot\venv\Lib\site-packages\aiogram\dispatcher\event\telegram.py", line 121, in trigger
    return await wrapped_inner(event, kwargs)
           ^^^^^^^^^^^^^^^^^^^^^^^^^^^^^^^^^^
  File "C:\Users\ANUBIS PC\Desktop\parsing PE411\delivery_bot\middlewares\logging.py", line 20, in __call__
    response = await handler(event, data)
               ^^^^^^^^^^^^^^^^^^^^^^^^^^
  File "C:\Users\ANUBIS PC\Desktop\parsing PE411\delivery_bot\middlewares\auth.py", line 28, in __call__
    return await handler(event, data)
           ^^^^^^^^^^^^^^^^^^^^^^^^^^
  File "C:\Users\ANUBIS PC\Desktop\parsing PE411\delivery_bot\venv\Lib\site-packages\aiogram\dispatcher\event\handler.py", line 43, in call
    return await wrapped()
           ^^^^^^^^^^^^^^^
  File "C:\Users\ANUBIS PC\Desktop\parsing PE411\delivery_bot\venv\Lib\site-packages\aiogram\dispatcher\dispatcher.py", line 276, in _listen_update
    return await self.propagate_event(update_type=update_type, event=event, **kwargs)
           ^^^^^^^^^^^^^^^^^^^^^^^^^^^^^^^^^^^^^^^^^^^^^^^^^^^^^^^^^^^^^^^^^^^^^^^^^^
  File "C:\Users\ANUBIS PC\Desktop\parsing PE411\delivery_bot\venv\Lib\site-packages\aiogram\dispatcher\router.py", line 146, in propagate_event
    return await observer.wrap_outer_middleware(_wrapped, event=event, data=kwargs)
           ^^^^^^^^^^^^^^^^^^^^^^^^^^^^^^^^^^^^^^^^^^^^^^^^^^^^^^^^^^^^^^^^^^^^^^^^
  File "C:\Users\ANUBIS PC\Desktop\parsing PE411\delivery_bot\venv\Lib\site-packages\aiogram\dispatcher\router.py", line 141, in _wrapped
    return await self._propagate_event(
           ^^^^^^^^^^^^^^^^^^^^^^^^^^^^
        observer=observer, update_type=update_type, event=telegram_event, **data
        ^^^^^^^^^^^^^^^^^^^^^^^^^^^^^^^^^^^^^^^^^^^^^^^^^^^^^^^^^^^^^^^^^^^^^^^^
    )
    ^
  File "C:\Users\ANUBIS PC\Desktop\parsing PE411\delivery_bot\venv\Lib\site-packages\aiogram\dispatcher\router.py", line 174, in _propagate_event
    response = await router.propagate_event(update_type=update_type, event=event, **kwargs)
               ^^^^^^^^^^^^^^^^^^^^^^^^^^^^^^^^^^^^^^^^^^^^^^^^^^^^^^^^^^^^^^^^^^^^^^^^^^^^
  File "C:\Users\ANUBIS PC\Desktop\parsing PE411\delivery_bot\venv\Lib\site-packages\aiogram\dispatcher\router.py", line 146, in propagate_event
    return await observer.wrap_outer_middleware(_wrapped, event=event, data=kwargs)
           ^^^^^^^^^^^^^^^^^^^^^^^^^^^^^^^^^^^^^^^^^^^^^^^^^^^^^^^^^^^^^^^^^^^^^^^^
  File "C:\Users\ANUBIS PC\Desktop\parsing PE411\delivery_bot\venv\Lib\site-packages\aiogram\dispatcher\router.py", line 141, in _wrapped
    return await self._propagate_event(
           ^^^^^^^^^^^^^^^^^^^^^^^^^^^^
        observer=observer, update_type=update_type, event=telegram_event, **data
        ^^^^^^^^^^^^^^^^^^^^^^^^^^^^^^^^^^^^^^^^^^^^^^^^^^^^^^^^^^^^^^^^^^^^^^^^
    )
    ^
  File "C:\Users\ANUBIS PC\Desktop\parsing PE411\delivery_bot\venv\Lib\site-packages\aiogram\dispatcher\router.py", line 166, in _propagate_event
    response = await observer.trigger(event, **kwargs)
               ^^^^^^^^^^^^^^^^^^^^^^^^^^^^^^^^^^^^^^^
  File "C:\Users\ANUBIS PC\Desktop\parsing PE411\delivery_bot\venv\Lib\site-packages\aiogram\dispatcher\event\telegram.py", line 121, in trigger
    return await wrapped_inner(event, kwargs)
           ^^^^^^^^^^^^^^^^^^^^^^^^^^^^^^^^^^
  File "C:\Users\ANUBIS PC\Desktop\parsing PE411\delivery_bot\venv\Lib\site-packages\aiogram\dispatcher\event\handler.py", line 43, in call
    return await wrapped()
           ^^^^^^^^^^^^^^^
  File "C:\Users\ANUBIS PC\Desktop\parsing PE411\delivery_bot\routers\menu.py", line 125, in back_handler
    category_id = int(data["category_id"])
                      ~~~~^^^^^^^^^^^^^^^
KeyError: 'category_id'
2025-11-27 20:10:04,113 - INFO - Update id=946294965 is not handled. Duration 4 ms by bot id=8200360038
2025-11-27 20:10:04,113 - ERROR - Cause exception while process update id=946294965 by bot id=8200360038
KeyError: 'category_id'
Traceback (most recent call last):
  File "C:\Users\ANUBIS PC\Desktop\parsing PE411\delivery_bot\venv\Lib\site-packages\aiogram\dispatcher\dispatcher.py", line 309, in _process_update
    response = await self.feed_update(bot, update, **kwargs)
               ^^^^^^^^^^^^^^^^^^^^^^^^^^^^^^^^^^^^^^^^^^^^^
  File "C:\Users\ANUBIS PC\Desktop\parsing PE411\delivery_bot\venv\Lib\site-packages\aiogram\dispatcher\dispatcher.py", line 158, in feed_update
    response = await self.update.wrap_outer_middleware(
               ^^^^^^^^^^^^^^^^^^^^^^^^^^^^^^^^^^^^^^^^
    ...<7 lines>...
    )
    ^
  File "C:\Users\ANUBIS PC\Desktop\parsing PE411\delivery_bot\venv\Lib\site-packages\aiogram\dispatcher\middlewares\error.py", line 25, in __call__
    return await handler(event, data)
           ^^^^^^^^^^^^^^^^^^^^^^^^^^
  File "C:\Users\ANUBIS PC\Desktop\parsing PE411\delivery_bot\venv\Lib\site-packages\aiogram\dispatcher\middlewares\user_context.py", line 56, in __call__
    return await handler(event, data)
           ^^^^^^^^^^^^^^^^^^^^^^^^^^
  File "C:\Users\ANUBIS PC\Desktop\parsing PE411\delivery_bot\venv\Lib\site-packages\aiogram\fsm\middleware.py", line 42, in __call__
    return await handler(event, data)
           ^^^^^^^^^^^^^^^^^^^^^^^^^^
  File "C:\Users\ANUBIS PC\Desktop\parsing PE411\delivery_bot\venv\Lib\site-packages\aiogram\dispatcher\event\telegram.py", line 121, in trigger
    return await wrapped_inner(event, kwargs)
           ^^^^^^^^^^^^^^^^^^^^^^^^^^^^^^^^^^
  File "C:\Users\ANUBIS PC\Desktop\parsing PE411\delivery_bot\middlewares\logging.py", line 20, in __call__
    response = await handler(event, data)
               ^^^^^^^^^^^^^^^^^^^^^^^^^^
  File "C:\Users\ANUBIS PC\Desktop\parsing PE411\delivery_bot\middlewares\auth.py", line 28, in __call__
    return await handler(event, data)
           ^^^^^^^^^^^^^^^^^^^^^^^^^^
  File "C:\Users\ANUBIS PC\Desktop\parsing PE411\delivery_bot\venv\Lib\site-packages\aiogram\dispatcher\event\handler.py", line 43, in call
    return await wrapped()
           ^^^^^^^^^^^^^^^
  File "C:\Users\ANUBIS PC\Desktop\parsing PE411\delivery_bot\venv\Lib\site-packages\aiogram\dispatcher\dispatcher.py", line 276, in _listen_update
    return await self.propagate_event(update_type=update_type, event=event, **kwargs)
           ^^^^^^^^^^^^^^^^^^^^^^^^^^^^^^^^^^^^^^^^^^^^^^^^^^^^^^^^^^^^^^^^^^^^^^^^^^
  File "C:\Users\ANUBIS PC\Desktop\parsing PE411\delivery_bot\venv\Lib\site-packages\aiogram\dispatcher\router.py", line 146, in propagate_event
    return await observer.wrap_outer_middleware(_wrapped, event=event, data=kwargs)
           ^^^^^^^^^^^^^^^^^^^^^^^^^^^^^^^^^^^^^^^^^^^^^^^^^^^^^^^^^^^^^^^^^^^^^^^^
  File "C:\Users\ANUBIS PC\Desktop\parsing PE411\delivery_bot\venv\Lib\site-packages\aiogram\dispatcher\router.py", line 141, in _wrapped
    return await self._propagate_event(
           ^^^^^^^^^^^^^^^^^^^^^^^^^^^^
        observer=observer, update_type=update_type, event=telegram_event, **data
        ^^^^^^^^^^^^^^^^^^^^^^^^^^^^^^^^^^^^^^^^^^^^^^^^^^^^^^^^^^^^^^^^^^^^^^^^
    )
    ^
  File "C:\Users\ANUBIS PC\Desktop\parsing PE411\delivery_bot\venv\Lib\site-packages\aiogram\dispatcher\router.py", line 174, in _propagate_event
    response = await router.propagate_event(update_type=update_type, event=event, **kwargs)
               ^^^^^^^^^^^^^^^^^^^^^^^^^^^^^^^^^^^^^^^^^^^^^^^^^^^^^^^^^^^^^^^^^^^^^^^^^^^^
  File "C:\Users\ANUBIS PC\Desktop\parsing PE411\delivery_bot\venv\Lib\site-packages\aiogram\dispatcher\router.py", line 146, in propagate_event
    return await observer.wrap_outer_middleware(_wrapped, event=event, data=kwargs)
           ^^^^^^^^^^^^^^^^^^^^^^^^^^^^^^^^^^^^^^^^^^^^^^^^^^^^^^^^^^^^^^^^^^^^^^^^
  File "C:\Users\ANUBIS PC\Desktop\parsing PE411\delivery_bot\venv\Lib\site-packages\aiogram\dispatcher\router.py", line 141, in _wrapped
    return await self._propagate_event(
           ^^^^^^^^^^^^^^^^^^^^^^^^^^^^
        observer=observer, update_type=update_type, event=telegram_event, **data
        ^^^^^^^^^^^^^^^^^^^^^^^^^^^^^^^^^^^^^^^^^^^^^^^^^^^^^^^^^^^^^^^^^^^^^^^^
    )
    ^
  File "C:\Users\ANUBIS PC\Desktop\parsing PE411\delivery_bot\venv\Lib\site-packages\aiogram\dispatcher\router.py", line 166, in _propagate_event
    response = await observer.trigger(event, **kwargs)
               ^^^^^^^^^^^^^^^^^^^^^^^^^^^^^^^^^^^^^^^
  File "C:\Users\ANUBIS PC\Desktop\parsing PE411\delivery_bot\venv\Lib\site-packages\aiogram\dispatcher\event\telegram.py", line 121, in trigger
    return await wrapped_inner(event, kwargs)
           ^^^^^^^^^^^^^^^^^^^^^^^^^^^^^^^^^^
  File "C:\Users\ANUBIS PC\Desktop\parsing PE411\delivery_bot\venv\Lib\site-packages\aiogram\dispatcher\event\handler.py", line 43, in call
    return await wrapped()
           ^^^^^^^^^^^^^^^
  File "C:\Users\ANUBIS PC\Desktop\parsing PE411\delivery_bot\routers\menu.py", line 125, in back_handler
    category_id = int(data["category_id"])
                      ~~~~^^^^^^^^^^^^^^^
KeyError: 'category_id'
2025-11-27 20:10:09,100 - INFO - Update id=946294966 is not handled. Duration 4 ms by bot id=8200360038
2025-11-27 20:10:09,101 - ERROR - Cause exception while process update id=946294966 by bot id=8200360038
KeyError: 'category_id'
Traceback (most recent call last):
  File "C:\Users\ANUBIS PC\Desktop\parsing PE411\delivery_bot\venv\Lib\site-packages\aiogram\dispatcher\dispatcher.py", line 309, in _process_update
    response = await self.feed_update(bot, update, **kwargs)
               ^^^^^^^^^^^^^^^^^^^^^^^^^^^^^^^^^^^^^^^^^^^^^
  File "C:\Users\ANUBIS PC\Desktop\parsing PE411\delivery_bot\venv\Lib\site-packages\aiogram\dispatcher\dispatcher.py", line 158, in feed_update
    response = await self.update.wrap_outer_middleware(
               ^^^^^^^^^^^^^^^^^^^^^^^^^^^^^^^^^^^^^^^^
    ...<7 lines>...
    )
    ^
  File "C:\Users\ANUBIS PC\Desktop\parsing PE411\delivery_bot\venv\Lib\site-packages\aiogram\dispatcher\middlewares\error.py", line 25, in __call__
    return await handler(event, data)
           ^^^^^^^^^^^^^^^^^^^^^^^^^^
  File "C:\Users\ANUBIS PC\Desktop\parsing PE411\delivery_bot\venv\Lib\site-packages\aiogram\dispatcher\middlewares\user_context.py", line 56, in __call__
    return await handler(event, data)
           ^^^^^^^^^^^^^^^^^^^^^^^^^^
  File "C:\Users\ANUBIS PC\Desktop\parsing PE411\delivery_bot\venv\Lib\site-packages\aiogram\fsm\middleware.py", line 42, in __call__
    return await handler(event, data)
           ^^^^^^^^^^^^^^^^^^^^^^^^^^
  File "C:\Users\ANUBIS PC\Desktop\parsing PE411\delivery_bot\venv\Lib\site-packages\aiogram\dispatcher\event\telegram.py", line 121, in trigger
    return await wrapped_inner(event, kwargs)
           ^^^^^^^^^^^^^^^^^^^^^^^^^^^^^^^^^^
  File "C:\Users\ANUBIS PC\Desktop\parsing PE411\delivery_bot\middlewares\logging.py", line 20, in __call__
    response = await handler(event, data)
               ^^^^^^^^^^^^^^^^^^^^^^^^^^
  File "C:\Users\ANUBIS PC\Desktop\parsing PE411\delivery_bot\middlewares\auth.py", line 28, in __call__
    return await handler(event, data)
           ^^^^^^^^^^^^^^^^^^^^^^^^^^
  File "C:\Users\ANUBIS PC\Desktop\parsing PE411\delivery_bot\venv\Lib\site-packages\aiogram\dispatcher\event\handler.py", line 43, in call
    return await wrapped()
           ^^^^^^^^^^^^^^^
  File "C:\Users\ANUBIS PC\Desktop\parsing PE411\delivery_bot\venv\Lib\site-packages\aiogram\dispatcher\dispatcher.py", line 276, in _listen_update
    return await self.propagate_event(update_type=update_type, event=event, **kwargs)
           ^^^^^^^^^^^^^^^^^^^^^^^^^^^^^^^^^^^^^^^^^^^^^^^^^^^^^^^^^^^^^^^^^^^^^^^^^^
  File "C:\Users\ANUBIS PC\Desktop\parsing PE411\delivery_bot\venv\Lib\site-packages\aiogram\dispatcher\router.py", line 146, in propagate_event
    return await observer.wrap_outer_middleware(_wrapped, event=event, data=kwargs)
           ^^^^^^^^^^^^^^^^^^^^^^^^^^^^^^^^^^^^^^^^^^^^^^^^^^^^^^^^^^^^^^^^^^^^^^^^
  File "C:\Users\ANUBIS PC\Desktop\parsing PE411\delivery_bot\venv\Lib\site-packages\aiogram\dispatcher\router.py", line 141, in _wrapped
    return await self._propagate_event(
           ^^^^^^^^^^^^^^^^^^^^^^^^^^^^
        observer=observer, update_type=update_type, event=telegram_event, **data
        ^^^^^^^^^^^^^^^^^^^^^^^^^^^^^^^^^^^^^^^^^^^^^^^^^^^^^^^^^^^^^^^^^^^^^^^^
    )
    ^
  File "C:\Users\ANUBIS PC\Desktop\parsing PE411\delivery_bot\venv\Lib\site-packages\aiogram\dispatcher\router.py", line 174, in _propagate_event
    response = await router.propagate_event(update_type=update_type, event=event, **kwargs)
               ^^^^^^^^^^^^^^^^^^^^^^^^^^^^^^^^^^^^^^^^^^^^^^^^^^^^^^^^^^^^^^^^^^^^^^^^^^^^
  File "C:\Users\ANUBIS PC\Desktop\parsing PE411\delivery_bot\venv\Lib\site-packages\aiogram\dispatcher\router.py", line 146, in propagate_event
    return await observer.wrap_outer_middleware(_wrapped, event=event, data=kwargs)
           ^^^^^^^^^^^^^^^^^^^^^^^^^^^^^^^^^^^^^^^^^^^^^^^^^^^^^^^^^^^^^^^^^^^^^^^^
  File "C:\Users\ANUBIS PC\Desktop\parsing PE411\delivery_bot\venv\Lib\site-packages\aiogram\dispatcher\router.py", line 141, in _wrapped
    return await self._propagate_event(
           ^^^^^^^^^^^^^^^^^^^^^^^^^^^^
        observer=observer, update_type=update_type, event=telegram_event, **data
        ^^^^^^^^^^^^^^^^^^^^^^^^^^^^^^^^^^^^^^^^^^^^^^^^^^^^^^^^^^^^^^^^^^^^^^^^
    )
    ^
  File "C:\Users\ANUBIS PC\Desktop\parsing PE411\delivery_bot\venv\Lib\site-packages\aiogram\dispatcher\router.py", line 166, in _propagate_event
    response = await observer.trigger(event, **kwargs)
               ^^^^^^^^^^^^^^^^^^^^^^^^^^^^^^^^^^^^^^^
  File "C:\Users\ANUBIS PC\Desktop\parsing PE411\delivery_bot\venv\Lib\site-packages\aiogram\dispatcher\event\telegram.py", line 121, in trigger
    return await wrapped_inner(event, kwargs)
           ^^^^^^^^^^^^^^^^^^^^^^^^^^^^^^^^^^
  File "C:\Users\ANUBIS PC\Desktop\parsing PE411\delivery_bot\venv\Lib\site-packages\aiogram\dispatcher\event\handler.py", line 43, in call
    return await wrapped()
           ^^^^^^^^^^^^^^^
  File "C:\Users\ANUBIS PC\Desktop\parsing PE411\delivery_bot\routers\menu.py", line 125, in back_handler
    category_id = int(data["category_id"])
                      ~~~~^^^^^^^^^^^^^^^
KeyError: 'category_id'
2025-11-27 20:10:11,078 - INFO - Update id=946294967 is not handled. Duration 3 ms by bot id=8200360038
2025-11-27 20:10:11,078 - ERROR - Cause exception while process update id=946294967 by bot id=8200360038
KeyError: 'category_id'
Traceback (most recent call last):
  File "C:\Users\ANUBIS PC\Desktop\parsing PE411\delivery_bot\venv\Lib\site-packages\aiogram\dispatcher\dispatcher.py", line 309, in _process_update
    response = await self.feed_update(bot, update, **kwargs)
               ^^^^^^^^^^^^^^^^^^^^^^^^^^^^^^^^^^^^^^^^^^^^^
  File "C:\Users\ANUBIS PC\Desktop\parsing PE411\delivery_bot\venv\Lib\site-packages\aiogram\dispatcher\dispatcher.py", line 158, in feed_update
    response = await self.update.wrap_outer_middleware(
               ^^^^^^^^^^^^^^^^^^^^^^^^^^^^^^^^^^^^^^^^
    ...<7 lines>...
    )
    ^
  File "C:\Users\ANUBIS PC\Desktop\parsing PE411\delivery_bot\venv\Lib\site-packages\aiogram\dispatcher\middlewares\error.py", line 25, in __call__
    return await handler(event, data)
           ^^^^^^^^^^^^^^^^^^^^^^^^^^
  File "C:\Users\ANUBIS PC\Desktop\parsing PE411\delivery_bot\venv\Lib\site-packages\aiogram\dispatcher\middlewares\user_context.py", line 56, in __call__
    return await handler(event, data)
           ^^^^^^^^^^^^^^^^^^^^^^^^^^
  File "C:\Users\ANUBIS PC\Desktop\parsing PE411\delivery_bot\venv\Lib\site-packages\aiogram\fsm\middleware.py", line 42, in __call__
    return await handler(event, data)
           ^^^^^^^^^^^^^^^^^^^^^^^^^^
  File "C:\Users\ANUBIS PC\Desktop\parsing PE411\delivery_bot\venv\Lib\site-packages\aiogram\dispatcher\event\telegram.py", line 121, in trigger
    return await wrapped_inner(event, kwargs)
           ^^^^^^^^^^^^^^^^^^^^^^^^^^^^^^^^^^
  File "C:\Users\ANUBIS PC\Desktop\parsing PE411\delivery_bot\middlewares\logging.py", line 20, in __call__
    response = await handler(event, data)
               ^^^^^^^^^^^^^^^^^^^^^^^^^^
  File "C:\Users\ANUBIS PC\Desktop\parsing PE411\delivery_bot\middlewares\auth.py", line 28, in __call__
    return await handler(event, data)
           ^^^^^^^^^^^^^^^^^^^^^^^^^^
  File "C:\Users\ANUBIS PC\Desktop\parsing PE411\delivery_bot\venv\Lib\site-packages\aiogram\dispatcher\event\handler.py", line 43, in call
    return await wrapped()
           ^^^^^^^^^^^^^^^
  File "C:\Users\ANUBIS PC\Desktop\parsing PE411\delivery_bot\venv\Lib\site-packages\aiogram\dispatcher\dispatcher.py", line 276, in _listen_update
    return await self.propagate_event(update_type=update_type, event=event, **kwargs)
           ^^^^^^^^^^^^^^^^^^^^^^^^^^^^^^^^^^^^^^^^^^^^^^^^^^^^^^^^^^^^^^^^^^^^^^^^^^
  File "C:\Users\ANUBIS PC\Desktop\parsing PE411\delivery_bot\venv\Lib\site-packages\aiogram\dispatcher\router.py", line 146, in propagate_event
    return await observer.wrap_outer_middleware(_wrapped, event=event, data=kwargs)
           ^^^^^^^^^^^^^^^^^^^^^^^^^^^^^^^^^^^^^^^^^^^^^^^^^^^^^^^^^^^^^^^^^^^^^^^^
  File "C:\Users\ANUBIS PC\Desktop\parsing PE411\delivery_bot\venv\Lib\site-packages\aiogram\dispatcher\router.py", line 141, in _wrapped
    return await self._propagate_event(
           ^^^^^^^^^^^^^^^^^^^^^^^^^^^^
        observer=observer, update_type=update_type, event=telegram_event, **data
        ^^^^^^^^^^^^^^^^^^^^^^^^^^^^^^^^^^^^^^^^^^^^^^^^^^^^^^^^^^^^^^^^^^^^^^^^
    )
    ^
  File "C:\Users\ANUBIS PC\Desktop\parsing PE411\delivery_bot\venv\Lib\site-packages\aiogram\dispatcher\router.py", line 174, in _propagate_event
    response = await router.propagate_event(update_type=update_type, event=event, **kwargs)
               ^^^^^^^^^^^^^^^^^^^^^^^^^^^^^^^^^^^^^^^^^^^^^^^^^^^^^^^^^^^^^^^^^^^^^^^^^^^^
  File "C:\Users\ANUBIS PC\Desktop\parsing PE411\delivery_bot\venv\Lib\site-packages\aiogram\dispatcher\router.py", line 146, in propagate_event
    return await observer.wrap_outer_middleware(_wrapped, event=event, data=kwargs)
           ^^^^^^^^^^^^^^^^^^^^^^^^^^^^^^^^^^^^^^^^^^^^^^^^^^^^^^^^^^^^^^^^^^^^^^^^
  File "C:\Users\ANUBIS PC\Desktop\parsing PE411\delivery_bot\venv\Lib\site-packages\aiogram\dispatcher\router.py", line 141, in _wrapped
    return await self._propagate_event(
           ^^^^^^^^^^^^^^^^^^^^^^^^^^^^
        observer=observer, update_type=update_type, event=telegram_event, **data
        ^^^^^^^^^^^^^^^^^^^^^^^^^^^^^^^^^^^^^^^^^^^^^^^^^^^^^^^^^^^^^^^^^^^^^^^^
    )
    ^
  File "C:\Users\ANUBIS PC\Desktop\parsing PE411\delivery_bot\venv\Lib\site-packages\aiogram\dispatcher\router.py", line 166, in _propagate_event
    response = await observer.trigger(event, **kwargs)
               ^^^^^^^^^^^^^^^^^^^^^^^^^^^^^^^^^^^^^^^
  File "C:\Users\ANUBIS PC\Desktop\parsing PE411\delivery_bot\venv\Lib\site-packages\aiogram\dispatcher\event\telegram.py", line 121, in trigger
    return await wrapped_inner(event, kwargs)
           ^^^^^^^^^^^^^^^^^^^^^^^^^^^^^^^^^^
  File "C:\Users\ANUBIS PC\Desktop\parsing PE411\delivery_bot\venv\Lib\site-packages\aiogram\dispatcher\event\handler.py", line 43, in call
    return await wrapped()
           ^^^^^^^^^^^^^^^
  File "C:\Users\ANUBIS PC\Desktop\parsing PE411\delivery_bot\routers\menu.py", line 125, in back_handler
    category_id = int(data["category_id"])
                      ~~~~^^^^^^^^^^^^^^^
KeyError: 'category_id'
2025-11-27 20:10:12,662 - INFO - MESSAGE: 134.19771194458008ms
2025-11-27 20:10:12,662 - INFO - Update id=946294968 is handled. Duration 134 ms by bot id=8200360038
2025-11-27 20:10:13,905 - INFO - CALLBACK: 129.852294921875ms
2025-11-27 20:10:13,905 - INFO - Update id=946294969 is handled. Duration 130 ms by bot id=8200360038
2025-11-27 20:10:15,292 - INFO - CALLBACK: 142.11487770080566ms
2025-11-27 20:10:15,292 - INFO - Update id=946294970 is handled. Duration 142 ms by bot id=8200360038
2025-11-27 20:10:16,381 - INFO - CALLBACK: 273.4534740447998ms
2025-11-27 20:10:16,382 - INFO - Update id=946294971 is handled. Duration 274 ms by bot id=8200360038
2025-11-27 20:10:18,893 - INFO - Update id=946294972 is not handled. Duration 4 ms by bot id=8200360038
2025-11-27 20:10:18,893 - ERROR - Cause exception while process update id=946294972 by bot id=8200360038
KeyError: 'category_id'
Traceback (most recent call last):
  File "C:\Users\ANUBIS PC\Desktop\parsing PE411\delivery_bot\venv\Lib\site-packages\aiogram\dispatcher\dispatcher.py", line 309, in _process_update
    response = await self.feed_update(bot, update, **kwargs)
               ^^^^^^^^^^^^^^^^^^^^^^^^^^^^^^^^^^^^^^^^^^^^^
  File "C:\Users\ANUBIS PC\Desktop\parsing PE411\delivery_bot\venv\Lib\site-packages\aiogram\dispatcher\dispatcher.py", line 158, in feed_update
    response = await self.update.wrap_outer_middleware(
               ^^^^^^^^^^^^^^^^^^^^^^^^^^^^^^^^^^^^^^^^
    ...<7 lines>...
    )
    ^
  File "C:\Users\ANUBIS PC\Desktop\parsing PE411\delivery_bot\venv\Lib\site-packages\aiogram\dispatcher\middlewares\error.py", line 25, in __call__
    return await handler(event, data)
           ^^^^^^^^^^^^^^^^^^^^^^^^^^
  File "C:\Users\ANUBIS PC\Desktop\parsing PE411\delivery_bot\venv\Lib\site-packages\aiogram\dispatcher\middlewares\user_context.py", line 56, in __call__
    return await handler(event, data)
           ^^^^^^^^^^^^^^^^^^^^^^^^^^
  File "C:\Users\ANUBIS PC\Desktop\parsing PE411\delivery_bot\venv\Lib\site-packages\aiogram\fsm\middleware.py", line 42, in __call__
    return await handler(event, data)
           ^^^^^^^^^^^^^^^^^^^^^^^^^^
  File "C:\Users\ANUBIS PC\Desktop\parsing PE411\delivery_bot\venv\Lib\site-packages\aiogram\dispatcher\event\telegram.py", line 121, in trigger
    return await wrapped_inner(event, kwargs)
           ^^^^^^^^^^^^^^^^^^^^^^^^^^^^^^^^^^
  File "C:\Users\ANUBIS PC\Desktop\parsing PE411\delivery_bot\middlewares\logging.py", line 20, in __call__
    response = await handler(event, data)
               ^^^^^^^^^^^^^^^^^^^^^^^^^^
  File "C:\Users\ANUBIS PC\Desktop\parsing PE411\delivery_bot\middlewares\auth.py", line 28, in __call__
    return await handler(event, data)
           ^^^^^^^^^^^^^^^^^^^^^^^^^^
  File "C:\Users\ANUBIS PC\Desktop\parsing PE411\delivery_bot\venv\Lib\site-packages\aiogram\dispatcher\event\handler.py", line 43, in call
    return await wrapped()
           ^^^^^^^^^^^^^^^
  File "C:\Users\ANUBIS PC\Desktop\parsing PE411\delivery_bot\venv\Lib\site-packages\aiogram\dispatcher\dispatcher.py", line 276, in _listen_update
    return await self.propagate_event(update_type=update_type, event=event, **kwargs)
           ^^^^^^^^^^^^^^^^^^^^^^^^^^^^^^^^^^^^^^^^^^^^^^^^^^^^^^^^^^^^^^^^^^^^^^^^^^
  File "C:\Users\ANUBIS PC\Desktop\parsing PE411\delivery_bot\venv\Lib\site-packages\aiogram\dispatcher\router.py", line 146, in propagate_event
    return await observer.wrap_outer_middleware(_wrapped, event=event, data=kwargs)
           ^^^^^^^^^^^^^^^^^^^^^^^^^^^^^^^^^^^^^^^^^^^^^^^^^^^^^^^^^^^^^^^^^^^^^^^^
  File "C:\Users\ANUBIS PC\Desktop\parsing PE411\delivery_bot\venv\Lib\site-packages\aiogram\dispatcher\router.py", line 141, in _wrapped
    return await self._propagate_event(
           ^^^^^^^^^^^^^^^^^^^^^^^^^^^^
        observer=observer, update_type=update_type, event=telegram_event, **data
        ^^^^^^^^^^^^^^^^^^^^^^^^^^^^^^^^^^^^^^^^^^^^^^^^^^^^^^^^^^^^^^^^^^^^^^^^
    )
    ^
  File "C:\Users\ANUBIS PC\Desktop\parsing PE411\delivery_bot\venv\Lib\site-packages\aiogram\dispatcher\router.py", line 174, in _propagate_event
    response = await router.propagate_event(update_type=update_type, event=event, **kwargs)
               ^^^^^^^^^^^^^^^^^^^^^^^^^^^^^^^^^^^^^^^^^^^^^^^^^^^^^^^^^^^^^^^^^^^^^^^^^^^^
  File "C:\Users\ANUBIS PC\Desktop\parsing PE411\delivery_bot\venv\Lib\site-packages\aiogram\dispatcher\router.py", line 146, in propagate_event
    return await observer.wrap_outer_middleware(_wrapped, event=event, data=kwargs)
           ^^^^^^^^^^^^^^^^^^^^^^^^^^^^^^^^^^^^^^^^^^^^^^^^^^^^^^^^^^^^^^^^^^^^^^^^
  File "C:\Users\ANUBIS PC\Desktop\parsing PE411\delivery_bot\venv\Lib\site-packages\aiogram\dispatcher\router.py", line 141, in _wrapped
    return await self._propagate_event(
           ^^^^^^^^^^^^^^^^^^^^^^^^^^^^
        observer=observer, update_type=update_type, event=telegram_event, **data
        ^^^^^^^^^^^^^^^^^^^^^^^^^^^^^^^^^^^^^^^^^^^^^^^^^^^^^^^^^^^^^^^^^^^^^^^^
    )
    ^
  File "C:\Users\ANUBIS PC\Desktop\parsing PE411\delivery_bot\venv\Lib\site-packages\aiogram\dispatcher\router.py", line 166, in _propagate_event
    response = await observer.trigger(event, **kwargs)
               ^^^^^^^^^^^^^^^^^^^^^^^^^^^^^^^^^^^^^^^
  File "C:\Users\ANUBIS PC\Desktop\parsing PE411\delivery_bot\venv\Lib\site-packages\aiogram\dispatcher\event\telegram.py", line 121, in trigger
    return await wrapped_inner(event, kwargs)
           ^^^^^^^^^^^^^^^^^^^^^^^^^^^^^^^^^^
  File "C:\Users\ANUBIS PC\Desktop\parsing PE411\delivery_bot\venv\Lib\site-packages\aiogram\dispatcher\event\handler.py", line 43, in call
    return await wrapped()
           ^^^^^^^^^^^^^^^
  File "C:\Users\ANUBIS PC\Desktop\parsing PE411\delivery_bot\routers\menu.py", line 125, in back_handler
    category_id = int(data["category_id"])
                      ~~~~^^^^^^^^^^^^^^^
KeyError: 'category_id'
2025-11-27 20:10:46,802 - INFO - Polling stopped
2025-11-27 20:10:46,803 - ERROR - Failed to fetch updates - TelegramNetworkError: HTTP Client says - ServerDisconnectedError: Server disconnected
2025-11-27 20:10:46,803 - WARNING - Sleep for 1.000000 seconds and try again... (tryings = 0, bot id = 8200360038)
2025-11-27 20:10:47,064 - INFO - Polling stopped for bot @pe411_bot id=8200360038 - 'pe411'
2025-11-27 20:10:54,187 - INFO - MESSAGE: 771.9011306762695ms
2025-11-27 20:10:54,188 - INFO - Update id=946294973 is handled. Duration 773 ms by bot id=8200360038
2025-11-27 20:10:56,225 - INFO - CALLBACK: 735.5465888977051ms
2025-11-27 20:10:56,225 - INFO - Update id=946294974 is handled. Duration 736 ms by bot id=8200360038
2025-11-27 20:10:57,737 - INFO - CALLBACK: 136.54685020446777ms
2025-11-27 20:10:57,737 - INFO - Update id=946294975 is handled. Duration 137 ms by bot id=8200360038
2025-11-27 20:10:58,955 - INFO - CALLBACK: 252.49862670898438ms
2025-11-27 20:10:58,955 - INFO - Update id=946294976 is handled. Duration 253 ms by bot id=8200360038
2025-11-27 20:11:00,567 - INFO - Update id=946294977 is not handled. Duration 225 ms by bot id=8200360038
2025-11-27 20:11:00,568 - ERROR - Cause exception while process update id=946294977 by bot id=8200360038
TelegramBadRequest: Telegram server says - Bad Request: message to edit not found
Traceback (most recent call last):
  File "C:\Users\ANUBIS PC\Desktop\parsing PE411\delivery_bot\venv\Lib\site-packages\aiogram\dispatcher\dispatcher.py", line 309, in _process_update
    response = await self.feed_update(bot, update, **kwargs)
               ^^^^^^^^^^^^^^^^^^^^^^^^^^^^^^^^^^^^^^^^^^^^^
  File "C:\Users\ANUBIS PC\Desktop\parsing PE411\delivery_bot\venv\Lib\site-packages\aiogram\dispatcher\dispatcher.py", line 158, in feed_update
    response = await self.update.wrap_outer_middleware(
               ^^^^^^^^^^^^^^^^^^^^^^^^^^^^^^^^^^^^^^^^
    ...<7 lines>...
    )
    ^
  File "C:\Users\ANUBIS PC\Desktop\parsing PE411\delivery_bot\venv\Lib\site-packages\aiogram\dispatcher\middlewares\error.py", line 25, in __call__
    return await handler(event, data)
           ^^^^^^^^^^^^^^^^^^^^^^^^^^
  File "C:\Users\ANUBIS PC\Desktop\parsing PE411\delivery_bot\venv\Lib\site-packages\aiogram\dispatcher\middlewares\user_context.py", line 56, in __call__
    return await handler(event, data)
           ^^^^^^^^^^^^^^^^^^^^^^^^^^
  File "C:\Users\ANUBIS PC\Desktop\parsing PE411\delivery_bot\venv\Lib\site-packages\aiogram\fsm\middleware.py", line 42, in __call__
    return await handler(event, data)
           ^^^^^^^^^^^^^^^^^^^^^^^^^^
  File "C:\Users\ANUBIS PC\Desktop\parsing PE411\delivery_bot\venv\Lib\site-packages\aiogram\dispatcher\event\telegram.py", line 121, in trigger
    return await wrapped_inner(event, kwargs)
           ^^^^^^^^^^^^^^^^^^^^^^^^^^^^^^^^^^
  File "C:\Users\ANUBIS PC\Desktop\parsing PE411\delivery_bot\middlewares\logging.py", line 20, in __call__
    response = await handler(event, data)
               ^^^^^^^^^^^^^^^^^^^^^^^^^^
  File "C:\Users\ANUBIS PC\Desktop\parsing PE411\delivery_bot\middlewares\auth.py", line 28, in __call__
    return await handler(event, data)
           ^^^^^^^^^^^^^^^^^^^^^^^^^^
  File "C:\Users\ANUBIS PC\Desktop\parsing PE411\delivery_bot\venv\Lib\site-packages\aiogram\dispatcher\event\handler.py", line 43, in call
    return await wrapped()
           ^^^^^^^^^^^^^^^
  File "C:\Users\ANUBIS PC\Desktop\parsing PE411\delivery_bot\venv\Lib\site-packages\aiogram\dispatcher\dispatcher.py", line 276, in _listen_update
    return await self.propagate_event(update_type=update_type, event=event, **kwargs)
           ^^^^^^^^^^^^^^^^^^^^^^^^^^^^^^^^^^^^^^^^^^^^^^^^^^^^^^^^^^^^^^^^^^^^^^^^^^
  File "C:\Users\ANUBIS PC\Desktop\parsing PE411\delivery_bot\venv\Lib\site-packages\aiogram\dispatcher\router.py", line 146, in propagate_event
    return await observer.wrap_outer_middleware(_wrapped, event=event, data=kwargs)
           ^^^^^^^^^^^^^^^^^^^^^^^^^^^^^^^^^^^^^^^^^^^^^^^^^^^^^^^^^^^^^^^^^^^^^^^^
  File "C:\Users\ANUBIS PC\Desktop\parsing PE411\delivery_bot\venv\Lib\site-packages\aiogram\dispatcher\router.py", line 141, in _wrapped
    return await self._propagate_event(
           ^^^^^^^^^^^^^^^^^^^^^^^^^^^^
        observer=observer, update_type=update_type, event=telegram_event, **data
        ^^^^^^^^^^^^^^^^^^^^^^^^^^^^^^^^^^^^^^^^^^^^^^^^^^^^^^^^^^^^^^^^^^^^^^^^
    )
    ^
  File "C:\Users\ANUBIS PC\Desktop\parsing PE411\delivery_bot\venv\Lib\site-packages\aiogram\dispatcher\router.py", line 174, in _propagate_event
    response = await router.propagate_event(update_type=update_type, event=event, **kwargs)
               ^^^^^^^^^^^^^^^^^^^^^^^^^^^^^^^^^^^^^^^^^^^^^^^^^^^^^^^^^^^^^^^^^^^^^^^^^^^^
  File "C:\Users\ANUBIS PC\Desktop\parsing PE411\delivery_bot\venv\Lib\site-packages\aiogram\dispatcher\router.py", line 146, in propagate_event
    return await observer.wrap_outer_middleware(_wrapped, event=event, data=kwargs)
           ^^^^^^^^^^^^^^^^^^^^^^^^^^^^^^^^^^^^^^^^^^^^^^^^^^^^^^^^^^^^^^^^^^^^^^^^
  File "C:\Users\ANUBIS PC\Desktop\parsing PE411\delivery_bot\venv\Lib\site-packages\aiogram\dispatcher\router.py", line 141, in _wrapped
    return await self._propagate_event(
           ^^^^^^^^^^^^^^^^^^^^^^^^^^^^
        observer=observer, update_type=update_type, event=telegram_event, **data
        ^^^^^^^^^^^^^^^^^^^^^^^^^^^^^^^^^^^^^^^^^^^^^^^^^^^^^^^^^^^^^^^^^^^^^^^^
    )
    ^
  File "C:\Users\ANUBIS PC\Desktop\parsing PE411\delivery_bot\venv\Lib\site-packages\aiogram\dispatcher\router.py", line 166, in _propagate_event
    response = await observer.trigger(event, **kwargs)
               ^^^^^^^^^^^^^^^^^^^^^^^^^^^^^^^^^^^^^^^
  File "C:\Users\ANUBIS PC\Desktop\parsing PE411\delivery_bot\venv\Lib\site-packages\aiogram\dispatcher\event\telegram.py", line 121, in trigger
    return await wrapped_inner(event, kwargs)
           ^^^^^^^^^^^^^^^^^^^^^^^^^^^^^^^^^^
  File "C:\Users\ANUBIS PC\Desktop\parsing PE411\delivery_bot\venv\Lib\site-packages\aiogram\dispatcher\event\handler.py", line 43, in call
    return await wrapped()
           ^^^^^^^^^^^^^^^
  File "C:\Users\ANUBIS PC\Desktop\parsing PE411\delivery_bot\routers\menu.py", line 143, in back_handler
    await cb.message.edit_text(
    ...<5 lines>...
    )
  File "C:\Users\ANUBIS PC\Desktop\parsing PE411\delivery_bot\venv\Lib\site-packages\aiogram\methods\base.py", line 84, in emit
    return await bot(self)
           ^^^^^^^^^^^^^^^
  File "C:\Users\ANUBIS PC\Desktop\parsing PE411\delivery_bot\venv\Lib\site-packages\aiogram\client\bot.py", line 485, in __call__
    return await self.session(self, method, timeout=request_timeout)
           ^^^^^^^^^^^^^^^^^^^^^^^^^^^^^^^^^^^^^^^^^^^^^^^^^^^^^^^^^
  File "C:\Users\ANUBIS PC\Desktop\parsing PE411\delivery_bot\venv\Lib\site-packages\aiogram\client\session\base.py", line 254, in __call__
    return cast(TelegramType, await middleware(bot, method))
                              ^^^^^^^^^^^^^^^^^^^^^^^^^^^^^
  File "C:\Users\ANUBIS PC\Desktop\parsing PE411\delivery_bot\venv\Lib\site-packages\aiogram\client\session\aiohttp.py", line 185, in make_request
    response = self.check_response(
        bot=bot, method=method, status_code=resp.status, content=raw_result
    )
  File "C:\Users\ANUBIS PC\Desktop\parsing PE411\delivery_bot\venv\Lib\site-packages\aiogram\client\session\base.py", line 120, in check_response
    raise TelegramBadRequest(method=method, message=description)
aiogram.exceptions.TelegramBadRequest: Telegram server says - Bad Request: message to edit not found
2025-11-27 20:11:24,961 - INFO - Update id=946294978 is not handled. Duration 223 ms by bot id=8200360038
2025-11-27 20:11:24,961 - ERROR - Cause exception while process update id=946294978 by bot id=8200360038
TelegramBadRequest: Telegram server says - Bad Request: message to edit not found
Traceback (most recent call last):
  File "C:\Users\ANUBIS PC\Desktop\parsing PE411\delivery_bot\venv\Lib\site-packages\aiogram\dispatcher\dispatcher.py", line 309, in _process_update
    response = await self.feed_update(bot, update, **kwargs)
               ^^^^^^^^^^^^^^^^^^^^^^^^^^^^^^^^^^^^^^^^^^^^^
  File "C:\Users\ANUBIS PC\Desktop\parsing PE411\delivery_bot\venv\Lib\site-packages\aiogram\dispatcher\dispatcher.py", line 158, in feed_update
    response = await self.update.wrap_outer_middleware(
               ^^^^^^^^^^^^^^^^^^^^^^^^^^^^^^^^^^^^^^^^
    ...<7 lines>...
    )
    ^
  File "C:\Users\ANUBIS PC\Desktop\parsing PE411\delivery_bot\venv\Lib\site-packages\aiogram\dispatcher\middlewares\error.py", line 25, in __call__
    return await handler(event, data)
           ^^^^^^^^^^^^^^^^^^^^^^^^^^
  File "C:\Users\ANUBIS PC\Desktop\parsing PE411\delivery_bot\venv\Lib\site-packages\aiogram\dispatcher\middlewares\user_context.py", line 56, in __call__
    return await handler(event, data)
           ^^^^^^^^^^^^^^^^^^^^^^^^^^
  File "C:\Users\ANUBIS PC\Desktop\parsing PE411\delivery_bot\venv\Lib\site-packages\aiogram\fsm\middleware.py", line 42, in __call__
    return await handler(event, data)
           ^^^^^^^^^^^^^^^^^^^^^^^^^^
  File "C:\Users\ANUBIS PC\Desktop\parsing PE411\delivery_bot\venv\Lib\site-packages\aiogram\dispatcher\event\telegram.py", line 121, in trigger
    return await wrapped_inner(event, kwargs)
           ^^^^^^^^^^^^^^^^^^^^^^^^^^^^^^^^^^
  File "C:\Users\ANUBIS PC\Desktop\parsing PE411\delivery_bot\middlewares\logging.py", line 20, in __call__
    response = await handler(event, data)
               ^^^^^^^^^^^^^^^^^^^^^^^^^^
  File "C:\Users\ANUBIS PC\Desktop\parsing PE411\delivery_bot\middlewares\auth.py", line 28, in __call__
    return await handler(event, data)
           ^^^^^^^^^^^^^^^^^^^^^^^^^^
  File "C:\Users\ANUBIS PC\Desktop\parsing PE411\delivery_bot\venv\Lib\site-packages\aiogram\dispatcher\event\handler.py", line 43, in call
    return await wrapped()
           ^^^^^^^^^^^^^^^
  File "C:\Users\ANUBIS PC\Desktop\parsing PE411\delivery_bot\venv\Lib\site-packages\aiogram\dispatcher\dispatcher.py", line 276, in _listen_update
    return await self.propagate_event(update_type=update_type, event=event, **kwargs)
           ^^^^^^^^^^^^^^^^^^^^^^^^^^^^^^^^^^^^^^^^^^^^^^^^^^^^^^^^^^^^^^^^^^^^^^^^^^
  File "C:\Users\ANUBIS PC\Desktop\parsing PE411\delivery_bot\venv\Lib\site-packages\aiogram\dispatcher\router.py", line 146, in propagate_event
    return await observer.wrap_outer_middleware(_wrapped, event=event, data=kwargs)
           ^^^^^^^^^^^^^^^^^^^^^^^^^^^^^^^^^^^^^^^^^^^^^^^^^^^^^^^^^^^^^^^^^^^^^^^^
  File "C:\Users\ANUBIS PC\Desktop\parsing PE411\delivery_bot\venv\Lib\site-packages\aiogram\dispatcher\router.py", line 141, in _wrapped
    return await self._propagate_event(
           ^^^^^^^^^^^^^^^^^^^^^^^^^^^^
        observer=observer, update_type=update_type, event=telegram_event, **data
        ^^^^^^^^^^^^^^^^^^^^^^^^^^^^^^^^^^^^^^^^^^^^^^^^^^^^^^^^^^^^^^^^^^^^^^^^
    )
    ^
  File "C:\Users\ANUBIS PC\Desktop\parsing PE411\delivery_bot\venv\Lib\site-packages\aiogram\dispatcher\router.py", line 174, in _propagate_event
    response = await router.propagate_event(update_type=update_type, event=event, **kwargs)
               ^^^^^^^^^^^^^^^^^^^^^^^^^^^^^^^^^^^^^^^^^^^^^^^^^^^^^^^^^^^^^^^^^^^^^^^^^^^^
  File "C:\Users\ANUBIS PC\Desktop\parsing PE411\delivery_bot\venv\Lib\site-packages\aiogram\dispatcher\router.py", line 146, in propagate_event
    return await observer.wrap_outer_middleware(_wrapped, event=event, data=kwargs)
           ^^^^^^^^^^^^^^^^^^^^^^^^^^^^^^^^^^^^^^^^^^^^^^^^^^^^^^^^^^^^^^^^^^^^^^^^
  File "C:\Users\ANUBIS PC\Desktop\parsing PE411\delivery_bot\venv\Lib\site-packages\aiogram\dispatcher\router.py", line 141, in _wrapped
    return await self._propagate_event(
           ^^^^^^^^^^^^^^^^^^^^^^^^^^^^
        observer=observer, update_type=update_type, event=telegram_event, **data
        ^^^^^^^^^^^^^^^^^^^^^^^^^^^^^^^^^^^^^^^^^^^^^^^^^^^^^^^^^^^^^^^^^^^^^^^^
    )
    ^
  File "C:\Users\ANUBIS PC\Desktop\parsing PE411\delivery_bot\venv\Lib\site-packages\aiogram\dispatcher\router.py", line 166, in _propagate_event
    response = await observer.trigger(event, **kwargs)
               ^^^^^^^^^^^^^^^^^^^^^^^^^^^^^^^^^^^^^^^
  File "C:\Users\ANUBIS PC\Desktop\parsing PE411\delivery_bot\venv\Lib\site-packages\aiogram\dispatcher\event\telegram.py", line 121, in trigger
    return await wrapped_inner(event, kwargs)
           ^^^^^^^^^^^^^^^^^^^^^^^^^^^^^^^^^^
  File "C:\Users\ANUBIS PC\Desktop\parsing PE411\delivery_bot\venv\Lib\site-packages\aiogram\dispatcher\event\handler.py", line 43, in call
    return await wrapped()
           ^^^^^^^^^^^^^^^
  File "C:\Users\ANUBIS PC\Desktop\parsing PE411\delivery_bot\routers\menu.py", line 143, in back_handler
    await cb.message.edit_text(
    ...<5 lines>...
    )
  File "C:\Users\ANUBIS PC\Desktop\parsing PE411\delivery_bot\venv\Lib\site-packages\aiogram\methods\base.py", line 84, in emit
    return await bot(self)
           ^^^^^^^^^^^^^^^
  File "C:\Users\ANUBIS PC\Desktop\parsing PE411\delivery_bot\venv\Lib\site-packages\aiogram\client\bot.py", line 485, in __call__
    return await self.session(self, method, timeout=request_timeout)
           ^^^^^^^^^^^^^^^^^^^^^^^^^^^^^^^^^^^^^^^^^^^^^^^^^^^^^^^^^
  File "C:\Users\ANUBIS PC\Desktop\parsing PE411\delivery_bot\venv\Lib\site-packages\aiogram\client\session\base.py", line 254, in __call__
    return cast(TelegramType, await middleware(bot, method))
                              ^^^^^^^^^^^^^^^^^^^^^^^^^^^^^
  File "C:\Users\ANUBIS PC\Desktop\parsing PE411\delivery_bot\venv\Lib\site-packages\aiogram\client\session\aiohttp.py", line 185, in make_request
    response = self.check_response(
        bot=bot, method=method, status_code=resp.status, content=raw_result
    )
  File "C:\Users\ANUBIS PC\Desktop\parsing PE411\delivery_bot\venv\Lib\site-packages\aiogram\client\session\base.py", line 120, in check_response
    raise TelegramBadRequest(method=method, message=description)
aiogram.exceptions.TelegramBadRequest: Telegram server says - Bad Request: message to edit not found
2025-11-27 20:11:26,939 - INFO - Update id=946294979 is not handled. Duration 222 ms by bot id=8200360038
2025-11-27 20:11:26,939 - ERROR - Cause exception while process update id=946294979 by bot id=8200360038
TelegramBadRequest: Telegram server says - Bad Request: message to edit not found
Traceback (most recent call last):
  File "C:\Users\ANUBIS PC\Desktop\parsing PE411\delivery_bot\venv\Lib\site-packages\aiogram\dispatcher\dispatcher.py", line 309, in _process_update
    response = await self.feed_update(bot, update, **kwargs)
               ^^^^^^^^^^^^^^^^^^^^^^^^^^^^^^^^^^^^^^^^^^^^^
  File "C:\Users\ANUBIS PC\Desktop\parsing PE411\delivery_bot\venv\Lib\site-packages\aiogram\dispatcher\dispatcher.py", line 158, in feed_update
    response = await self.update.wrap_outer_middleware(
               ^^^^^^^^^^^^^^^^^^^^^^^^^^^^^^^^^^^^^^^^
    ...<7 lines>...
    )
    ^
  File "C:\Users\ANUBIS PC\Desktop\parsing PE411\delivery_bot\venv\Lib\site-packages\aiogram\dispatcher\middlewares\error.py", line 25, in __call__
    return await handler(event, data)
           ^^^^^^^^^^^^^^^^^^^^^^^^^^
  File "C:\Users\ANUBIS PC\Desktop\parsing PE411\delivery_bot\venv\Lib\site-packages\aiogram\dispatcher\middlewares\user_context.py", line 56, in __call__
    return await handler(event, data)
           ^^^^^^^^^^^^^^^^^^^^^^^^^^
  File "C:\Users\ANUBIS PC\Desktop\parsing PE411\delivery_bot\venv\Lib\site-packages\aiogram\fsm\middleware.py", line 42, in __call__
    return await handler(event, data)
           ^^^^^^^^^^^^^^^^^^^^^^^^^^
  File "C:\Users\ANUBIS PC\Desktop\parsing PE411\delivery_bot\venv\Lib\site-packages\aiogram\dispatcher\event\telegram.py", line 121, in trigger
    return await wrapped_inner(event, kwargs)
           ^^^^^^^^^^^^^^^^^^^^^^^^^^^^^^^^^^
  File "C:\Users\ANUBIS PC\Desktop\parsing PE411\delivery_bot\middlewares\logging.py", line 20, in __call__
    response = await handler(event, data)
               ^^^^^^^^^^^^^^^^^^^^^^^^^^
  File "C:\Users\ANUBIS PC\Desktop\parsing PE411\delivery_bot\middlewares\auth.py", line 28, in __call__
    return await handler(event, data)
           ^^^^^^^^^^^^^^^^^^^^^^^^^^
  File "C:\Users\ANUBIS PC\Desktop\parsing PE411\delivery_bot\venv\Lib\site-packages\aiogram\dispatcher\event\handler.py", line 43, in call
    return await wrapped()
           ^^^^^^^^^^^^^^^
  File "C:\Users\ANUBIS PC\Desktop\parsing PE411\delivery_bot\venv\Lib\site-packages\aiogram\dispatcher\dispatcher.py", line 276, in _listen_update
    return await self.propagate_event(update_type=update_type, event=event, **kwargs)
           ^^^^^^^^^^^^^^^^^^^^^^^^^^^^^^^^^^^^^^^^^^^^^^^^^^^^^^^^^^^^^^^^^^^^^^^^^^
  File "C:\Users\ANUBIS PC\Desktop\parsing PE411\delivery_bot\venv\Lib\site-packages\aiogram\dispatcher\router.py", line 146, in propagate_event
    return await observer.wrap_outer_middleware(_wrapped, event=event, data=kwargs)
           ^^^^^^^^^^^^^^^^^^^^^^^^^^^^^^^^^^^^^^^^^^^^^^^^^^^^^^^^^^^^^^^^^^^^^^^^
  File "C:\Users\ANUBIS PC\Desktop\parsing PE411\delivery_bot\venv\Lib\site-packages\aiogram\dispatcher\router.py", line 141, in _wrapped
    return await self._propagate_event(
           ^^^^^^^^^^^^^^^^^^^^^^^^^^^^
        observer=observer, update_type=update_type, event=telegram_event, **data
        ^^^^^^^^^^^^^^^^^^^^^^^^^^^^^^^^^^^^^^^^^^^^^^^^^^^^^^^^^^^^^^^^^^^^^^^^
    )
    ^
  File "C:\Users\ANUBIS PC\Desktop\parsing PE411\delivery_bot\venv\Lib\site-packages\aiogram\dispatcher\router.py", line 174, in _propagate_event
    response = await router.propagate_event(update_type=update_type, event=event, **kwargs)
               ^^^^^^^^^^^^^^^^^^^^^^^^^^^^^^^^^^^^^^^^^^^^^^^^^^^^^^^^^^^^^^^^^^^^^^^^^^^^
  File "C:\Users\ANUBIS PC\Desktop\parsing PE411\delivery_bot\venv\Lib\site-packages\aiogram\dispatcher\router.py", line 146, in propagate_event
    return await observer.wrap_outer_middleware(_wrapped, event=event, data=kwargs)
           ^^^^^^^^^^^^^^^^^^^^^^^^^^^^^^^^^^^^^^^^^^^^^^^^^^^^^^^^^^^^^^^^^^^^^^^^
  File "C:\Users\ANUBIS PC\Desktop\parsing PE411\delivery_bot\venv\Lib\site-packages\aiogram\dispatcher\router.py", line 141, in _wrapped
    return await self._propagate_event(
           ^^^^^^^^^^^^^^^^^^^^^^^^^^^^
        observer=observer, update_type=update_type, event=telegram_event, **data
        ^^^^^^^^^^^^^^^^^^^^^^^^^^^^^^^^^^^^^^^^^^^^^^^^^^^^^^^^^^^^^^^^^^^^^^^^
    )
    ^
  File "C:\Users\ANUBIS PC\Desktop\parsing PE411\delivery_bot\venv\Lib\site-packages\aiogram\dispatcher\router.py", line 166, in _propagate_event
    response = await observer.trigger(event, **kwargs)
               ^^^^^^^^^^^^^^^^^^^^^^^^^^^^^^^^^^^^^^^
  File "C:\Users\ANUBIS PC\Desktop\parsing PE411\delivery_bot\venv\Lib\site-packages\aiogram\dispatcher\event\telegram.py", line 121, in trigger
    return await wrapped_inner(event, kwargs)
           ^^^^^^^^^^^^^^^^^^^^^^^^^^^^^^^^^^
  File "C:\Users\ANUBIS PC\Desktop\parsing PE411\delivery_bot\venv\Lib\site-packages\aiogram\dispatcher\event\handler.py", line 43, in call
    return await wrapped()
           ^^^^^^^^^^^^^^^
  File "C:\Users\ANUBIS PC\Desktop\parsing PE411\delivery_bot\routers\menu.py", line 143, in back_handler
    await cb.message.edit_text(
    ...<5 lines>...
    )
  File "C:\Users\ANUBIS PC\Desktop\parsing PE411\delivery_bot\venv\Lib\site-packages\aiogram\methods\base.py", line 84, in emit
    return await bot(self)
           ^^^^^^^^^^^^^^^
  File "C:\Users\ANUBIS PC\Desktop\parsing PE411\delivery_bot\venv\Lib\site-packages\aiogram\client\bot.py", line 485, in __call__
    return await self.session(self, method, timeout=request_timeout)
           ^^^^^^^^^^^^^^^^^^^^^^^^^^^^^^^^^^^^^^^^^^^^^^^^^^^^^^^^^
  File "C:\Users\ANUBIS PC\Desktop\parsing PE411\delivery_bot\venv\Lib\site-packages\aiogram\client\session\base.py", line 254, in __call__
    return cast(TelegramType, await middleware(bot, method))
                              ^^^^^^^^^^^^^^^^^^^^^^^^^^^^^
  File "C:\Users\ANUBIS PC\Desktop\parsing PE411\delivery_bot\venv\Lib\site-packages\aiogram\client\session\aiohttp.py", line 185, in make_request
    response = self.check_response(
        bot=bot, method=method, status_code=resp.status, content=raw_result
    )
  File "C:\Users\ANUBIS PC\Desktop\parsing PE411\delivery_bot\venv\Lib\site-packages\aiogram\client\session\base.py", line 120, in check_response
    raise TelegramBadRequest(method=method, message=description)
aiogram.exceptions.TelegramBadRequest: Telegram server says - Bad Request: message to edit not found
2025-11-27 20:11:29,343 - INFO - Update id=946294980 is not handled. Duration 215 ms by bot id=8200360038
2025-11-27 20:11:29,343 - ERROR - Cause exception while process update id=946294980 by bot id=8200360038
TelegramBadRequest: Telegram server says - Bad Request: message to edit not found
Traceback (most recent call last):
  File "C:\Users\ANUBIS PC\Desktop\parsing PE411\delivery_bot\venv\Lib\site-packages\aiogram\dispatcher\dispatcher.py", line 309, in _process_update
    response = await self.feed_update(bot, update, **kwargs)
               ^^^^^^^^^^^^^^^^^^^^^^^^^^^^^^^^^^^^^^^^^^^^^
  File "C:\Users\ANUBIS PC\Desktop\parsing PE411\delivery_bot\venv\Lib\site-packages\aiogram\dispatcher\dispatcher.py", line 158, in feed_update
    response = await self.update.wrap_outer_middleware(
               ^^^^^^^^^^^^^^^^^^^^^^^^^^^^^^^^^^^^^^^^
    ...<7 lines>...
    )
    ^
  File "C:\Users\ANUBIS PC\Desktop\parsing PE411\delivery_bot\venv\Lib\site-packages\aiogram\dispatcher\middlewares\error.py", line 25, in __call__
    return await handler(event, data)
           ^^^^^^^^^^^^^^^^^^^^^^^^^^
  File "C:\Users\ANUBIS PC\Desktop\parsing PE411\delivery_bot\venv\Lib\site-packages\aiogram\dispatcher\middlewares\user_context.py", line 56, in __call__
    return await handler(event, data)
           ^^^^^^^^^^^^^^^^^^^^^^^^^^
  File "C:\Users\ANUBIS PC\Desktop\parsing PE411\delivery_bot\venv\Lib\site-packages\aiogram\fsm\middleware.py", line 42, in __call__
    return await handler(event, data)
           ^^^^^^^^^^^^^^^^^^^^^^^^^^
  File "C:\Users\ANUBIS PC\Desktop\parsing PE411\delivery_bot\venv\Lib\site-packages\aiogram\dispatcher\event\telegram.py", line 121, in trigger
    return await wrapped_inner(event, kwargs)
           ^^^^^^^^^^^^^^^^^^^^^^^^^^^^^^^^^^
  File "C:\Users\ANUBIS PC\Desktop\parsing PE411\delivery_bot\middlewares\logging.py", line 20, in __call__
    response = await handler(event, data)
               ^^^^^^^^^^^^^^^^^^^^^^^^^^
  File "C:\Users\ANUBIS PC\Desktop\parsing PE411\delivery_bot\middlewares\auth.py", line 28, in __call__
    return await handler(event, data)
           ^^^^^^^^^^^^^^^^^^^^^^^^^^
  File "C:\Users\ANUBIS PC\Desktop\parsing PE411\delivery_bot\venv\Lib\site-packages\aiogram\dispatcher\event\handler.py", line 43, in call
    return await wrapped()
           ^^^^^^^^^^^^^^^
  File "C:\Users\ANUBIS PC\Desktop\parsing PE411\delivery_bot\venv\Lib\site-packages\aiogram\dispatcher\dispatcher.py", line 276, in _listen_update
    return await self.propagate_event(update_type=update_type, event=event, **kwargs)
           ^^^^^^^^^^^^^^^^^^^^^^^^^^^^^^^^^^^^^^^^^^^^^^^^^^^^^^^^^^^^^^^^^^^^^^^^^^
  File "C:\Users\ANUBIS PC\Desktop\parsing PE411\delivery_bot\venv\Lib\site-packages\aiogram\dispatcher\router.py", line 146, in propagate_event
    return await observer.wrap_outer_middleware(_wrapped, event=event, data=kwargs)
           ^^^^^^^^^^^^^^^^^^^^^^^^^^^^^^^^^^^^^^^^^^^^^^^^^^^^^^^^^^^^^^^^^^^^^^^^
  File "C:\Users\ANUBIS PC\Desktop\parsing PE411\delivery_bot\venv\Lib\site-packages\aiogram\dispatcher\router.py", line 141, in _wrapped
    return await self._propagate_event(
           ^^^^^^^^^^^^^^^^^^^^^^^^^^^^
        observer=observer, update_type=update_type, event=telegram_event, **data
        ^^^^^^^^^^^^^^^^^^^^^^^^^^^^^^^^^^^^^^^^^^^^^^^^^^^^^^^^^^^^^^^^^^^^^^^^
    )
    ^
  File "C:\Users\ANUBIS PC\Desktop\parsing PE411\delivery_bot\venv\Lib\site-packages\aiogram\dispatcher\router.py", line 174, in _propagate_event
    response = await router.propagate_event(update_type=update_type, event=event, **kwargs)
               ^^^^^^^^^^^^^^^^^^^^^^^^^^^^^^^^^^^^^^^^^^^^^^^^^^^^^^^^^^^^^^^^^^^^^^^^^^^^
  File "C:\Users\ANUBIS PC\Desktop\parsing PE411\delivery_bot\venv\Lib\site-packages\aiogram\dispatcher\router.py", line 146, in propagate_event
    return await observer.wrap_outer_middleware(_wrapped, event=event, data=kwargs)
           ^^^^^^^^^^^^^^^^^^^^^^^^^^^^^^^^^^^^^^^^^^^^^^^^^^^^^^^^^^^^^^^^^^^^^^^^
  File "C:\Users\ANUBIS PC\Desktop\parsing PE411\delivery_bot\venv\Lib\site-packages\aiogram\dispatcher\router.py", line 141, in _wrapped
    return await self._propagate_event(
           ^^^^^^^^^^^^^^^^^^^^^^^^^^^^
        observer=observer, update_type=update_type, event=telegram_event, **data
        ^^^^^^^^^^^^^^^^^^^^^^^^^^^^^^^^^^^^^^^^^^^^^^^^^^^^^^^^^^^^^^^^^^^^^^^^
    )
    ^
  File "C:\Users\ANUBIS PC\Desktop\parsing PE411\delivery_bot\venv\Lib\site-packages\aiogram\dispatcher\router.py", line 166, in _propagate_event
    response = await observer.trigger(event, **kwargs)
               ^^^^^^^^^^^^^^^^^^^^^^^^^^^^^^^^^^^^^^^
  File "C:\Users\ANUBIS PC\Desktop\parsing PE411\delivery_bot\venv\Lib\site-packages\aiogram\dispatcher\event\telegram.py", line 121, in trigger
    return await wrapped_inner(event, kwargs)
           ^^^^^^^^^^^^^^^^^^^^^^^^^^^^^^^^^^
  File "C:\Users\ANUBIS PC\Desktop\parsing PE411\delivery_bot\venv\Lib\site-packages\aiogram\dispatcher\event\handler.py", line 43, in call
    return await wrapped()
           ^^^^^^^^^^^^^^^
  File "C:\Users\ANUBIS PC\Desktop\parsing PE411\delivery_bot\routers\menu.py", line 143, in back_handler
    await cb.message.edit_text(
    ...<5 lines>...
    )
  File "C:\Users\ANUBIS PC\Desktop\parsing PE411\delivery_bot\venv\Lib\site-packages\aiogram\methods\base.py", line 84, in emit
    return await bot(self)
           ^^^^^^^^^^^^^^^
  File "C:\Users\ANUBIS PC\Desktop\parsing PE411\delivery_bot\venv\Lib\site-packages\aiogram\client\bot.py", line 485, in __call__
    return await self.session(self, method, timeout=request_timeout)
           ^^^^^^^^^^^^^^^^^^^^^^^^^^^^^^^^^^^^^^^^^^^^^^^^^^^^^^^^^
  File "C:\Users\ANUBIS PC\Desktop\parsing PE411\delivery_bot\venv\Lib\site-packages\aiogram\client\session\base.py", line 254, in __call__
    return cast(TelegramType, await middleware(bot, method))
                              ^^^^^^^^^^^^^^^^^^^^^^^^^^^^^
  File "C:\Users\ANUBIS PC\Desktop\parsing PE411\delivery_bot\venv\Lib\site-packages\aiogram\client\session\aiohttp.py", line 185, in make_request
    response = self.check_response(
        bot=bot, method=method, status_code=resp.status, content=raw_result
    )
  File "C:\Users\ANUBIS PC\Desktop\parsing PE411\delivery_bot\venv\Lib\site-packages\aiogram\client\session\base.py", line 120, in check_response
    raise TelegramBadRequest(method=method, message=description)
aiogram.exceptions.TelegramBadRequest: Telegram server says - Bad Request: message to edit not found
2025-11-27 20:11:30,850 - INFO - MESSAGE: 133.65435600280762ms
2025-11-27 20:11:30,850 - INFO - Update id=946294981 is handled. Duration 134 ms by bot id=8200360038
2025-11-27 20:11:32,215 - INFO - CALLBACK: 260.74790954589844ms
2025-11-27 20:11:32,215 - INFO - Update id=946294982 is handled. Duration 261 ms by bot id=8200360038
2025-11-27 20:11:33,751 - INFO - CALLBACK: 175.13012886047363ms
2025-11-27 20:11:33,751 - INFO - Update id=946294983 is handled. Duration 175 ms by bot id=8200360038
2025-11-27 20:11:35,143 - INFO - CALLBACK: 255.90252876281738ms
2025-11-27 20:11:35,143 - INFO - Update id=946294984 is handled. Duration 256 ms by bot id=8200360038
2025-11-27 20:11:37,161 - INFO - CALLBACK: 164.63971138000488ms
2025-11-27 20:11:37,161 - INFO - Update id=946294985 is handled. Duration 165 ms by bot id=8200360038
2025-11-27 20:11:37,875 - INFO - Update id=946294986 is not handled. Duration 3 ms by bot id=8200360038
2025-11-27 20:11:37,875 - ERROR - Cause exception while process update id=946294986 by bot id=8200360038
ValidationError: 1 validation error for AnswerCallbackQuery
text
  Input should be a valid string [type=string_type, input_value=<aiogram.utils.magic_filt...t at 0x0000022EEE8B4190>, input_type=MagicFilter]
    For further information visit https://errors.pydantic.dev/2.11/v/string_type
Traceback (most recent call last):
  File "C:\Users\ANUBIS PC\Desktop\parsing PE411\delivery_bot\venv\Lib\site-packages\aiogram\dispatcher\dispatcher.py", line 309, in _process_update
    response = await self.feed_update(bot, update, **kwargs)
               ^^^^^^^^^^^^^^^^^^^^^^^^^^^^^^^^^^^^^^^^^^^^^
  File "C:\Users\ANUBIS PC\Desktop\parsing PE411\delivery_bot\venv\Lib\site-packages\aiogram\dispatcher\dispatcher.py", line 158, in feed_update
    response = await self.update.wrap_outer_middleware(
               ^^^^^^^^^^^^^^^^^^^^^^^^^^^^^^^^^^^^^^^^
    ...<7 lines>...
    )
    ^
  File "C:\Users\ANUBIS PC\Desktop\parsing PE411\delivery_bot\venv\Lib\site-packages\aiogram\dispatcher\middlewares\error.py", line 25, in __call__
    return await handler(event, data)
           ^^^^^^^^^^^^^^^^^^^^^^^^^^
  File "C:\Users\ANUBIS PC\Desktop\parsing PE411\delivery_bot\venv\Lib\site-packages\aiogram\dispatcher\middlewares\user_context.py", line 56, in __call__
    return await handler(event, data)
           ^^^^^^^^^^^^^^^^^^^^^^^^^^
  File "C:\Users\ANUBIS PC\Desktop\parsing PE411\delivery_bot\venv\Lib\site-packages\aiogram\fsm\middleware.py", line 42, in __call__
    return await handler(event, data)
           ^^^^^^^^^^^^^^^^^^^^^^^^^^
  File "C:\Users\ANUBIS PC\Desktop\parsing PE411\delivery_bot\venv\Lib\site-packages\aiogram\dispatcher\event\telegram.py", line 121, in trigger
    return await wrapped_inner(event, kwargs)
           ^^^^^^^^^^^^^^^^^^^^^^^^^^^^^^^^^^
  File "C:\Users\ANUBIS PC\Desktop\parsing PE411\delivery_bot\middlewares\logging.py", line 20, in __call__
    response = await handler(event, data)
               ^^^^^^^^^^^^^^^^^^^^^^^^^^
  File "C:\Users\ANUBIS PC\Desktop\parsing PE411\delivery_bot\middlewares\auth.py", line 28, in __call__
    return await handler(event, data)
           ^^^^^^^^^^^^^^^^^^^^^^^^^^
  File "C:\Users\ANUBIS PC\Desktop\parsing PE411\delivery_bot\venv\Lib\site-packages\aiogram\dispatcher\event\handler.py", line 43, in call
    return await wrapped()
           ^^^^^^^^^^^^^^^
  File "C:\Users\ANUBIS PC\Desktop\parsing PE411\delivery_bot\venv\Lib\site-packages\aiogram\dispatcher\dispatcher.py", line 276, in _listen_update
    return await self.propagate_event(update_type=update_type, event=event, **kwargs)
           ^^^^^^^^^^^^^^^^^^^^^^^^^^^^^^^^^^^^^^^^^^^^^^^^^^^^^^^^^^^^^^^^^^^^^^^^^^
  File "C:\Users\ANUBIS PC\Desktop\parsing PE411\delivery_bot\venv\Lib\site-packages\aiogram\dispatcher\router.py", line 146, in propagate_event
    return await observer.wrap_outer_middleware(_wrapped, event=event, data=kwargs)
           ^^^^^^^^^^^^^^^^^^^^^^^^^^^^^^^^^^^^^^^^^^^^^^^^^^^^^^^^^^^^^^^^^^^^^^^^
  File "C:\Users\ANUBIS PC\Desktop\parsing PE411\delivery_bot\venv\Lib\site-packages\aiogram\dispatcher\router.py", line 141, in _wrapped
    return await self._propagate_event(
           ^^^^^^^^^^^^^^^^^^^^^^^^^^^^
        observer=observer, update_type=update_type, event=telegram_event, **data
        ^^^^^^^^^^^^^^^^^^^^^^^^^^^^^^^^^^^^^^^^^^^^^^^^^^^^^^^^^^^^^^^^^^^^^^^^
    )
    ^
  File "C:\Users\ANUBIS PC\Desktop\parsing PE411\delivery_bot\venv\Lib\site-packages\aiogram\dispatcher\router.py", line 174, in _propagate_event
    response = await router.propagate_event(update_type=update_type, event=event, **kwargs)
               ^^^^^^^^^^^^^^^^^^^^^^^^^^^^^^^^^^^^^^^^^^^^^^^^^^^^^^^^^^^^^^^^^^^^^^^^^^^^
  File "C:\Users\ANUBIS PC\Desktop\parsing PE411\delivery_bot\venv\Lib\site-packages\aiogram\dispatcher\router.py", line 146, in propagate_event
    return await observer.wrap_outer_middleware(_wrapped, event=event, data=kwargs)
           ^^^^^^^^^^^^^^^^^^^^^^^^^^^^^^^^^^^^^^^^^^^^^^^^^^^^^^^^^^^^^^^^^^^^^^^^
  File "C:\Users\ANUBIS PC\Desktop\parsing PE411\delivery_bot\venv\Lib\site-packages\aiogram\dispatcher\router.py", line 141, in _wrapped
    return await self._propagate_event(
           ^^^^^^^^^^^^^^^^^^^^^^^^^^^^
        observer=observer, update_type=update_type, event=telegram_event, **data
        ^^^^^^^^^^^^^^^^^^^^^^^^^^^^^^^^^^^^^^^^^^^^^^^^^^^^^^^^^^^^^^^^^^^^^^^^
    )
    ^
  File "C:\Users\ANUBIS PC\Desktop\parsing PE411\delivery_bot\venv\Lib\site-packages\aiogram\dispatcher\router.py", line 166, in _propagate_event
    response = await observer.trigger(event, **kwargs)
               ^^^^^^^^^^^^^^^^^^^^^^^^^^^^^^^^^^^^^^^
  File "C:\Users\ANUBIS PC\Desktop\parsing PE411\delivery_bot\venv\Lib\site-packages\aiogram\dispatcher\event\telegram.py", line 121, in trigger
    return await wrapped_inner(event, kwargs)
           ^^^^^^^^^^^^^^^^^^^^^^^^^^^^^^^^^^
  File "C:\Users\ANUBIS PC\Desktop\parsing PE411\delivery_bot\venv\Lib\site-packages\aiogram\dispatcher\event\handler.py", line 43, in call
    return await wrapped()
           ^^^^^^^^^^^^^^^
  File "C:\Users\ANUBIS PC\Desktop\parsing PE411\delivery_bot\routers\menu.py", line 198, in quantity_handler
    await cb.answer(F.data)
          ~~~~~~~~~^^^^^^^^
  File "C:\Users\ANUBIS PC\Desktop\parsing PE411\delivery_bot\venv\Lib\site-packages\aiogram\types\callback_query.py", line 101, in answer
    return AnswerCallbackQuery(
           ~~~~~~~~~~~~~~~~~~~^
        callback_query_id=self.id,
        ^^^^^^^^^^^^^^^^^^^^^^^^^^
    ...<4 lines>...
        **kwargs,
        ^^^^^^^^^
    ).as_(self._bot)
    ^
  File "C:\Users\ANUBIS PC\Desktop\parsing PE411\delivery_bot\venv\Lib\site-packages\pydantic\main.py", line 253, in __init__
    validated_self = self.__pydantic_validator__.validate_python(data, self_instance=self)
pydantic_core._pydantic_core.ValidationError: 1 validation error for AnswerCallbackQuery
text
  Input should be a valid string [type=string_type, input_value=<aiogram.utils.magic_filt...t at 0x0000022EEE8B4190>, input_type=MagicFilter]
    For further information visit https://errors.pydantic.dev/2.11/v/string_type
2025-11-27 20:11:39,359 - INFO - Update id=946294987 is not handled. Duration 282 ms by bot id=8200360038
2025-11-27 20:11:39,359 - ERROR - Cause exception while process update id=946294987 by bot id=8200360038
TelegramBadRequest: Telegram server says - Bad Request: message to edit not found
Traceback (most recent call last):
  File "C:\Users\ANUBIS PC\Desktop\parsing PE411\delivery_bot\venv\Lib\site-packages\aiogram\dispatcher\dispatcher.py", line 309, in _process_update
    response = await self.feed_update(bot, update, **kwargs)
               ^^^^^^^^^^^^^^^^^^^^^^^^^^^^^^^^^^^^^^^^^^^^^
  File "C:\Users\ANUBIS PC\Desktop\parsing PE411\delivery_bot\venv\Lib\site-packages\aiogram\dispatcher\dispatcher.py", line 158, in feed_update
    response = await self.update.wrap_outer_middleware(
               ^^^^^^^^^^^^^^^^^^^^^^^^^^^^^^^^^^^^^^^^
    ...<7 lines>...
    )
    ^
  File "C:\Users\ANUBIS PC\Desktop\parsing PE411\delivery_bot\venv\Lib\site-packages\aiogram\dispatcher\middlewares\error.py", line 25, in __call__
    return await handler(event, data)
           ^^^^^^^^^^^^^^^^^^^^^^^^^^
  File "C:\Users\ANUBIS PC\Desktop\parsing PE411\delivery_bot\venv\Lib\site-packages\aiogram\dispatcher\middlewares\user_context.py", line 56, in __call__
    return await handler(event, data)
           ^^^^^^^^^^^^^^^^^^^^^^^^^^
  File "C:\Users\ANUBIS PC\Desktop\parsing PE411\delivery_bot\venv\Lib\site-packages\aiogram\fsm\middleware.py", line 42, in __call__
    return await handler(event, data)
           ^^^^^^^^^^^^^^^^^^^^^^^^^^
  File "C:\Users\ANUBIS PC\Desktop\parsing PE411\delivery_bot\venv\Lib\site-packages\aiogram\dispatcher\event\telegram.py", line 121, in trigger
    return await wrapped_inner(event, kwargs)
           ^^^^^^^^^^^^^^^^^^^^^^^^^^^^^^^^^^
  File "C:\Users\ANUBIS PC\Desktop\parsing PE411\delivery_bot\middlewares\logging.py", line 20, in __call__
    response = await handler(event, data)
               ^^^^^^^^^^^^^^^^^^^^^^^^^^
  File "C:\Users\ANUBIS PC\Desktop\parsing PE411\delivery_bot\middlewares\auth.py", line 28, in __call__
    return await handler(event, data)
           ^^^^^^^^^^^^^^^^^^^^^^^^^^
  File "C:\Users\ANUBIS PC\Desktop\parsing PE411\delivery_bot\venv\Lib\site-packages\aiogram\dispatcher\event\handler.py", line 43, in call
    return await wrapped()
           ^^^^^^^^^^^^^^^
  File "C:\Users\ANUBIS PC\Desktop\parsing PE411\delivery_bot\venv\Lib\site-packages\aiogram\dispatcher\dispatcher.py", line 276, in _listen_update
    return await self.propagate_event(update_type=update_type, event=event, **kwargs)
           ^^^^^^^^^^^^^^^^^^^^^^^^^^^^^^^^^^^^^^^^^^^^^^^^^^^^^^^^^^^^^^^^^^^^^^^^^^
  File "C:\Users\ANUBIS PC\Desktop\parsing PE411\delivery_bot\venv\Lib\site-packages\aiogram\dispatcher\router.py", line 146, in propagate_event
    return await observer.wrap_outer_middleware(_wrapped, event=event, data=kwargs)
           ^^^^^^^^^^^^^^^^^^^^^^^^^^^^^^^^^^^^^^^^^^^^^^^^^^^^^^^^^^^^^^^^^^^^^^^^
  File "C:\Users\ANUBIS PC\Desktop\parsing PE411\delivery_bot\venv\Lib\site-packages\aiogram\dispatcher\router.py", line 141, in _wrapped
    return await self._propagate_event(
           ^^^^^^^^^^^^^^^^^^^^^^^^^^^^
        observer=observer, update_type=update_type, event=telegram_event, **data
        ^^^^^^^^^^^^^^^^^^^^^^^^^^^^^^^^^^^^^^^^^^^^^^^^^^^^^^^^^^^^^^^^^^^^^^^^
    )
    ^
  File "C:\Users\ANUBIS PC\Desktop\parsing PE411\delivery_bot\venv\Lib\site-packages\aiogram\dispatcher\router.py", line 174, in _propagate_event
    response = await router.propagate_event(update_type=update_type, event=event, **kwargs)
               ^^^^^^^^^^^^^^^^^^^^^^^^^^^^^^^^^^^^^^^^^^^^^^^^^^^^^^^^^^^^^^^^^^^^^^^^^^^^
  File "C:\Users\ANUBIS PC\Desktop\parsing PE411\delivery_bot\venv\Lib\site-packages\aiogram\dispatcher\router.py", line 146, in propagate_event
    return await observer.wrap_outer_middleware(_wrapped, event=event, data=kwargs)
           ^^^^^^^^^^^^^^^^^^^^^^^^^^^^^^^^^^^^^^^^^^^^^^^^^^^^^^^^^^^^^^^^^^^^^^^^
  File "C:\Users\ANUBIS PC\Desktop\parsing PE411\delivery_bot\venv\Lib\site-packages\aiogram\dispatcher\router.py", line 141, in _wrapped
    return await self._propagate_event(
           ^^^^^^^^^^^^^^^^^^^^^^^^^^^^
        observer=observer, update_type=update_type, event=telegram_event, **data
        ^^^^^^^^^^^^^^^^^^^^^^^^^^^^^^^^^^^^^^^^^^^^^^^^^^^^^^^^^^^^^^^^^^^^^^^^
    )
    ^
  File "C:\Users\ANUBIS PC\Desktop\parsing PE411\delivery_bot\venv\Lib\site-packages\aiogram\dispatcher\router.py", line 166, in _propagate_event
    response = await observer.trigger(event, **kwargs)
               ^^^^^^^^^^^^^^^^^^^^^^^^^^^^^^^^^^^^^^^
  File "C:\Users\ANUBIS PC\Desktop\parsing PE411\delivery_bot\venv\Lib\site-packages\aiogram\dispatcher\event\telegram.py", line 121, in trigger
    return await wrapped_inner(event, kwargs)
           ^^^^^^^^^^^^^^^^^^^^^^^^^^^^^^^^^^
  File "C:\Users\ANUBIS PC\Desktop\parsing PE411\delivery_bot\venv\Lib\site-packages\aiogram\dispatcher\event\handler.py", line 43, in call
    return await wrapped()
           ^^^^^^^^^^^^^^^
  File "C:\Users\ANUBIS PC\Desktop\parsing PE411\delivery_bot\routers\menu.py", line 143, in back_handler
    await cb.message.edit_text(
    ...<5 lines>...
    )
  File "C:\Users\ANUBIS PC\Desktop\parsing PE411\delivery_bot\venv\Lib\site-packages\aiogram\methods\base.py", line 84, in emit
    return await bot(self)
           ^^^^^^^^^^^^^^^
  File "C:\Users\ANUBIS PC\Desktop\parsing PE411\delivery_bot\venv\Lib\site-packages\aiogram\client\bot.py", line 485, in __call__
    return await self.session(self, method, timeout=request_timeout)
           ^^^^^^^^^^^^^^^^^^^^^^^^^^^^^^^^^^^^^^^^^^^^^^^^^^^^^^^^^
  File "C:\Users\ANUBIS PC\Desktop\parsing PE411\delivery_bot\venv\Lib\site-packages\aiogram\client\session\base.py", line 254, in __call__
    return cast(TelegramType, await middleware(bot, method))
                              ^^^^^^^^^^^^^^^^^^^^^^^^^^^^^
  File "C:\Users\ANUBIS PC\Desktop\parsing PE411\delivery_bot\venv\Lib\site-packages\aiogram\client\session\aiohttp.py", line 185, in make_request
    response = self.check_response(
        bot=bot, method=method, status_code=resp.status, content=raw_result
    )
  File "C:\Users\ANUBIS PC\Desktop\parsing PE411\delivery_bot\venv\Lib\site-packages\aiogram\client\session\base.py", line 120, in check_response
    raise TelegramBadRequest(method=method, message=description)
aiogram.exceptions.TelegramBadRequest: Telegram server says - Bad Request: message to edit not found
2025-11-27 20:12:51,989 - INFO - MESSAGE: 131.4680576324463ms
2025-11-27 20:12:51,989 - INFO - Update id=946294988 is handled. Duration 132 ms by bot id=8200360038
2025-11-27 20:12:53,637 - INFO - CALLBACK: 307.481050491333ms
2025-11-27 20:12:53,637 - INFO - Update id=946294989 is handled. Duration 308 ms by bot id=8200360038
2025-11-27 20:12:55,745 - INFO - CALLBACK: 130.3718090057373ms
2025-11-27 20:12:55,745 - INFO - Update id=946294990 is handled. Duration 131 ms by bot id=8200360038
2025-11-27 20:12:56,834 - INFO - CALLBACK: 254.41503524780273ms
2025-11-27 20:12:56,835 - INFO - Update id=946294991 is handled. Duration 255 ms by bot id=8200360038
2025-11-27 20:12:59,581 - INFO - Update id=946294992 is not handled. Duration 748 ms by bot id=8200360038
2025-11-27 20:12:59,582 - ERROR - Cause exception while process update id=946294992 by bot id=8200360038
TelegramBadRequest: Telegram server says - Bad Request: message to edit not found
Traceback (most recent call last):
  File "C:\Users\ANUBIS PC\Desktop\parsing PE411\delivery_bot\venv\Lib\site-packages\aiogram\dispatcher\dispatcher.py", line 309, in _process_update
    response = await self.feed_update(bot, update, **kwargs)
               ^^^^^^^^^^^^^^^^^^^^^^^^^^^^^^^^^^^^^^^^^^^^^
  File "C:\Users\ANUBIS PC\Desktop\parsing PE411\delivery_bot\venv\Lib\site-packages\aiogram\dispatcher\dispatcher.py", line 158, in feed_update
    response = await self.update.wrap_outer_middleware(
               ^^^^^^^^^^^^^^^^^^^^^^^^^^^^^^^^^^^^^^^^
    ...<7 lines>...
    )
    ^
  File "C:\Users\ANUBIS PC\Desktop\parsing PE411\delivery_bot\venv\Lib\site-packages\aiogram\dispatcher\middlewares\error.py", line 25, in __call__
    return await handler(event, data)
           ^^^^^^^^^^^^^^^^^^^^^^^^^^
  File "C:\Users\ANUBIS PC\Desktop\parsing PE411\delivery_bot\venv\Lib\site-packages\aiogram\dispatcher\middlewares\user_context.py", line 56, in __call__
    return await handler(event, data)
           ^^^^^^^^^^^^^^^^^^^^^^^^^^
  File "C:\Users\ANUBIS PC\Desktop\parsing PE411\delivery_bot\venv\Lib\site-packages\aiogram\fsm\middleware.py", line 42, in __call__
    return await handler(event, data)
           ^^^^^^^^^^^^^^^^^^^^^^^^^^
  File "C:\Users\ANUBIS PC\Desktop\parsing PE411\delivery_bot\venv\Lib\site-packages\aiogram\dispatcher\event\telegram.py", line 121, in trigger
    return await wrapped_inner(event, kwargs)
           ^^^^^^^^^^^^^^^^^^^^^^^^^^^^^^^^^^
  File "C:\Users\ANUBIS PC\Desktop\parsing PE411\delivery_bot\middlewares\logging.py", line 20, in __call__
    response = await handler(event, data)
               ^^^^^^^^^^^^^^^^^^^^^^^^^^
  File "C:\Users\ANUBIS PC\Desktop\parsing PE411\delivery_bot\middlewares\auth.py", line 28, in __call__
    return await handler(event, data)
           ^^^^^^^^^^^^^^^^^^^^^^^^^^
  File "C:\Users\ANUBIS PC\Desktop\parsing PE411\delivery_bot\venv\Lib\site-packages\aiogram\dispatcher\event\handler.py", line 43, in call
    return await wrapped()
           ^^^^^^^^^^^^^^^
  File "C:\Users\ANUBIS PC\Desktop\parsing PE411\delivery_bot\venv\Lib\site-packages\aiogram\dispatcher\dispatcher.py", line 276, in _listen_update
    return await self.propagate_event(update_type=update_type, event=event, **kwargs)
           ^^^^^^^^^^^^^^^^^^^^^^^^^^^^^^^^^^^^^^^^^^^^^^^^^^^^^^^^^^^^^^^^^^^^^^^^^^
  File "C:\Users\ANUBIS PC\Desktop\parsing PE411\delivery_bot\venv\Lib\site-packages\aiogram\dispatcher\router.py", line 146, in propagate_event
    return await observer.wrap_outer_middleware(_wrapped, event=event, data=kwargs)
           ^^^^^^^^^^^^^^^^^^^^^^^^^^^^^^^^^^^^^^^^^^^^^^^^^^^^^^^^^^^^^^^^^^^^^^^^
  File "C:\Users\ANUBIS PC\Desktop\parsing PE411\delivery_bot\venv\Lib\site-packages\aiogram\dispatcher\router.py", line 141, in _wrapped
    return await self._propagate_event(
           ^^^^^^^^^^^^^^^^^^^^^^^^^^^^
        observer=observer, update_type=update_type, event=telegram_event, **data
        ^^^^^^^^^^^^^^^^^^^^^^^^^^^^^^^^^^^^^^^^^^^^^^^^^^^^^^^^^^^^^^^^^^^^^^^^
    )
    ^
  File "C:\Users\ANUBIS PC\Desktop\parsing PE411\delivery_bot\venv\Lib\site-packages\aiogram\dispatcher\router.py", line 174, in _propagate_event
    response = await router.propagate_event(update_type=update_type, event=event, **kwargs)
               ^^^^^^^^^^^^^^^^^^^^^^^^^^^^^^^^^^^^^^^^^^^^^^^^^^^^^^^^^^^^^^^^^^^^^^^^^^^^
  File "C:\Users\ANUBIS PC\Desktop\parsing PE411\delivery_bot\venv\Lib\site-packages\aiogram\dispatcher\router.py", line 146, in propagate_event
    return await observer.wrap_outer_middleware(_wrapped, event=event, data=kwargs)
           ^^^^^^^^^^^^^^^^^^^^^^^^^^^^^^^^^^^^^^^^^^^^^^^^^^^^^^^^^^^^^^^^^^^^^^^^
  File "C:\Users\ANUBIS PC\Desktop\parsing PE411\delivery_bot\venv\Lib\site-packages\aiogram\dispatcher\router.py", line 141, in _wrapped
    return await self._propagate_event(
           ^^^^^^^^^^^^^^^^^^^^^^^^^^^^
        observer=observer, update_type=update_type, event=telegram_event, **data
        ^^^^^^^^^^^^^^^^^^^^^^^^^^^^^^^^^^^^^^^^^^^^^^^^^^^^^^^^^^^^^^^^^^^^^^^^
    )
    ^
  File "C:\Users\ANUBIS PC\Desktop\parsing PE411\delivery_bot\venv\Lib\site-packages\aiogram\dispatcher\router.py", line 166, in _propagate_event
    response = await observer.trigger(event, **kwargs)
               ^^^^^^^^^^^^^^^^^^^^^^^^^^^^^^^^^^^^^^^
  File "C:\Users\ANUBIS PC\Desktop\parsing PE411\delivery_bot\venv\Lib\site-packages\aiogram\dispatcher\event\telegram.py", line 121, in trigger
    return await wrapped_inner(event, kwargs)
           ^^^^^^^^^^^^^^^^^^^^^^^^^^^^^^^^^^
  File "C:\Users\ANUBIS PC\Desktop\parsing PE411\delivery_bot\venv\Lib\site-packages\aiogram\dispatcher\event\handler.py", line 43, in call
    return await wrapped()
           ^^^^^^^^^^^^^^^
  File "C:\Users\ANUBIS PC\Desktop\parsing PE411\delivery_bot\routers\menu.py", line 143, in back_handler
    await cb.message.edit_text(
    ...<5 lines>...
    )
  File "C:\Users\ANUBIS PC\Desktop\parsing PE411\delivery_bot\venv\Lib\site-packages\aiogram\methods\base.py", line 84, in emit
    return await bot(self)
           ^^^^^^^^^^^^^^^
  File "C:\Users\ANUBIS PC\Desktop\parsing PE411\delivery_bot\venv\Lib\site-packages\aiogram\client\bot.py", line 485, in __call__
    return await self.session(self, method, timeout=request_timeout)
           ^^^^^^^^^^^^^^^^^^^^^^^^^^^^^^^^^^^^^^^^^^^^^^^^^^^^^^^^^
  File "C:\Users\ANUBIS PC\Desktop\parsing PE411\delivery_bot\venv\Lib\site-packages\aiogram\client\session\base.py", line 254, in __call__
    return cast(TelegramType, await middleware(bot, method))
                              ^^^^^^^^^^^^^^^^^^^^^^^^^^^^^
  File "C:\Users\ANUBIS PC\Desktop\parsing PE411\delivery_bot\venv\Lib\site-packages\aiogram\client\session\aiohttp.py", line 185, in make_request
    response = self.check_response(
        bot=bot, method=method, status_code=resp.status, content=raw_result
    )
  File "C:\Users\ANUBIS PC\Desktop\parsing PE411\delivery_bot\venv\Lib\site-packages\aiogram\client\session\base.py", line 120, in check_response
    raise TelegramBadRequest(method=method, message=description)
aiogram.exceptions.TelegramBadRequest: Telegram server says - Bad Request: message to edit not found
2025-11-27 20:13:21,072 - INFO - Polling stopped
2025-11-27 20:13:21,073 - ERROR - Failed to fetch updates - TelegramNetworkError: HTTP Client says - ServerDisconnectedError: Server disconnected
2025-11-27 20:13:21,073 - WARNING - Sleep for 1.000000 seconds and try again... (tryings = 0, bot id = 8200360038)
2025-11-27 20:13:21,330 - INFO - Polling stopped for bot @pe411_bot id=8200360038 - 'pe411'
2025-11-27 20:13:27,160 - INFO - MESSAGE: 559.1812133789062ms
2025-11-27 20:13:27,161 - INFO - Update id=946294993 is handled. Duration 560 ms by bot id=8200360038
2025-11-27 20:13:28,788 - INFO - CALLBACK: 215.17467498779297ms
2025-11-27 20:13:28,789 - INFO - Update id=946294994 is handled. Duration 215 ms by bot id=8200360038
2025-11-27 20:13:30,110 - INFO - CALLBACK: 175.02307891845703ms
2025-11-27 20:13:30,110 - INFO - Update id=946294995 is handled. Duration 175 ms by bot id=8200360038
2025-11-27 20:13:31,873 - INFO - CALLBACK: 987.5776767730713ms
2025-11-27 20:13:31,873 - INFO - Update id=946294996 is handled. Duration 988 ms by bot id=8200360038
2025-11-27 20:13:33,125 - INFO - CALLBACK: 243.93582344055176ms
2025-11-27 20:13:33,125 - INFO - Update id=946294997 is handled. Duration 244 ms by bot id=8200360038
2025-11-27 20:13:36,363 - INFO - CALLBACK: 900.1266956329346ms
2025-11-27 20:13:36,363 - INFO - Update id=946294998 is handled. Duration 900 ms by bot id=8200360038
2025-11-27 20:13:38,400 - INFO - CALLBACK: 316.77722930908203ms
2025-11-27 20:13:38,401 - INFO - Update id=946294999 is handled. Duration 317 ms by bot id=8200360038
2025-11-27 20:13:39,799 - INFO - CALLBACK: 226.40466690063477ms
2025-11-27 20:13:39,799 - INFO - Update id=946295000 is handled. Duration 227 ms by bot id=8200360038
2025-11-27 20:13:40,977 - INFO - CALLBACK: 296.541690826416ms
2025-11-27 20:13:40,977 - INFO - Update id=946295001 is handled. Duration 297 ms by bot id=8200360038
2025-11-27 20:14:53,000 - INFO - Polling stopped
2025-11-27 20:14:53,002 - ERROR - Failed to fetch updates - TelegramNetworkError: HTTP Client says - ServerDisconnectedError: Server disconnected
2025-11-27 20:14:53,002 - WARNING - Sleep for 1.000000 seconds and try again... (tryings = 0, bot id = 8200360038)
2025-11-27 20:14:53,253 - INFO - Polling stopped for bot @pe411_bot id=8200360038 - 'pe411'
2025-11-27 20:14:59,160 - INFO - CALLBACK: 807.2488307952881ms
2025-11-27 20:14:59,160 - INFO - Update id=946295002 is handled. Duration 809 ms by bot id=8200360038
2025-11-27 20:15:02,728 - INFO - CALLBACK: 209.6385955810547ms
2025-11-27 20:15:02,729 - INFO - Update id=946295003 is handled. Duration 210 ms by bot id=8200360038
2025-11-27 20:15:05,780 - INFO - CALLBACK: 1189.5360946655273ms
2025-11-27 20:15:05,780 - INFO - Update id=946295004 is handled. Duration 1190 ms by bot id=8200360038
2025-11-27 20:15:07,034 - INFO - CALLBACK: 136.43121719360352ms
2025-11-27 20:15:07,034 - INFO - Update id=946295005 is handled. Duration 141 ms by bot id=8200360038
2025-11-27 20:15:09,565 - INFO - CALLBACK: 122.32255935668945ms
2025-11-27 20:15:09,565 - INFO - Update id=946295006 is handled. Duration 122 ms by bot id=8200360038
2025-11-27 20:15:10,497 - INFO - CALLBACK: 115.0820255279541ms
2025-11-27 20:15:10,498 - INFO - Update id=946295007 is handled. Duration 116 ms by bot id=8200360038
2025-11-27 20:37:03,448 - INFO - Polling stopped
2025-11-27 20:37:03,449 - ERROR - Failed to fetch updates - TelegramNetworkError: HTTP Client says - ServerDisconnectedError: Server disconnected
2025-11-27 20:37:03,450 - WARNING - Sleep for 1.000000 seconds and try again... (tryings = 0, bot id = 8200360038)
2025-11-27 20:37:03,703 - INFO - Polling stopped for bot @pe411_bot id=8200360038 - 'pe411'
2025-12-03 19:36:18,308 - INFO - MESSAGE: 615.5173778533936ms
2025-12-03 19:36:18,308 - INFO - Update id=946295014 is handled. Duration 618 ms by bot id=8200360038
2025-12-03 19:36:30,673 - INFO - CALLBACK: 410.3083610534668ms
2025-12-03 19:36:30,673 - INFO - Update id=946295015 is handled. Duration 411 ms by bot id=8200360038
2025-12-03 19:36:32,205 - INFO - CALLBACK: 181.2446117401123ms
2025-12-03 19:36:32,205 - INFO - Update id=946295016 is handled. Duration 182 ms by bot id=8200360038
2025-12-03 19:36:33,132 - INFO - CALLBACK: 4.691123962402344ms
2025-12-03 19:36:33,132 - INFO - Update id=946295017 is not handled. Duration 5 ms by bot id=8200360038
2025-12-03 19:36:36,639 - INFO - CALLBACK: 5.735635757446289ms
2025-12-03 19:36:36,639 - INFO - Update id=946295018 is not handled. Duration 6 ms by bot id=8200360038
2025-12-03 19:36:38,328 - INFO - CALLBACK: 5.967378616333008ms
2025-12-03 19:36:38,328 - INFO - Update id=946295019 is not handled. Duration 6 ms by bot id=8200360038
2025-12-03 19:36:39,186 - INFO - CALLBACK: 8.322477340698242ms
2025-12-03 19:36:39,186 - INFO - Update id=946295021 is not handled. Duration 8 ms by bot id=8200360038
2025-12-03 19:36:39,186 - INFO - CALLBACK: 9.874105453491211ms
2025-12-03 19:36:39,186 - INFO - Update id=946295020 is not handled. Duration 10 ms by bot id=8200360038
2025-12-03 19:36:40,085 - INFO - CALLBACK: 62.47115135192871ms
2025-12-03 19:36:40,085 - INFO - Update id=946295022 is not handled. Duration 63 ms by bot id=8200360038
2025-12-03 19:36:41,919 - INFO - CALLBACK: 4.608631134033203ms
2025-12-03 19:36:41,919 - INFO - Update id=946295023 is not handled. Duration 5 ms by bot id=8200360038
2025-12-03 19:36:42,312 - INFO - CALLBACK: 5.953073501586914ms
2025-12-03 19:36:42,312 - INFO - Update id=946295024 is not handled. Duration 6 ms by bot id=8200360038
2025-12-03 19:36:42,490 - INFO - CALLBACK: 4.667520523071289ms
2025-12-03 19:36:42,490 - INFO - Update id=946295025 is not handled. Duration 5 ms by bot id=8200360038
2025-12-03 19:36:43,479 - INFO - CALLBACK: 5.694389343261719ms
2025-12-03 19:36:43,480 - INFO - Update id=946295026 is not handled. Duration 6 ms by bot id=8200360038
2025-12-03 19:36:43,815 - INFO - CALLBACK: 6.41179084777832ms
2025-12-03 19:36:43,816 - INFO - Update id=946295027 is not handled. Duration 7 ms by bot id=8200360038
2025-12-03 19:36:47,691 - INFO - MESSAGE: 447.7405548095703ms
2025-12-03 19:36:47,691 - INFO - Update id=946295028 is handled. Duration 448 ms by bot id=8200360038
2025-12-03 19:36:48,275 - INFO - CALLBACK: 4.8313140869140625ms
2025-12-03 19:36:48,275 - INFO - Update id=946295029 is not handled. Duration 5 ms by bot id=8200360038
2025-12-03 19:36:50,295 - INFO - CALLBACK: 605.3264141082764ms
2025-12-03 19:36:50,295 - INFO - Update id=946295030 is handled. Duration 606 ms by bot id=8200360038
2025-12-03 19:36:50,414 - INFO - CALLBACK: 129.4701099395752ms
2025-12-03 19:36:50,414 - INFO - Update id=946295032 is handled. Duration 130 ms by bot id=8200360038
2025-12-03 19:37:09,467 - INFO - Update id=946295031 is not handled. Duration 19184 ms by bot id=8200360038
2025-12-03 19:37:09,467 - ERROR - Cause exception while process update id=946295031 by bot id=8200360038
TelegramNetworkError: HTTP Client says - ClientOSError: [WinError 121] Превышен таймаут семафора
Traceback (most recent call last):
  File "C:\Users\ANUBIS PC\AppData\Local\Programs\Python\Python313\Lib\asyncio\proactor_events.py", line 286, in _loop_reading
    length = fut.result()
  File "C:\Users\ANUBIS PC\AppData\Local\Programs\Python\Python313\Lib\asyncio\windows_events.py", line 804, in _poll
    value = callback(transferred, key, ov)
  File "C:\Users\ANUBIS PC\AppData\Local\Programs\Python\Python313\Lib\asyncio\windows_events.py", line 463, in finish_socket_func
    return ov.getresult()
           ~~~~~~~~~~~~^^
OSError: [WinError 121] Превышен таймаут семафора

The above exception was the direct cause of the following exception:

Traceback (most recent call last):
  File "C:\Users\ANUBIS PC\Desktop\parsing PE411\delivery_bot\venv\Lib\site-packages\aiogram\client\session\aiohttp.py", line 177, in make_request
    async with session.post(
               ~~~~~~~~~~~~^
        url, data=form, timeout=self.timeout if timeout is None else timeout
        ^^^^^^^^^^^^^^^^^^^^^^^^^^^^^^^^^^^^^^^^^^^^^^^^^^^^^^^^^^^^^^^^^^^^
    ) as resp:
    ^
  File "C:\Users\ANUBIS PC\Desktop\parsing PE411\delivery_bot\venv\Lib\site-packages\aiohttp\client.py", line 1488, in __aenter__
    self._resp: _RetType = await self._coro
                           ^^^^^^^^^^^^^^^^
  File "C:\Users\ANUBIS PC\Desktop\parsing PE411\delivery_bot\venv\Lib\site-packages\aiohttp\client.py", line 770, in _request
    resp = await handler(req)
           ^^^^^^^^^^^^^^^^^^
  File "C:\Users\ANUBIS PC\Desktop\parsing PE411\delivery_bot\venv\Lib\site-packages\aiohttp\client.py", line 748, in _connect_and_send_request
    await resp.start(conn)
  File "C:\Users\ANUBIS PC\Desktop\parsing PE411\delivery_bot\venv\Lib\site-packages\aiohttp\client_reqrep.py", line 532, in start
    message, payload = await protocol.read()  # type: ignore[union-attr]
                       ^^^^^^^^^^^^^^^^^^^^^
  File "C:\Users\ANUBIS PC\Desktop\parsing PE411\delivery_bot\venv\Lib\site-packages\aiohttp\streams.py", line 672, in read
    await self._waiter
aiohttp.client_exceptions.ClientOSError: [WinError 121] Превышен таймаут семафора

During handling of the above exception, another exception occurred:

Traceback (most recent call last):
  File "C:\Users\ANUBIS PC\Desktop\parsing PE411\delivery_bot\venv\Lib\site-packages\aiogram\dispatcher\dispatcher.py", line 309, in _process_update
    response = await self.feed_update(bot, update, **kwargs)
               ^^^^^^^^^^^^^^^^^^^^^^^^^^^^^^^^^^^^^^^^^^^^^
  File "C:\Users\ANUBIS PC\Desktop\parsing PE411\delivery_bot\venv\Lib\site-packages\aiogram\dispatcher\dispatcher.py", line 158, in feed_update
    response = await self.update.wrap_outer_middleware(
               ^^^^^^^^^^^^^^^^^^^^^^^^^^^^^^^^^^^^^^^^
    ...<7 lines>...
    )
    ^
  File "C:\Users\ANUBIS PC\Desktop\parsing PE411\delivery_bot\venv\Lib\site-packages\aiogram\dispatcher\middlewares\error.py", line 25, in __call__
    return await handler(event, data)
           ^^^^^^^^^^^^^^^^^^^^^^^^^^
  File "C:\Users\ANUBIS PC\Desktop\parsing PE411\delivery_bot\venv\Lib\site-packages\aiogram\dispatcher\middlewares\user_context.py", line 56, in __call__
    return await handler(event, data)
           ^^^^^^^^^^^^^^^^^^^^^^^^^^
  File "C:\Users\ANUBIS PC\Desktop\parsing PE411\delivery_bot\venv\Lib\site-packages\aiogram\fsm\middleware.py", line 42, in __call__
    return await handler(event, data)
           ^^^^^^^^^^^^^^^^^^^^^^^^^^
  File "C:\Users\ANUBIS PC\Desktop\parsing PE411\delivery_bot\venv\Lib\site-packages\aiogram\dispatcher\event\telegram.py", line 121, in trigger
    return await wrapped_inner(event, kwargs)
           ^^^^^^^^^^^^^^^^^^^^^^^^^^^^^^^^^^
  File "C:\Users\ANUBIS PC\Desktop\parsing PE411\delivery_bot\middlewares\logging.py", line 20, in __call__
    response = await handler(event, data)
               ^^^^^^^^^^^^^^^^^^^^^^^^^^
  File "C:\Users\ANUBIS PC\Desktop\parsing PE411\delivery_bot\middlewares\auth.py", line 28, in __call__
    return await handler(event, data)
           ^^^^^^^^^^^^^^^^^^^^^^^^^^
  File "C:\Users\ANUBIS PC\Desktop\parsing PE411\delivery_bot\venv\Lib\site-packages\aiogram\dispatcher\event\handler.py", line 43, in call
    return await wrapped()
           ^^^^^^^^^^^^^^^
  File "C:\Users\ANUBIS PC\Desktop\parsing PE411\delivery_bot\venv\Lib\site-packages\aiogram\dispatcher\dispatcher.py", line 276, in _listen_update
    return await self.propagate_event(update_type=update_type, event=event, **kwargs)
           ^^^^^^^^^^^^^^^^^^^^^^^^^^^^^^^^^^^^^^^^^^^^^^^^^^^^^^^^^^^^^^^^^^^^^^^^^^
  File "C:\Users\ANUBIS PC\Desktop\parsing PE411\delivery_bot\venv\Lib\site-packages\aiogram\dispatcher\router.py", line 146, in propagate_event
    return await observer.wrap_outer_middleware(_wrapped, event=event, data=kwargs)
           ^^^^^^^^^^^^^^^^^^^^^^^^^^^^^^^^^^^^^^^^^^^^^^^^^^^^^^^^^^^^^^^^^^^^^^^^
  File "C:\Users\ANUBIS PC\Desktop\parsing PE411\delivery_bot\venv\Lib\site-packages\aiogram\dispatcher\router.py", line 141, in _wrapped
    return await self._propagate_event(
           ^^^^^^^^^^^^^^^^^^^^^^^^^^^^
        observer=observer, update_type=update_type, event=telegram_event, **data
        ^^^^^^^^^^^^^^^^^^^^^^^^^^^^^^^^^^^^^^^^^^^^^^^^^^^^^^^^^^^^^^^^^^^^^^^^
    )
    ^
  File "C:\Users\ANUBIS PC\Desktop\parsing PE411\delivery_bot\venv\Lib\site-packages\aiogram\dispatcher\router.py", line 174, in _propagate_event
    response = await router.propagate_event(update_type=update_type, event=event, **kwargs)
               ^^^^^^^^^^^^^^^^^^^^^^^^^^^^^^^^^^^^^^^^^^^^^^^^^^^^^^^^^^^^^^^^^^^^^^^^^^^^
  File "C:\Users\ANUBIS PC\Desktop\parsing PE411\delivery_bot\venv\Lib\site-packages\aiogram\dispatcher\router.py", line 146, in propagate_event
    return await observer.wrap_outer_middleware(_wrapped, event=event, data=kwargs)
           ^^^^^^^^^^^^^^^^^^^^^^^^^^^^^^^^^^^^^^^^^^^^^^^^^^^^^^^^^^^^^^^^^^^^^^^^
  File "C:\Users\ANUBIS PC\Desktop\parsing PE411\delivery_bot\venv\Lib\site-packages\aiogram\dispatcher\router.py", line 141, in _wrapped
    return await self._propagate_event(
           ^^^^^^^^^^^^^^^^^^^^^^^^^^^^
        observer=observer, update_type=update_type, event=telegram_event, **data
        ^^^^^^^^^^^^^^^^^^^^^^^^^^^^^^^^^^^^^^^^^^^^^^^^^^^^^^^^^^^^^^^^^^^^^^^^
    )
    ^
  File "C:\Users\ANUBIS PC\Desktop\parsing PE411\delivery_bot\venv\Lib\site-packages\aiogram\dispatcher\router.py", line 166, in _propagate_event
    response = await observer.trigger(event, **kwargs)
               ^^^^^^^^^^^^^^^^^^^^^^^^^^^^^^^^^^^^^^^
  File "C:\Users\ANUBIS PC\Desktop\parsing PE411\delivery_bot\venv\Lib\site-packages\aiogram\dispatcher\event\telegram.py", line 121, in trigger
    return await wrapped_inner(event, kwargs)
           ^^^^^^^^^^^^^^^^^^^^^^^^^^^^^^^^^^
  File "C:\Users\ANUBIS PC\Desktop\parsing PE411\delivery_bot\venv\Lib\site-packages\aiogram\dispatcher\event\handler.py", line 43, in call
    return await wrapped()
           ^^^^^^^^^^^^^^^
  File "C:\Users\ANUBIS PC\Desktop\parsing PE411\delivery_bot\routers\menu.py", line 27, in menu_handler
    await cb.message.edit_text(
    ...<5 lines>...
    )
  File "C:\Users\ANUBIS PC\Desktop\parsing PE411\delivery_bot\venv\Lib\site-packages\aiogram\methods\base.py", line 84, in emit
    return await bot(self)
           ^^^^^^^^^^^^^^^
  File "C:\Users\ANUBIS PC\Desktop\parsing PE411\delivery_bot\venv\Lib\site-packages\aiogram\client\bot.py", line 485, in __call__
    return await self.session(self, method, timeout=request_timeout)
           ^^^^^^^^^^^^^^^^^^^^^^^^^^^^^^^^^^^^^^^^^^^^^^^^^^^^^^^^^
  File "C:\Users\ANUBIS PC\Desktop\parsing PE411\delivery_bot\venv\Lib\site-packages\aiogram\client\session\base.py", line 254, in __call__
    return cast(TelegramType, await middleware(bot, method))
                              ^^^^^^^^^^^^^^^^^^^^^^^^^^^^^
  File "C:\Users\ANUBIS PC\Desktop\parsing PE411\delivery_bot\venv\Lib\site-packages\aiogram\client\session\aiohttp.py", line 184, in make_request
    raise TelegramNetworkError(method=method, message=f"{type(e).__name__}: {e}")
aiogram.exceptions.TelegramNetworkError: HTTP Client says - ClientOSError: [WinError 121] Превышен таймаут семафора
2025-12-03 19:37:13,587 - INFO - Update id=946295033 is not handled. Duration 21618 ms by bot id=8200360038
2025-12-03 19:37:13,587 - ERROR - Cause exception while process update id=946295033 by bot id=8200360038
TelegramBadRequest: Telegram server says - Bad Request: message is not modified: specified new message content and reply markup are exactly the same as a current content and reply markup of the message
Traceback (most recent call last):
  File "C:\Users\ANUBIS PC\Desktop\parsing PE411\delivery_bot\venv\Lib\site-packages\aiogram\dispatcher\dispatcher.py", line 309, in _process_update
    response = await self.feed_update(bot, update, **kwargs)
               ^^^^^^^^^^^^^^^^^^^^^^^^^^^^^^^^^^^^^^^^^^^^^
  File "C:\Users\ANUBIS PC\Desktop\parsing PE411\delivery_bot\venv\Lib\site-packages\aiogram\dispatcher\dispatcher.py", line 158, in feed_update
    response = await self.update.wrap_outer_middleware(
               ^^^^^^^^^^^^^^^^^^^^^^^^^^^^^^^^^^^^^^^^
    ...<7 lines>...
    )
    ^
  File "C:\Users\ANUBIS PC\Desktop\parsing PE411\delivery_bot\venv\Lib\site-packages\aiogram\dispatcher\middlewares\error.py", line 25, in __call__
    return await handler(event, data)
           ^^^^^^^^^^^^^^^^^^^^^^^^^^
  File "C:\Users\ANUBIS PC\Desktop\parsing PE411\delivery_bot\venv\Lib\site-packages\aiogram\dispatcher\middlewares\user_context.py", line 56, in __call__
    return await handler(event, data)
           ^^^^^^^^^^^^^^^^^^^^^^^^^^
  File "C:\Users\ANUBIS PC\Desktop\parsing PE411\delivery_bot\venv\Lib\site-packages\aiogram\fsm\middleware.py", line 42, in __call__
    return await handler(event, data)
           ^^^^^^^^^^^^^^^^^^^^^^^^^^
  File "C:\Users\ANUBIS PC\Desktop\parsing PE411\delivery_bot\venv\Lib\site-packages\aiogram\dispatcher\event\telegram.py", line 121, in trigger
    return await wrapped_inner(event, kwargs)
           ^^^^^^^^^^^^^^^^^^^^^^^^^^^^^^^^^^
  File "C:\Users\ANUBIS PC\Desktop\parsing PE411\delivery_bot\middlewares\logging.py", line 20, in __call__
    response = await handler(event, data)
               ^^^^^^^^^^^^^^^^^^^^^^^^^^
  File "C:\Users\ANUBIS PC\Desktop\parsing PE411\delivery_bot\middlewares\auth.py", line 28, in __call__
    return await handler(event, data)
           ^^^^^^^^^^^^^^^^^^^^^^^^^^
  File "C:\Users\ANUBIS PC\Desktop\parsing PE411\delivery_bot\venv\Lib\site-packages\aiogram\dispatcher\event\handler.py", line 43, in call
    return await wrapped()
           ^^^^^^^^^^^^^^^
  File "C:\Users\ANUBIS PC\Desktop\parsing PE411\delivery_bot\venv\Lib\site-packages\aiogram\dispatcher\dispatcher.py", line 276, in _listen_update
    return await self.propagate_event(update_type=update_type, event=event, **kwargs)
           ^^^^^^^^^^^^^^^^^^^^^^^^^^^^^^^^^^^^^^^^^^^^^^^^^^^^^^^^^^^^^^^^^^^^^^^^^^
  File "C:\Users\ANUBIS PC\Desktop\parsing PE411\delivery_bot\venv\Lib\site-packages\aiogram\dispatcher\router.py", line 146, in propagate_event
    return await observer.wrap_outer_middleware(_wrapped, event=event, data=kwargs)
           ^^^^^^^^^^^^^^^^^^^^^^^^^^^^^^^^^^^^^^^^^^^^^^^^^^^^^^^^^^^^^^^^^^^^^^^^
  File "C:\Users\ANUBIS PC\Desktop\parsing PE411\delivery_bot\venv\Lib\site-packages\aiogram\dispatcher\router.py", line 141, in _wrapped
    return await self._propagate_event(
           ^^^^^^^^^^^^^^^^^^^^^^^^^^^^
        observer=observer, update_type=update_type, event=telegram_event, **data
        ^^^^^^^^^^^^^^^^^^^^^^^^^^^^^^^^^^^^^^^^^^^^^^^^^^^^^^^^^^^^^^^^^^^^^^^^
    )
    ^
  File "C:\Users\ANUBIS PC\Desktop\parsing PE411\delivery_bot\venv\Lib\site-packages\aiogram\dispatcher\router.py", line 174, in _propagate_event
    response = await router.propagate_event(update_type=update_type, event=event, **kwargs)
               ^^^^^^^^^^^^^^^^^^^^^^^^^^^^^^^^^^^^^^^^^^^^^^^^^^^^^^^^^^^^^^^^^^^^^^^^^^^^
  File "C:\Users\ANUBIS PC\Desktop\parsing PE411\delivery_bot\venv\Lib\site-packages\aiogram\dispatcher\router.py", line 146, in propagate_event
    return await observer.wrap_outer_middleware(_wrapped, event=event, data=kwargs)
           ^^^^^^^^^^^^^^^^^^^^^^^^^^^^^^^^^^^^^^^^^^^^^^^^^^^^^^^^^^^^^^^^^^^^^^^^
  File "C:\Users\ANUBIS PC\Desktop\parsing PE411\delivery_bot\venv\Lib\site-packages\aiogram\dispatcher\router.py", line 141, in _wrapped
    return await self._propagate_event(
           ^^^^^^^^^^^^^^^^^^^^^^^^^^^^
        observer=observer, update_type=update_type, event=telegram_event, **data
        ^^^^^^^^^^^^^^^^^^^^^^^^^^^^^^^^^^^^^^^^^^^^^^^^^^^^^^^^^^^^^^^^^^^^^^^^
    )
    ^
  File "C:\Users\ANUBIS PC\Desktop\parsing PE411\delivery_bot\venv\Lib\site-packages\aiogram\dispatcher\router.py", line 166, in _propagate_event
    response = await observer.trigger(event, **kwargs)
               ^^^^^^^^^^^^^^^^^^^^^^^^^^^^^^^^^^^^^^^
  File "C:\Users\ANUBIS PC\Desktop\parsing PE411\delivery_bot\venv\Lib\site-packages\aiogram\dispatcher\event\telegram.py", line 121, in trigger
    return await wrapped_inner(event, kwargs)
           ^^^^^^^^^^^^^^^^^^^^^^^^^^^^^^^^^^
  File "C:\Users\ANUBIS PC\Desktop\parsing PE411\delivery_bot\venv\Lib\site-packages\aiogram\dispatcher\event\handler.py", line 43, in call
    return await wrapped()
           ^^^^^^^^^^^^^^^
  File "C:\Users\ANUBIS PC\Desktop\parsing PE411\delivery_bot\routers\start.py", line 25, in back
    await cb.message.edit_text(
    ...<2 lines>...
    )
  File "C:\Users\ANUBIS PC\Desktop\parsing PE411\delivery_bot\venv\Lib\site-packages\aiogram\methods\base.py", line 84, in emit
    return await bot(self)
           ^^^^^^^^^^^^^^^
  File "C:\Users\ANUBIS PC\Desktop\parsing PE411\delivery_bot\venv\Lib\site-packages\aiogram\client\bot.py", line 485, in __call__
    return await self.session(self, method, timeout=request_timeout)
           ^^^^^^^^^^^^^^^^^^^^^^^^^^^^^^^^^^^^^^^^^^^^^^^^^^^^^^^^^
  File "C:\Users\ANUBIS PC\Desktop\parsing PE411\delivery_bot\venv\Lib\site-packages\aiogram\client\session\base.py", line 254, in __call__
    return cast(TelegramType, await middleware(bot, method))
                              ^^^^^^^^^^^^^^^^^^^^^^^^^^^^^
  File "C:\Users\ANUBIS PC\Desktop\parsing PE411\delivery_bot\venv\Lib\site-packages\aiogram\client\session\aiohttp.py", line 185, in make_request
    response = self.check_response(
        bot=bot, method=method, status_code=resp.status, content=raw_result
    )
  File "C:\Users\ANUBIS PC\Desktop\parsing PE411\delivery_bot\venv\Lib\site-packages\aiogram\client\session\base.py", line 120, in check_response
    raise TelegramBadRequest(method=method, message=description)
aiogram.exceptions.TelegramBadRequest: Telegram server says - Bad Request: message is not modified: specified new message content and reply markup are exactly the same as a current content and reply markup of the message
2025-12-03 19:37:18,569 - INFO - CALLBACK: 5667.906045913696ms
2025-12-03 19:37:18,569 - INFO - Update id=946295036 is handled. Duration 5668 ms by bot id=8200360038
2025-12-03 19:37:18,810 - INFO - MESSAGE: 5608.468294143677ms
2025-12-03 19:37:18,810 - INFO - Update id=946295037 is handled. Duration 5609 ms by bot id=8200360038
2025-12-03 19:37:23,095 - INFO - Update id=946295034 is not handled. Duration 22319 ms by bot id=8200360038
2025-12-03 19:37:23,095 - ERROR - Cause exception while process update id=946295034 by bot id=8200360038
TelegramBadRequest: Telegram server says - Bad Request: message is not modified: specified new message content and reply markup are exactly the same as a current content and reply markup of the message
Traceback (most recent call last):
  File "C:\Users\ANUBIS PC\Desktop\parsing PE411\delivery_bot\venv\Lib\site-packages\aiogram\dispatcher\dispatcher.py", line 309, in _process_update
    response = await self.feed_update(bot, update, **kwargs)
               ^^^^^^^^^^^^^^^^^^^^^^^^^^^^^^^^^^^^^^^^^^^^^
  File "C:\Users\ANUBIS PC\Desktop\parsing PE411\delivery_bot\venv\Lib\site-packages\aiogram\dispatcher\dispatcher.py", line 158, in feed_update
    response = await self.update.wrap_outer_middleware(
               ^^^^^^^^^^^^^^^^^^^^^^^^^^^^^^^^^^^^^^^^
    ...<7 lines>...
    )
    ^
  File "C:\Users\ANUBIS PC\Desktop\parsing PE411\delivery_bot\venv\Lib\site-packages\aiogram\dispatcher\middlewares\error.py", line 25, in __call__
    return await handler(event, data)
           ^^^^^^^^^^^^^^^^^^^^^^^^^^
  File "C:\Users\ANUBIS PC\Desktop\parsing PE411\delivery_bot\venv\Lib\site-packages\aiogram\dispatcher\middlewares\user_context.py", line 56, in __call__
    return await handler(event, data)
           ^^^^^^^^^^^^^^^^^^^^^^^^^^
  File "C:\Users\ANUBIS PC\Desktop\parsing PE411\delivery_bot\venv\Lib\site-packages\aiogram\fsm\middleware.py", line 42, in __call__
    return await handler(event, data)
           ^^^^^^^^^^^^^^^^^^^^^^^^^^
  File "C:\Users\ANUBIS PC\Desktop\parsing PE411\delivery_bot\venv\Lib\site-packages\aiogram\dispatcher\event\telegram.py", line 121, in trigger
    return await wrapped_inner(event, kwargs)
           ^^^^^^^^^^^^^^^^^^^^^^^^^^^^^^^^^^
  File "C:\Users\ANUBIS PC\Desktop\parsing PE411\delivery_bot\middlewares\logging.py", line 20, in __call__
    response = await handler(event, data)
               ^^^^^^^^^^^^^^^^^^^^^^^^^^
  File "C:\Users\ANUBIS PC\Desktop\parsing PE411\delivery_bot\middlewares\auth.py", line 28, in __call__
    return await handler(event, data)
           ^^^^^^^^^^^^^^^^^^^^^^^^^^
  File "C:\Users\ANUBIS PC\Desktop\parsing PE411\delivery_bot\venv\Lib\site-packages\aiogram\dispatcher\event\handler.py", line 43, in call
    return await wrapped()
           ^^^^^^^^^^^^^^^
  File "C:\Users\ANUBIS PC\Desktop\parsing PE411\delivery_bot\venv\Lib\site-packages\aiogram\dispatcher\dispatcher.py", line 276, in _listen_update
    return await self.propagate_event(update_type=update_type, event=event, **kwargs)
           ^^^^^^^^^^^^^^^^^^^^^^^^^^^^^^^^^^^^^^^^^^^^^^^^^^^^^^^^^^^^^^^^^^^^^^^^^^
  File "C:\Users\ANUBIS PC\Desktop\parsing PE411\delivery_bot\venv\Lib\site-packages\aiogram\dispatcher\router.py", line 146, in propagate_event
    return await observer.wrap_outer_middleware(_wrapped, event=event, data=kwargs)
           ^^^^^^^^^^^^^^^^^^^^^^^^^^^^^^^^^^^^^^^^^^^^^^^^^^^^^^^^^^^^^^^^^^^^^^^^
  File "C:\Users\ANUBIS PC\Desktop\parsing PE411\delivery_bot\venv\Lib\site-packages\aiogram\dispatcher\router.py", line 141, in _wrapped
    return await self._propagate_event(
           ^^^^^^^^^^^^^^^^^^^^^^^^^^^^
        observer=observer, update_type=update_type, event=telegram_event, **data
        ^^^^^^^^^^^^^^^^^^^^^^^^^^^^^^^^^^^^^^^^^^^^^^^^^^^^^^^^^^^^^^^^^^^^^^^^
    )
    ^
  File "C:\Users\ANUBIS PC\Desktop\parsing PE411\delivery_bot\venv\Lib\site-packages\aiogram\dispatcher\router.py", line 174, in _propagate_event
    response = await router.propagate_event(update_type=update_type, event=event, **kwargs)
               ^^^^^^^^^^^^^^^^^^^^^^^^^^^^^^^^^^^^^^^^^^^^^^^^^^^^^^^^^^^^^^^^^^^^^^^^^^^^
  File "C:\Users\ANUBIS PC\Desktop\parsing PE411\delivery_bot\venv\Lib\site-packages\aiogram\dispatcher\router.py", line 146, in propagate_event
    return await observer.wrap_outer_middleware(_wrapped, event=event, data=kwargs)
           ^^^^^^^^^^^^^^^^^^^^^^^^^^^^^^^^^^^^^^^^^^^^^^^^^^^^^^^^^^^^^^^^^^^^^^^^
  File "C:\Users\ANUBIS PC\Desktop\parsing PE411\delivery_bot\venv\Lib\site-packages\aiogram\dispatcher\router.py", line 141, in _wrapped
    return await self._propagate_event(
           ^^^^^^^^^^^^^^^^^^^^^^^^^^^^
        observer=observer, update_type=update_type, event=telegram_event, **data
        ^^^^^^^^^^^^^^^^^^^^^^^^^^^^^^^^^^^^^^^^^^^^^^^^^^^^^^^^^^^^^^^^^^^^^^^^
    )
    ^
  File "C:\Users\ANUBIS PC\Desktop\parsing PE411\delivery_bot\venv\Lib\site-packages\aiogram\dispatcher\router.py", line 166, in _propagate_event
    response = await observer.trigger(event, **kwargs)
               ^^^^^^^^^^^^^^^^^^^^^^^^^^^^^^^^^^^^^^^
  File "C:\Users\ANUBIS PC\Desktop\parsing PE411\delivery_bot\venv\Lib\site-packages\aiogram\dispatcher\event\telegram.py", line 121, in trigger
    return await wrapped_inner(event, kwargs)
           ^^^^^^^^^^^^^^^^^^^^^^^^^^^^^^^^^^
  File "C:\Users\ANUBIS PC\Desktop\parsing PE411\delivery_bot\venv\Lib\site-packages\aiogram\dispatcher\event\handler.py", line 43, in call
    return await wrapped()
           ^^^^^^^^^^^^^^^
  File "C:\Users\ANUBIS PC\Desktop\parsing PE411\delivery_bot\routers\menu.py", line 27, in menu_handler
    await cb.message.edit_text(
    ...<5 lines>...
    )
  File "C:\Users\ANUBIS PC\Desktop\parsing PE411\delivery_bot\venv\Lib\site-packages\aiogram\methods\base.py", line 84, in emit
    return await bot(self)
           ^^^^^^^^^^^^^^^
  File "C:\Users\ANUBIS PC\Desktop\parsing PE411\delivery_bot\venv\Lib\site-packages\aiogram\client\bot.py", line 485, in __call__
    return await self.session(self, method, timeout=request_timeout)
           ^^^^^^^^^^^^^^^^^^^^^^^^^^^^^^^^^^^^^^^^^^^^^^^^^^^^^^^^^
  File "C:\Users\ANUBIS PC\Desktop\parsing PE411\delivery_bot\venv\Lib\site-packages\aiogram\client\session\base.py", line 254, in __call__
    return cast(TelegramType, await middleware(bot, method))
                              ^^^^^^^^^^^^^^^^^^^^^^^^^^^^^
  File "C:\Users\ANUBIS PC\Desktop\parsing PE411\delivery_bot\venv\Lib\site-packages\aiogram\client\session\aiohttp.py", line 185, in make_request
    response = self.check_response(
        bot=bot, method=method, status_code=resp.status, content=raw_result
    )
  File "C:\Users\ANUBIS PC\Desktop\parsing PE411\delivery_bot\venv\Lib\site-packages\aiogram\client\session\base.py", line 120, in check_response
    raise TelegramBadRequest(method=method, message=description)
aiogram.exceptions.TelegramBadRequest: Telegram server says - Bad Request: message is not modified: specified new message content and reply markup are exactly the same as a current content and reply markup of the message
2025-12-03 19:37:27,189 - INFO - Update id=946295035 is not handled. Duration 20172 ms by bot id=8200360038
2025-12-03 19:37:27,189 - ERROR - Cause exception while process update id=946295035 by bot id=8200360038
TelegramBadRequest: Telegram server says - Bad Request: message is not modified: specified new message content and reply markup are exactly the same as a current content and reply markup of the message
Traceback (most recent call last):
  File "C:\Users\ANUBIS PC\Desktop\parsing PE411\delivery_bot\venv\Lib\site-packages\aiogram\dispatcher\dispatcher.py", line 309, in _process_update
    response = await self.feed_update(bot, update, **kwargs)
               ^^^^^^^^^^^^^^^^^^^^^^^^^^^^^^^^^^^^^^^^^^^^^
  File "C:\Users\ANUBIS PC\Desktop\parsing PE411\delivery_bot\venv\Lib\site-packages\aiogram\dispatcher\dispatcher.py", line 158, in feed_update
    response = await self.update.wrap_outer_middleware(
               ^^^^^^^^^^^^^^^^^^^^^^^^^^^^^^^^^^^^^^^^
    ...<7 lines>...
    )
    ^
  File "C:\Users\ANUBIS PC\Desktop\parsing PE411\delivery_bot\venv\Lib\site-packages\aiogram\dispatcher\middlewares\error.py", line 25, in __call__
    return await handler(event, data)
           ^^^^^^^^^^^^^^^^^^^^^^^^^^
  File "C:\Users\ANUBIS PC\Desktop\parsing PE411\delivery_bot\venv\Lib\site-packages\aiogram\dispatcher\middlewares\user_context.py", line 56, in __call__
    return await handler(event, data)
           ^^^^^^^^^^^^^^^^^^^^^^^^^^
  File "C:\Users\ANUBIS PC\Desktop\parsing PE411\delivery_bot\venv\Lib\site-packages\aiogram\fsm\middleware.py", line 42, in __call__
    return await handler(event, data)
           ^^^^^^^^^^^^^^^^^^^^^^^^^^
  File "C:\Users\ANUBIS PC\Desktop\parsing PE411\delivery_bot\venv\Lib\site-packages\aiogram\dispatcher\event\telegram.py", line 121, in trigger
    return await wrapped_inner(event, kwargs)
           ^^^^^^^^^^^^^^^^^^^^^^^^^^^^^^^^^^
  File "C:\Users\ANUBIS PC\Desktop\parsing PE411\delivery_bot\middlewares\logging.py", line 20, in __call__
    response = await handler(event, data)
               ^^^^^^^^^^^^^^^^^^^^^^^^^^
  File "C:\Users\ANUBIS PC\Desktop\parsing PE411\delivery_bot\middlewares\auth.py", line 28, in __call__
    return await handler(event, data)
           ^^^^^^^^^^^^^^^^^^^^^^^^^^
  File "C:\Users\ANUBIS PC\Desktop\parsing PE411\delivery_bot\venv\Lib\site-packages\aiogram\dispatcher\event\handler.py", line 43, in call
    return await wrapped()
           ^^^^^^^^^^^^^^^
  File "C:\Users\ANUBIS PC\Desktop\parsing PE411\delivery_bot\venv\Lib\site-packages\aiogram\dispatcher\dispatcher.py", line 276, in _listen_update
    return await self.propagate_event(update_type=update_type, event=event, **kwargs)
           ^^^^^^^^^^^^^^^^^^^^^^^^^^^^^^^^^^^^^^^^^^^^^^^^^^^^^^^^^^^^^^^^^^^^^^^^^^
  File "C:\Users\ANUBIS PC\Desktop\parsing PE411\delivery_bot\venv\Lib\site-packages\aiogram\dispatcher\router.py", line 146, in propagate_event
    return await observer.wrap_outer_middleware(_wrapped, event=event, data=kwargs)
           ^^^^^^^^^^^^^^^^^^^^^^^^^^^^^^^^^^^^^^^^^^^^^^^^^^^^^^^^^^^^^^^^^^^^^^^^
  File "C:\Users\ANUBIS PC\Desktop\parsing PE411\delivery_bot\venv\Lib\site-packages\aiogram\dispatcher\router.py", line 141, in _wrapped
    return await self._propagate_event(
           ^^^^^^^^^^^^^^^^^^^^^^^^^^^^
        observer=observer, update_type=update_type, event=telegram_event, **data
        ^^^^^^^^^^^^^^^^^^^^^^^^^^^^^^^^^^^^^^^^^^^^^^^^^^^^^^^^^^^^^^^^^^^^^^^^
    )
    ^
  File "C:\Users\ANUBIS PC\Desktop\parsing PE411\delivery_bot\venv\Lib\site-packages\aiogram\dispatcher\router.py", line 174, in _propagate_event
    response = await router.propagate_event(update_type=update_type, event=event, **kwargs)
               ^^^^^^^^^^^^^^^^^^^^^^^^^^^^^^^^^^^^^^^^^^^^^^^^^^^^^^^^^^^^^^^^^^^^^^^^^^^^
  File "C:\Users\ANUBIS PC\Desktop\parsing PE411\delivery_bot\venv\Lib\site-packages\aiogram\dispatcher\router.py", line 146, in propagate_event
    return await observer.wrap_outer_middleware(_wrapped, event=event, data=kwargs)
           ^^^^^^^^^^^^^^^^^^^^^^^^^^^^^^^^^^^^^^^^^^^^^^^^^^^^^^^^^^^^^^^^^^^^^^^^
  File "C:\Users\ANUBIS PC\Desktop\parsing PE411\delivery_bot\venv\Lib\site-packages\aiogram\dispatcher\router.py", line 141, in _wrapped
    return await self._propagate_event(
           ^^^^^^^^^^^^^^^^^^^^^^^^^^^^
        observer=observer, update_type=update_type, event=telegram_event, **data
        ^^^^^^^^^^^^^^^^^^^^^^^^^^^^^^^^^^^^^^^^^^^^^^^^^^^^^^^^^^^^^^^^^^^^^^^^
    )
    ^
  File "C:\Users\ANUBIS PC\Desktop\parsing PE411\delivery_bot\venv\Lib\site-packages\aiogram\dispatcher\router.py", line 166, in _propagate_event
    response = await observer.trigger(event, **kwargs)
               ^^^^^^^^^^^^^^^^^^^^^^^^^^^^^^^^^^^^^^^
  File "C:\Users\ANUBIS PC\Desktop\parsing PE411\delivery_bot\venv\Lib\site-packages\aiogram\dispatcher\event\telegram.py", line 121, in trigger
    return await wrapped_inner(event, kwargs)
           ^^^^^^^^^^^^^^^^^^^^^^^^^^^^^^^^^^
  File "C:\Users\ANUBIS PC\Desktop\parsing PE411\delivery_bot\venv\Lib\site-packages\aiogram\dispatcher\event\handler.py", line 43, in call
    return await wrapped()
           ^^^^^^^^^^^^^^^
  File "C:\Users\ANUBIS PC\Desktop\parsing PE411\delivery_bot\routers\menu.py", line 27, in menu_handler
    await cb.message.edit_text(
    ...<5 lines>...
    )
  File "C:\Users\ANUBIS PC\Desktop\parsing PE411\delivery_bot\venv\Lib\site-packages\aiogram\methods\base.py", line 84, in emit
    return await bot(self)
           ^^^^^^^^^^^^^^^
  File "C:\Users\ANUBIS PC\Desktop\parsing PE411\delivery_bot\venv\Lib\site-packages\aiogram\client\bot.py", line 485, in __call__
    return await self.session(self, method, timeout=request_timeout)
           ^^^^^^^^^^^^^^^^^^^^^^^^^^^^^^^^^^^^^^^^^^^^^^^^^^^^^^^^^
  File "C:\Users\ANUBIS PC\Desktop\parsing PE411\delivery_bot\venv\Lib\site-packages\aiogram\client\session\base.py", line 254, in __call__
    return cast(TelegramType, await middleware(bot, method))
                              ^^^^^^^^^^^^^^^^^^^^^^^^^^^^^
  File "C:\Users\ANUBIS PC\Desktop\parsing PE411\delivery_bot\venv\Lib\site-packages\aiogram\client\session\aiohttp.py", line 185, in make_request
    response = self.check_response(
        bot=bot, method=method, status_code=resp.status, content=raw_result
    )
  File "C:\Users\ANUBIS PC\Desktop\parsing PE411\delivery_bot\venv\Lib\site-packages\aiogram\client\session\base.py", line 120, in check_response
    raise TelegramBadRequest(method=method, message=description)
aiogram.exceptions.TelegramBadRequest: Telegram server says - Bad Request: message is not modified: specified new message content and reply markup are exactly the same as a current content and reply markup of the message
2025-12-03 19:37:33,819 - INFO - CALLBACK: 212.50486373901367ms
2025-12-03 19:37:33,820 - INFO - Update id=946295038 is handled. Duration 213 ms by bot id=8200360038
2025-12-03 19:37:35,308 - INFO - CALLBACK: 157.16242790222168ms
2025-12-03 19:37:35,309 - INFO - Update id=946295039 is handled. Duration 158 ms by bot id=8200360038
2025-12-03 19:37:36,354 - INFO - CALLBACK: 5.257129669189453ms
2025-12-03 19:37:36,355 - INFO - Update id=946295040 is not handled. Duration 6 ms by bot id=8200360038
2025-12-03 19:38:11,422 - INFO - CALLBACK: 5.512475967407227ms
2025-12-03 19:38:11,422 - INFO - Update id=946295041 is not handled. Duration 6 ms by bot id=8200360038
2025-12-03 19:38:19,806 - ERROR - Failed to fetch updates - TelegramNetworkError: HTTP Client says - ClientOSError: [WinError 1236] Подключение к сети было разорвано локальной системой
2025-12-03 19:38:19,806 - WARNING - Sleep for 1.000000 seconds and try again... (tryings = 0, bot id = 8200360038)
2025-12-03 19:38:22,907 - INFO - Connection established (tryings = 1, bot id = 8200360038)
2025-12-03 19:38:22,913 - INFO - CALLBACK: 5.106925964355469ms
2025-12-03 19:38:22,913 - INFO - Update id=946295042 is not handled. Duration 5 ms by bot id=8200360038
2025-12-03 19:38:24,525 - INFO - CALLBACK: 5.115747451782227ms
2025-12-03 19:38:24,525 - INFO - Update id=946295043 is not handled. Duration 5 ms by bot id=8200360038
2025-12-03 19:38:27,425 - INFO - MESSAGE: 417.4046516418457ms
2025-12-03 19:38:27,425 - INFO - Update id=946295044 is handled. Duration 418 ms by bot id=8200360038
2025-12-03 19:38:28,931 - INFO - CALLBACK: 191.01953506469727ms
2025-12-03 19:38:28,931 - INFO - Update id=946295045 is handled. Duration 191 ms by bot id=8200360038
2025-12-03 19:38:30,225 - INFO - CALLBACK: 191.61748886108398ms
2025-12-03 19:38:30,225 - INFO - Update id=946295046 is handled. Duration 192 ms by bot id=8200360038
2025-12-03 19:38:31,046 - INFO - CALLBACK: 4.5108795166015625ms
2025-12-03 19:38:31,046 - INFO - Update id=946295047 is not handled. Duration 5 ms by bot id=8200360038
2025-12-03 19:38:31,951 - INFO - CALLBACK: 4.707813262939453ms
2025-12-03 19:38:31,951 - INFO - Update id=946295048 is not handled. Duration 5 ms by bot id=8200360038
2025-12-03 19:38:32,511 - INFO - CALLBACK: 5.644798278808594ms
2025-12-03 19:38:32,511 - INFO - Update id=946295049 is not handled. Duration 6 ms by bot id=8200360038
2025-12-03 19:38:34,182 - INFO - CALLBACK: 3.816843032836914ms
2025-12-03 19:38:34,183 - INFO - Update id=946295050 is handled. Duration 4 ms by bot id=8200360038
2025-12-03 19:38:36,124 - INFO - CALLBACK: 4.876136779785156ms
2025-12-03 19:38:36,124 - INFO - Update id=946295051 is not handled. Duration 5 ms by bot id=8200360038
2025-12-03 19:38:36,528 - INFO - CALLBACK: 5.945444107055664ms
2025-12-03 19:38:36,529 - INFO - Update id=946295052 is not handled. Duration 7 ms by bot id=8200360038
2025-12-03 19:38:36,972 - INFO - CALLBACK: 4.790782928466797ms
2025-12-03 19:38:36,972 - INFO - Update id=946295053 is not handled. Duration 5 ms by bot id=8200360038
2025-12-03 19:38:40,660 - INFO - Polling stopped
2025-12-03 19:38:40,662 - ERROR - Failed to fetch updates - TelegramNetworkError: HTTP Client says - ServerDisconnectedError: Server disconnected
2025-12-03 19:38:40,662 - WARNING - Sleep for 1.000000 seconds and try again... (tryings = 0, bot id = 8200360038)
2025-12-03 19:38:40,924 - INFO - Polling stopped for bot @pe411_bot id=8200360038 - 'pe411'
2025-12-03 19:38:55,018 - INFO - MESSAGE: 627.5539398193359ms
2025-12-03 19:38:55,019 - INFO - Update id=946295054 is handled. Duration 629 ms by bot id=8200360038
2025-12-03 19:38:58,573 - INFO - CALLBACK: 381.84189796447754ms
2025-12-03 19:38:58,573 - INFO - Update id=946295055 is handled. Duration 382 ms by bot id=8200360038
2025-12-03 19:39:23,325 - INFO - Polling stopped
2025-12-03 19:39:23,326 - ERROR - Failed to fetch updates - TelegramNetworkError: HTTP Client says - ServerDisconnectedError: Server disconnected
2025-12-03 19:39:23,326 - WARNING - Sleep for 1.000000 seconds and try again... (tryings = 0, bot id = 8200360038)
2025-12-03 19:39:23,586 - INFO - Polling stopped for bot @pe411_bot id=8200360038 - 'pe411'
2025-12-03 19:39:30,604 - INFO - MESSAGE: 526.8445014953613ms
2025-12-03 19:39:30,604 - INFO - Update id=946295056 is handled. Duration 528 ms by bot id=8200360038
2025-12-03 19:39:33,627 - INFO - CALLBACK: 354.21156883239746ms
2025-12-03 19:39:33,628 - INFO - Update id=946295057 is handled. Duration 355 ms by bot id=8200360038
2025-12-03 19:39:36,089 - INFO - CALLBACK: 183.78472328186035ms
2025-12-03 19:39:36,090 - INFO - Update id=946295058 is handled. Duration 184 ms by bot id=8200360038
2025-12-03 19:39:37,091 - INFO - CALLBACK: 6.227970123291016ms
2025-12-03 19:39:37,091 - INFO - Update id=946295059 is not handled. Duration 7 ms by bot id=8200360038
2025-12-03 19:39:53,310 - INFO - CALLBACK: 5.0182342529296875ms
2025-12-03 19:39:53,310 - INFO - Update id=946295060 is not handled. Duration 5 ms by bot id=8200360038
2025-12-03 19:39:53,760 - INFO - CALLBACK: 5.02324104309082ms
2025-12-03 19:39:53,761 - INFO - Update id=946295061 is not handled. Duration 5 ms by bot id=8200360038
2025-12-03 19:39:59,294 - INFO - CALLBACK: 6.377696990966797ms
2025-12-03 19:39:59,294 - INFO - Update id=946295062 is not handled. Duration 7 ms by bot id=8200360038
2025-12-03 19:39:59,632 - INFO - CALLBACK: 4.644870758056641ms
2025-12-03 19:39:59,632 - INFO - Update id=946295063 is not handled. Duration 5 ms by bot id=8200360038
2025-12-03 19:40:00,404 - INFO - CALLBACK: 5.156040191650391ms
2025-12-03 19:40:00,404 - INFO - Update id=946295064 is not handled. Duration 5 ms by bot id=8200360038
2025-12-03 19:40:00,755 - INFO - CALLBACK: 5.141496658325195ms
2025-12-03 19:40:00,755 - INFO - Update id=946295065 is not handled. Duration 5 ms by bot id=8200360038
2025-12-03 19:40:01,351 - INFO - CALLBACK: 4.602193832397461ms
2025-12-03 19:40:01,351 - INFO - Update id=946295066 is not handled. Duration 5 ms by bot id=8200360038
2025-12-03 19:40:05,576 - INFO - CALLBACK: 307.33466148376465ms
2025-12-03 19:40:05,576 - INFO - Update id=946295067 is handled. Duration 308 ms by bot id=8200360038
2025-12-03 19:40:10,465 - INFO - CALLBACK: 187.05987930297852ms
2025-12-03 19:40:10,465 - INFO - Update id=946295068 is handled. Duration 187 ms by bot id=8200360038
2025-12-03 19:40:13,696 - INFO - CALLBACK: 183.3512783050537ms
2025-12-03 19:40:13,696 - INFO - Update id=946295069 is handled. Duration 184 ms by bot id=8200360038
2025-12-03 19:40:14,679 - INFO - CALLBACK: 4.737615585327148ms
2025-12-03 19:40:14,679 - INFO - Update id=946295070 is not handled. Duration 5 ms by bot id=8200360038
2025-12-03 19:40:15,990 - INFO - CALLBACK: 4.625082015991211ms
2025-12-03 19:40:15,990 - INFO - Update id=946295071 is not handled. Duration 5 ms by bot id=8200360038
2025-12-03 19:40:16,800 - INFO - CALLBACK: 4.586696624755859ms
2025-12-03 19:40:16,800 - INFO - Update id=946295072 is not handled. Duration 5 ms by bot id=8200360038
2025-12-03 19:40:19,718 - INFO - CALLBACK: 4.619598388671875ms
2025-12-03 19:40:19,718 - INFO - Update id=946295073 is not handled. Duration 5 ms by bot id=8200360038
2025-12-03 19:40:21,988 - INFO - CALLBACK: 4.447221755981445ms
2025-12-03 19:40:21,989 - INFO - Update id=946295074 is not handled. Duration 5 ms by bot id=8200360038
2025-12-03 19:40:59,018 - INFO - Polling stopped
2025-12-03 19:40:59,019 - ERROR - Failed to fetch updates - TelegramNetworkError: HTTP Client says - ServerDisconnectedError: Server disconnected
2025-12-03 19:40:59,020 - WARNING - Sleep for 1.000000 seconds and try again... (tryings = 0, bot id = 8200360038)
2025-12-03 19:40:59,277 - INFO - Polling stopped for bot @pe411_bot id=8200360038 - 'pe411'
2025-12-03 19:41:07,957 - INFO - MESSAGE: 674.0396022796631ms
2025-12-03 19:41:07,958 - INFO - Update id=946295075 is handled. Duration 675 ms by bot id=8200360038
2025-12-03 19:41:15,109 - INFO - CALLBACK: 391.3383483886719ms
2025-12-03 19:41:15,109 - INFO - Update id=946295076 is handled. Duration 392 ms by bot id=8200360038
2025-12-03 19:41:16,747 - INFO - CALLBACK: 208.9071273803711ms
2025-12-03 19:41:16,747 - INFO - Update id=946295077 is handled. Duration 209 ms by bot id=8200360038
2025-12-03 19:41:18,214 - INFO - CALLBACK: 5.311250686645508ms
2025-12-03 19:41:18,214 - INFO - Update id=946295078 is not handled. Duration 6 ms by bot id=8200360038
2025-12-03 19:41:18,676 - INFO - CALLBACK: 5.600452423095703ms
2025-12-03 19:41:18,677 - INFO - Update id=946295079 is not handled. Duration 7 ms by bot id=8200360038
2025-12-03 19:41:18,946 - INFO - CALLBACK: 4.620552062988281ms
2025-12-03 19:41:18,947 - INFO - Update id=946295080 is not handled. Duration 5 ms by bot id=8200360038
2025-12-03 19:41:20,193 - INFO - CALLBACK: 6.34455680847168ms
2025-12-03 19:41:20,193 - INFO - Update id=946295081 is handled. Duration 7 ms by bot id=8200360038
2025-12-03 19:41:23,455 - INFO - CALLBACK: 9.331703186035156ms
2025-12-03 19:41:23,456 - INFO - Update id=946295082 is not handled. Duration 9 ms by bot id=8200360038
2025-12-03 19:41:23,456 - INFO - CALLBACK: 8.026123046875ms
2025-12-03 19:41:23,456 - INFO - Update id=946295083 is not handled. Duration 8 ms by bot id=8200360038
2025-12-03 19:41:23,636 - INFO - CALLBACK: 12.070894241333008ms
2025-12-03 19:41:23,636 - INFO - Update id=946295084 is not handled. Duration 12 ms by bot id=8200360038
2025-12-03 19:43:01,572 - INFO - MESSAGE: 167.2384738922119ms
2025-12-03 19:43:01,573 - INFO - Update id=946295085 is handled. Duration 167 ms by bot id=8200360038
2025-12-03 19:43:02,883 - INFO - CALLBACK: 184.63134765625ms
2025-12-03 19:43:02,884 - INFO - Update id=946295086 is handled. Duration 185 ms by bot id=8200360038
2025-12-03 19:43:04,183 - INFO - CALLBACK: 219.93374824523926ms
2025-12-03 19:43:04,183 - INFO - Update id=946295087 is handled. Duration 220 ms by bot id=8200360038
2025-12-03 19:43:05,309 - INFO - CALLBACK: 4.461765289306641ms
2025-12-03 19:43:05,309 - INFO - Update id=946295088 is not handled. Duration 5 ms by bot id=8200360038
2025-12-03 19:43:13,705 - INFO - MESSAGE: 201.1435031890869ms
2025-12-03 19:43:13,705 - INFO - Update id=946295089 is handled. Duration 202 ms by bot id=8200360038
2025-12-03 19:43:15,069 - INFO - CALLBACK: 185.8518123626709ms
2025-12-03 19:43:15,069 - INFO - Update id=946295090 is handled. Duration 186 ms by bot id=8200360038
2025-12-03 19:43:16,868 - INFO - CALLBACK: 252.37321853637695ms
2025-12-03 19:43:16,868 - INFO - Update id=946295091 is handled. Duration 253 ms by bot id=8200360038
2025-12-03 19:43:18,081 - INFO - CALLBACK: 4.573583602905273ms
2025-12-03 19:43:18,081 - INFO - Update id=946295092 is not handled. Duration 5 ms by bot id=8200360038
2025-12-03 19:48:53,490 - INFO - MESSAGE: 192.33322143554688ms
2025-12-03 19:48:53,491 - INFO - Update id=946295093 is handled. Duration 193 ms by bot id=8200360038
2025-12-03 19:48:54,965 - INFO - CALLBACK: 169.27194595336914ms
2025-12-03 19:48:54,966 - INFO - Update id=946295094 is handled. Duration 170 ms by bot id=8200360038
2025-12-03 19:48:57,037 - INFO - CALLBACK: 212.88490295410156ms
2025-12-03 19:48:57,037 - INFO - Update id=946295095 is handled. Duration 213 ms by bot id=8200360038
2025-12-03 19:48:58,392 - INFO - CALLBACK: 4.554986953735352ms
2025-12-03 19:48:58,392 - INFO - Update id=946295096 is not handled. Duration 5 ms by bot id=8200360038
2025-12-03 19:48:59,611 - INFO - CALLBACK: 4.527091979980469ms
2025-12-03 19:48:59,611 - INFO - Update id=946295097 is not handled. Duration 5 ms by bot id=8200360038
2025-12-03 19:49:00,027 - INFO - CALLBACK: 4.629850387573242ms
2025-12-03 19:49:00,027 - INFO - Update id=946295098 is not handled. Duration 5 ms by bot id=8200360038
2025-12-03 19:49:01,152 - INFO - CALLBACK: 5.724430084228516ms
2025-12-03 19:49:01,152 - INFO - Update id=946295099 is not handled. Duration 6 ms by bot id=8200360038
2025-12-03 19:49:01,294 - INFO - CALLBACK: 9.947061538696289ms
2025-12-03 19:49:01,294 - INFO - Update id=946295101 is handled. Duration 10 ms by bot id=8200360038
2025-12-03 19:49:01,295 - INFO - CALLBACK: 12.49551773071289ms
2025-12-03 19:49:01,295 - INFO - Update id=946295100 is not handled. Duration 13 ms by bot id=8200360038
2025-12-03 19:49:08,606 - INFO - Polling stopped
2025-12-03 19:49:08,608 - ERROR - Failed to fetch updates - TelegramNetworkError: HTTP Client says - ServerDisconnectedError: Server disconnected
2025-12-03 19:49:08,608 - WARNING - Sleep for 1.000000 seconds and try again... (tryings = 0, bot id = 8200360038)
2025-12-03 19:49:08,866 - INFO - Polling stopped for bot @pe411_bot id=8200360038 - 'pe411'
2025-12-03 19:49:15,643 - INFO - MESSAGE: 587.9073143005371ms
2025-12-03 19:49:15,643 - INFO - Update id=946295102 is handled. Duration 589 ms by bot id=8200360038
2025-12-03 19:49:17,628 - INFO - CALLBACK: 392.93503761291504ms
2025-12-03 19:49:17,628 - INFO - Update id=946295103 is handled. Duration 394 ms by bot id=8200360038
2025-12-03 19:49:19,360 - INFO - CALLBACK: 211.4713191986084ms
2025-12-03 19:49:19,360 - INFO - Update id=946295104 is handled. Duration 212 ms by bot id=8200360038
2025-12-03 19:49:20,392 - INFO - CALLBACK: 4.853487014770508ms
2025-12-03 19:49:20,392 - INFO - Update id=946295105 is not handled. Duration 5 ms by bot id=8200360038
2025-12-03 19:49:22,146 - INFO - CALLBACK: 4.485368728637695ms
2025-12-03 19:49:22,146 - INFO - Update id=946295106 is not handled. Duration 5 ms by bot id=8200360038
2025-12-03 19:49:23,132 - INFO - CALLBACK: 4.973411560058594ms
2025-12-03 19:49:23,133 - INFO - Update id=946295107 is not handled. Duration 5 ms by bot id=8200360038
2025-12-03 19:49:23,667 - INFO - CALLBACK: 4.557371139526367ms
2025-12-03 19:49:23,667 - INFO - Update id=946295108 is not handled. Duration 5 ms by bot id=8200360038
2025-12-03 19:49:24,068 - INFO - CALLBACK: 4.717111587524414ms
2025-12-03 19:49:24,068 - INFO - Update id=946295109 is not handled. Duration 5 ms by bot id=8200360038
2025-12-03 19:49:24,468 - INFO - CALLBACK: 5.4225921630859375ms
2025-12-03 19:49:24,468 - INFO - Update id=946295110 is not handled. Duration 6 ms by bot id=8200360038
2025-12-03 19:49:24,764 - INFO - CALLBACK: 3.8356781005859375ms
2025-12-03 19:49:24,764 - INFO - Update id=946295111 is handled. Duration 4 ms by bot id=8200360038
2025-12-03 19:52:28,987 - INFO - Polling stopped
2025-12-03 19:52:28,988 - ERROR - Failed to fetch updates - TelegramNetworkError: HTTP Client says - ServerDisconnectedError: Server disconnected
2025-12-03 19:52:28,988 - WARNING - Sleep for 1.000000 seconds and try again... (tryings = 0, bot id = 8200360038)
2025-12-03 19:52:29,252 - INFO - Polling stopped for bot @pe411_bot id=8200360038 - 'pe411'
2025-12-03 19:52:36,154 - INFO - MESSAGE: 751.8017292022705ms
2025-12-03 19:52:36,154 - INFO - Update id=946295112 is handled. Duration 754 ms by bot id=8200360038
2025-12-03 19:52:38,105 - INFO - CALLBACK: 760.2202892303467ms
2025-12-03 19:52:38,105 - INFO - Update id=946295113 is handled. Duration 761 ms by bot id=8200360038
2025-12-03 19:52:39,520 - INFO - CALLBACK: 178.50518226623535ms
2025-12-03 19:52:39,520 - INFO - Update id=946295114 is handled. Duration 179 ms by bot id=8200360038
2025-12-03 19:52:40,466 - INFO - CALLBACK: 4.746437072753906ms
2025-12-03 19:52:40,467 - INFO - Update id=946295115 is not handled. Duration 5 ms by bot id=8200360038
2025-12-03 19:52:42,318 - INFO - CALLBACK: 4.802465438842773ms
2025-12-03 19:52:42,318 - INFO - Update id=946295116 is not handled. Duration 5 ms by bot id=8200360038
2025-12-03 19:52:42,627 - INFO - CALLBACK: 5.256414413452148ms
2025-12-03 19:52:42,627 - INFO - Update id=946295117 is not handled. Duration 6 ms by bot id=8200360038
2025-12-03 19:52:42,987 - INFO - CALLBACK: 4.666328430175781ms
2025-12-03 19:52:42,988 - INFO - Update id=946295118 is not handled. Duration 6 ms by bot id=8200360038
2025-12-03 19:52:43,268 - INFO - CALLBACK: 4.611015319824219ms
2025-12-03 19:52:43,268 - INFO - Update id=946295119 is not handled. Duration 5 ms by bot id=8200360038
2025-12-03 19:52:43,571 - INFO - CALLBACK: 5.387783050537109ms
2025-12-03 19:52:43,571 - INFO - Update id=946295120 is not handled. Duration 6 ms by bot id=8200360038
2025-12-03 19:52:44,105 - INFO - CALLBACK: 3.8290023803710938ms
2025-12-03 19:52:44,105 - INFO - Update id=946295121 is handled. Duration 4 ms by bot id=8200360038
2025-12-03 19:54:28,429 - INFO - Polling stopped
2025-12-03 19:54:28,430 - ERROR - Failed to fetch updates - TelegramNetworkError: HTTP Client says - ServerDisconnectedError: Server disconnected
2025-12-03 19:54:28,430 - WARNING - Sleep for 1.000000 seconds and try again... (tryings = 0, bot id = 8200360038)
2025-12-03 19:54:28,690 - INFO - Polling stopped for bot @pe411_bot id=8200360038 - 'pe411'
2025-12-03 19:54:35,219 - INFO - CALLBACK: 388.8711929321289ms
2025-12-03 19:54:35,220 - INFO - Update id=946295122 is not handled. Duration 390 ms by bot id=8200360038
2025-12-03 19:54:35,866 - INFO - MESSAGE: 1032.5348377227783ms
2025-12-03 19:54:35,867 - INFO - Update id=946295123 is handled. Duration 1033 ms by bot id=8200360038
2025-12-03 19:55:04,653 - INFO - Polling stopped
2025-12-03 19:55:04,654 - ERROR - Failed to fetch updates - TelegramNetworkError: HTTP Client says - ServerDisconnectedError: Server disconnected
2025-12-03 19:55:04,655 - WARNING - Sleep for 1.000000 seconds and try again... (tryings = 0, bot id = 8200360038)
2025-12-03 19:55:04,915 - INFO - Polling stopped for bot @pe411_bot id=8200360038 - 'pe411'
2025-12-03 19:55:11,145 - INFO - CALLBACK: 309.6957206726074ms
2025-12-03 19:55:11,145 - INFO - Update id=946295125 is not handled. Duration 310 ms by bot id=8200360038
2025-12-03 19:55:11,710 - INFO - CALLBACK: 878.82399559021ms
2025-12-03 19:55:11,711 - INFO - Update id=946295124 is handled. Duration 880 ms by bot id=8200360038
2025-12-03 19:55:11,711 - INFO - Update id=946295127 is not handled. Duration 871 ms by bot id=8200360038
2025-12-03 19:55:11,711 - ERROR - Cause exception while process update id=946295127 by bot id=8200360038
TelegramBadRequest: Telegram server says - Bad Request: message is not modified: specified new message content and reply markup are exactly the same as a current content and reply markup of the message
Traceback (most recent call last):
  File "C:\Users\ANUBIS PC\Desktop\parsing PE411\delivery_bot\venv\Lib\site-packages\aiogram\dispatcher\dispatcher.py", line 309, in _process_update
    response = await self.feed_update(bot, update, **kwargs)
               ^^^^^^^^^^^^^^^^^^^^^^^^^^^^^^^^^^^^^^^^^^^^^
  File "C:\Users\ANUBIS PC\Desktop\parsing PE411\delivery_bot\venv\Lib\site-packages\aiogram\dispatcher\dispatcher.py", line 158, in feed_update
    response = await self.update.wrap_outer_middleware(
               ^^^^^^^^^^^^^^^^^^^^^^^^^^^^^^^^^^^^^^^^
    ...<7 lines>...
    )
    ^
  File "C:\Users\ANUBIS PC\Desktop\parsing PE411\delivery_bot\venv\Lib\site-packages\aiogram\dispatcher\middlewares\error.py", line 25, in __call__
    return await handler(event, data)
           ^^^^^^^^^^^^^^^^^^^^^^^^^^
  File "C:\Users\ANUBIS PC\Desktop\parsing PE411\delivery_bot\venv\Lib\site-packages\aiogram\dispatcher\middlewares\user_context.py", line 56, in __call__
    return await handler(event, data)
           ^^^^^^^^^^^^^^^^^^^^^^^^^^
  File "C:\Users\ANUBIS PC\Desktop\parsing PE411\delivery_bot\venv\Lib\site-packages\aiogram\fsm\middleware.py", line 42, in __call__
    return await handler(event, data)
           ^^^^^^^^^^^^^^^^^^^^^^^^^^
  File "C:\Users\ANUBIS PC\Desktop\parsing PE411\delivery_bot\venv\Lib\site-packages\aiogram\dispatcher\event\telegram.py", line 121, in trigger
    return await wrapped_inner(event, kwargs)
           ^^^^^^^^^^^^^^^^^^^^^^^^^^^^^^^^^^
  File "C:\Users\ANUBIS PC\Desktop\parsing PE411\delivery_bot\middlewares\logging.py", line 20, in __call__
    response = await handler(event, data)
               ^^^^^^^^^^^^^^^^^^^^^^^^^^
  File "C:\Users\ANUBIS PC\Desktop\parsing PE411\delivery_bot\middlewares\auth.py", line 28, in __call__
    return await handler(event, data)
           ^^^^^^^^^^^^^^^^^^^^^^^^^^
  File "C:\Users\ANUBIS PC\Desktop\parsing PE411\delivery_bot\venv\Lib\site-packages\aiogram\dispatcher\event\handler.py", line 43, in call
    return await wrapped()
           ^^^^^^^^^^^^^^^
  File "C:\Users\ANUBIS PC\Desktop\parsing PE411\delivery_bot\venv\Lib\site-packages\aiogram\dispatcher\dispatcher.py", line 276, in _listen_update
    return await self.propagate_event(update_type=update_type, event=event, **kwargs)
           ^^^^^^^^^^^^^^^^^^^^^^^^^^^^^^^^^^^^^^^^^^^^^^^^^^^^^^^^^^^^^^^^^^^^^^^^^^
  File "C:\Users\ANUBIS PC\Desktop\parsing PE411\delivery_bot\venv\Lib\site-packages\aiogram\dispatcher\router.py", line 146, in propagate_event
    return await observer.wrap_outer_middleware(_wrapped, event=event, data=kwargs)
           ^^^^^^^^^^^^^^^^^^^^^^^^^^^^^^^^^^^^^^^^^^^^^^^^^^^^^^^^^^^^^^^^^^^^^^^^
  File "C:\Users\ANUBIS PC\Desktop\parsing PE411\delivery_bot\venv\Lib\site-packages\aiogram\dispatcher\router.py", line 141, in _wrapped
    return await self._propagate_event(
           ^^^^^^^^^^^^^^^^^^^^^^^^^^^^
        observer=observer, update_type=update_type, event=telegram_event, **data
        ^^^^^^^^^^^^^^^^^^^^^^^^^^^^^^^^^^^^^^^^^^^^^^^^^^^^^^^^^^^^^^^^^^^^^^^^
    )
    ^
  File "C:\Users\ANUBIS PC\Desktop\parsing PE411\delivery_bot\venv\Lib\site-packages\aiogram\dispatcher\router.py", line 174, in _propagate_event
    response = await router.propagate_event(update_type=update_type, event=event, **kwargs)
               ^^^^^^^^^^^^^^^^^^^^^^^^^^^^^^^^^^^^^^^^^^^^^^^^^^^^^^^^^^^^^^^^^^^^^^^^^^^^
  File "C:\Users\ANUBIS PC\Desktop\parsing PE411\delivery_bot\venv\Lib\site-packages\aiogram\dispatcher\router.py", line 146, in propagate_event
    return await observer.wrap_outer_middleware(_wrapped, event=event, data=kwargs)
           ^^^^^^^^^^^^^^^^^^^^^^^^^^^^^^^^^^^^^^^^^^^^^^^^^^^^^^^^^^^^^^^^^^^^^^^^
  File "C:\Users\ANUBIS PC\Desktop\parsing PE411\delivery_bot\venv\Lib\site-packages\aiogram\dispatcher\router.py", line 141, in _wrapped
    return await self._propagate_event(
           ^^^^^^^^^^^^^^^^^^^^^^^^^^^^
        observer=observer, update_type=update_type, event=telegram_event, **data
        ^^^^^^^^^^^^^^^^^^^^^^^^^^^^^^^^^^^^^^^^^^^^^^^^^^^^^^^^^^^^^^^^^^^^^^^^
    )
    ^
  File "C:\Users\ANUBIS PC\Desktop\parsing PE411\delivery_bot\venv\Lib\site-packages\aiogram\dispatcher\router.py", line 166, in _propagate_event
    response = await observer.trigger(event, **kwargs)
               ^^^^^^^^^^^^^^^^^^^^^^^^^^^^^^^^^^^^^^^
  File "C:\Users\ANUBIS PC\Desktop\parsing PE411\delivery_bot\venv\Lib\site-packages\aiogram\dispatcher\event\telegram.py", line 121, in trigger
    return await wrapped_inner(event, kwargs)
           ^^^^^^^^^^^^^^^^^^^^^^^^^^^^^^^^^^
  File "C:\Users\ANUBIS PC\Desktop\parsing PE411\delivery_bot\venv\Lib\site-packages\aiogram\dispatcher\event\handler.py", line 43, in call
    return await wrapped()
           ^^^^^^^^^^^^^^^
  File "C:\Users\ANUBIS PC\Desktop\parsing PE411\delivery_bot\routers\settings.py", line 21, in settings
    await cb.message.edit_text(
    ...<2 lines>...
    )
  File "C:\Users\ANUBIS PC\Desktop\parsing PE411\delivery_bot\venv\Lib\site-packages\aiogram\methods\base.py", line 84, in emit
    return await bot(self)
           ^^^^^^^^^^^^^^^
  File "C:\Users\ANUBIS PC\Desktop\parsing PE411\delivery_bot\venv\Lib\site-packages\aiogram\client\bot.py", line 485, in __call__
    return await self.session(self, method, timeout=request_timeout)
           ^^^^^^^^^^^^^^^^^^^^^^^^^^^^^^^^^^^^^^^^^^^^^^^^^^^^^^^^^
  File "C:\Users\ANUBIS PC\Desktop\parsing PE411\delivery_bot\venv\Lib\site-packages\aiogram\client\session\base.py", line 254, in __call__
    return cast(TelegramType, await middleware(bot, method))
                              ^^^^^^^^^^^^^^^^^^^^^^^^^^^^^
  File "C:\Users\ANUBIS PC\Desktop\parsing PE411\delivery_bot\venv\Lib\site-packages\aiogram\client\session\aiohttp.py", line 185, in make_request
    response = self.check_response(
        bot=bot, method=method, status_code=resp.status, content=raw_result
    )
  File "C:\Users\ANUBIS PC\Desktop\parsing PE411\delivery_bot\venv\Lib\site-packages\aiogram\client\session\base.py", line 120, in check_response
    raise TelegramBadRequest(method=method, message=description)
aiogram.exceptions.TelegramBadRequest: Telegram server says - Bad Request: message is not modified: specified new message content and reply markup are exactly the same as a current content and reply markup of the message
2025-12-03 19:55:11,785 - INFO - MESSAGE: 937.3829364776611ms
2025-12-03 19:55:11,785 - INFO - Update id=946295128 is handled. Duration 938 ms by bot id=8200360038
2025-12-03 19:55:11,862 - INFO - CALLBACK: 1024.5888233184814ms
2025-12-03 19:55:11,862 - INFO - Update id=946295126 is handled. Duration 1025 ms by bot id=8200360038
2025-12-03 19:55:12,765 - INFO - MESSAGE: 360.6436252593994ms
2025-12-03 19:55:12,765 - INFO - Update id=946295129 is handled. Duration 362 ms by bot id=8200360038
2025-12-03 19:55:14,903 - INFO - CALLBACK: 253.43751907348633ms
2025-12-03 19:55:14,903 - INFO - Update id=946295130 is handled. Duration 254 ms by bot id=8200360038
2025-12-03 19:55:17,663 - INFO - CALLBACK: 214.84804153442383ms
2025-12-03 19:55:17,663 - INFO - Update id=946295131 is handled. Duration 215 ms by bot id=8200360038
2025-12-03 19:55:19,303 - INFO - CALLBACK: 307.42597579956055ms
2025-12-03 19:55:19,303 - INFO - Update id=946295132 is handled. Duration 308 ms by bot id=8200360038
2025-12-03 19:55:21,004 - INFO - CALLBACK: 209.90896224975586ms
2025-12-03 19:55:21,004 - INFO - Update id=946295133 is handled. Duration 210 ms by bot id=8200360038
2025-12-03 19:55:22,429 - INFO - CALLBACK: 202.78143882751465ms
2025-12-03 19:55:22,429 - INFO - Update id=946295134 is handled. Duration 203 ms by bot id=8200360038
2025-12-03 19:55:23,591 - INFO - CALLBACK: 5.213260650634766ms
2025-12-03 19:55:23,591 - INFO - Update id=946295135 is not handled. Duration 6 ms by bot id=8200360038
2025-12-03 19:55:24,507 - INFO - CALLBACK: 4.84919548034668ms
2025-12-03 19:55:24,507 - INFO - Update id=946295136 is not handled. Duration 5 ms by bot id=8200360038
2025-12-03 19:55:25,309 - INFO - CALLBACK: 5.017518997192383ms
2025-12-03 19:55:25,309 - INFO - Update id=946295137 is not handled. Duration 5 ms by bot id=8200360038
2025-12-03 19:55:26,309 - INFO - CALLBACK: 4.607200622558594ms
2025-12-03 19:55:26,309 - INFO - Update id=946295138 is not handled. Duration 5 ms by bot id=8200360038
2025-12-03 19:55:26,799 - INFO - CALLBACK: 3.6940574645996094ms
2025-12-03 19:55:26,799 - INFO - Update id=946295139 is handled. Duration 4 ms by bot id=8200360038
2025-12-03 19:55:29,029 - INFO - CALLBACK: 4.919290542602539ms
2025-12-03 19:55:29,029 - INFO - Update id=946295140 is not handled. Duration 5 ms by bot id=8200360038
2025-12-03 19:55:30,821 - INFO - CALLBACK: 261.55853271484375ms
2025-12-03 19:55:30,821 - INFO - Update id=946295141 is handled. Duration 262 ms by bot id=8200360038
2025-12-03 19:55:31,963 - INFO - CALLBACK: 294.1594123840332ms
2025-12-03 19:55:31,964 - INFO - Update id=946295142 is handled. Duration 294 ms by bot id=8200360038
2025-12-03 19:55:33,907 - INFO - CALLBACK: 476.7463207244873ms
2025-12-03 19:55:33,907 - INFO - Update id=946295143 is handled. Duration 477 ms by bot id=8200360038
2025-12-03 19:55:35,441 - INFO - CALLBACK: 4.913330078125ms
2025-12-03 19:55:35,441 - INFO - Update id=946295144 is not handled. Duration 5 ms by bot id=8200360038
2025-12-03 19:55:36,229 - INFO - CALLBACK: 5.76019287109375ms
2025-12-03 19:55:36,229 - INFO - Update id=946295145 is not handled. Duration 6 ms by bot id=8200360038
2025-12-03 19:55:36,679 - INFO - CALLBACK: 6.17671012878418ms
2025-12-03 19:55:36,679 - INFO - Update id=946295146 is not handled. Duration 6 ms by bot id=8200360038
2025-12-03 19:55:37,030 - INFO - CALLBACK: 6.370306015014648ms
2025-12-03 19:55:37,030 - INFO - Update id=946295147 is not handled. Duration 7 ms by bot id=8200360038
2025-12-03 19:55:37,443 - INFO - CALLBACK: 4.725456237792969ms
2025-12-03 19:55:37,443 - INFO - Update id=946295148 is not handled. Duration 5 ms by bot id=8200360038
2025-12-03 19:55:37,852 - INFO - CALLBACK: 6.109714508056641ms
2025-12-03 19:55:37,852 - INFO - Update id=946295149 is not handled. Duration 7 ms by bot id=8200360038
2025-12-03 19:55:38,321 - INFO - CALLBACK: 4.744052886962891ms
2025-12-03 19:55:38,322 - INFO - Update id=946295150 is not handled. Duration 5 ms by bot id=8200360038
2025-12-03 19:55:39,542 - INFO - CALLBACK: 238.12508583068848ms
2025-12-03 19:55:39,542 - INFO - Update id=946295151 is handled. Duration 238 ms by bot id=8200360038
2025-12-03 19:55:50,993 - INFO - CALLBACK: 227.96964645385742ms
2025-12-03 19:55:50,993 - INFO - Update id=946295152 is handled. Duration 228 ms by bot id=8200360038
2025-12-03 19:55:52,680 - INFO - CALLBACK: 287.8742218017578ms
2025-12-03 19:55:52,680 - INFO - Update id=946295153 is handled. Duration 288 ms by bot id=8200360038
2025-12-03 19:55:54,957 - INFO - CALLBACK: 4.739999771118164ms
2025-12-03 19:55:54,957 - INFO - Update id=946295154 is not handled. Duration 5 ms by bot id=8200360038
2025-12-03 19:57:57,208 - INFO - Polling stopped
2025-12-03 19:57:57,209 - ERROR - Failed to fetch updates - TelegramNetworkError: HTTP Client says - ServerDisconnectedError: Server disconnected
2025-12-03 19:57:57,210 - WARNING - Sleep for 1.000000 seconds and try again... (tryings = 0, bot id = 8200360038)
2025-12-03 19:57:57,464 - INFO - Polling stopped for bot @pe411_bot id=8200360038 - 'pe411'
2025-12-03 20:01:13,126 - INFO - MESSAGE: 621.2224960327148ms
2025-12-03 20:01:13,126 - INFO - Update id=946295155 is handled. Duration 623 ms by bot id=8200360038
2025-12-03 20:01:17,687 - INFO - CALLBACK: 298.76160621643066ms
2025-12-03 20:01:17,687 - INFO - Update id=946295156 is handled. Duration 299 ms by bot id=8200360038
2025-12-03 20:01:27,658 - INFO - CALLBACK: 240.0989532470703ms
2025-12-03 20:01:27,658 - INFO - Update id=946295157 is handled. Duration 240 ms by bot id=8200360038
2025-12-03 20:01:29,008 - INFO - Update id=946295158 is not handled. Duration 282 ms by bot id=8200360038
2025-12-03 20:01:29,008 - ERROR - Cause exception while process update id=946295158 by bot id=8200360038
NameError: name 'product_keyboard' is not defined
Traceback (most recent call last):
  File "C:\Users\ANUBIS PC\Desktop\parsing PE411\delivery_bot\venv\Lib\site-packages\aiogram\dispatcher\dispatcher.py", line 309, in _process_update
    response = await self.feed_update(bot, update, **kwargs)
               ^^^^^^^^^^^^^^^^^^^^^^^^^^^^^^^^^^^^^^^^^^^^^
  File "C:\Users\ANUBIS PC\Desktop\parsing PE411\delivery_bot\venv\Lib\site-packages\aiogram\dispatcher\dispatcher.py", line 158, in feed_update
    response = await self.update.wrap_outer_middleware(
               ^^^^^^^^^^^^^^^^^^^^^^^^^^^^^^^^^^^^^^^^
    ...<7 lines>...
    )
    ^
  File "C:\Users\ANUBIS PC\Desktop\parsing PE411\delivery_bot\venv\Lib\site-packages\aiogram\dispatcher\middlewares\error.py", line 25, in __call__
    return await handler(event, data)
           ^^^^^^^^^^^^^^^^^^^^^^^^^^
  File "C:\Users\ANUBIS PC\Desktop\parsing PE411\delivery_bot\venv\Lib\site-packages\aiogram\dispatcher\middlewares\user_context.py", line 56, in __call__
    return await handler(event, data)
           ^^^^^^^^^^^^^^^^^^^^^^^^^^
  File "C:\Users\ANUBIS PC\Desktop\parsing PE411\delivery_bot\venv\Lib\site-packages\aiogram\fsm\middleware.py", line 42, in __call__
    return await handler(event, data)
           ^^^^^^^^^^^^^^^^^^^^^^^^^^
  File "C:\Users\ANUBIS PC\Desktop\parsing PE411\delivery_bot\venv\Lib\site-packages\aiogram\dispatcher\event\telegram.py", line 121, in trigger
    return await wrapped_inner(event, kwargs)
           ^^^^^^^^^^^^^^^^^^^^^^^^^^^^^^^^^^
  File "C:\Users\ANUBIS PC\Desktop\parsing PE411\delivery_bot\middlewares\logging.py", line 20, in __call__
    response = await handler(event, data)
               ^^^^^^^^^^^^^^^^^^^^^^^^^^
  File "C:\Users\ANUBIS PC\Desktop\parsing PE411\delivery_bot\middlewares\auth.py", line 28, in __call__
    return await handler(event, data)
           ^^^^^^^^^^^^^^^^^^^^^^^^^^
  File "C:\Users\ANUBIS PC\Desktop\parsing PE411\delivery_bot\venv\Lib\site-packages\aiogram\dispatcher\event\handler.py", line 43, in call
    return await wrapped()
           ^^^^^^^^^^^^^^^
  File "C:\Users\ANUBIS PC\Desktop\parsing PE411\delivery_bot\venv\Lib\site-packages\aiogram\dispatcher\dispatcher.py", line 276, in _listen_update
    return await self.propagate_event(update_type=update_type, event=event, **kwargs)
           ^^^^^^^^^^^^^^^^^^^^^^^^^^^^^^^^^^^^^^^^^^^^^^^^^^^^^^^^^^^^^^^^^^^^^^^^^^
  File "C:\Users\ANUBIS PC\Desktop\parsing PE411\delivery_bot\venv\Lib\site-packages\aiogram\dispatcher\router.py", line 146, in propagate_event
    return await observer.wrap_outer_middleware(_wrapped, event=event, data=kwargs)
           ^^^^^^^^^^^^^^^^^^^^^^^^^^^^^^^^^^^^^^^^^^^^^^^^^^^^^^^^^^^^^^^^^^^^^^^^
  File "C:\Users\ANUBIS PC\Desktop\parsing PE411\delivery_bot\venv\Lib\site-packages\aiogram\dispatcher\router.py", line 141, in _wrapped
    return await self._propagate_event(
           ^^^^^^^^^^^^^^^^^^^^^^^^^^^^
        observer=observer, update_type=update_type, event=telegram_event, **data
        ^^^^^^^^^^^^^^^^^^^^^^^^^^^^^^^^^^^^^^^^^^^^^^^^^^^^^^^^^^^^^^^^^^^^^^^^
    )
    ^
  File "C:\Users\ANUBIS PC\Desktop\parsing PE411\delivery_bot\venv\Lib\site-packages\aiogram\dispatcher\router.py", line 174, in _propagate_event
    response = await router.propagate_event(update_type=update_type, event=event, **kwargs)
               ^^^^^^^^^^^^^^^^^^^^^^^^^^^^^^^^^^^^^^^^^^^^^^^^^^^^^^^^^^^^^^^^^^^^^^^^^^^^
  File "C:\Users\ANUBIS PC\Desktop\parsing PE411\delivery_bot\venv\Lib\site-packages\aiogram\dispatcher\router.py", line 146, in propagate_event
    return await observer.wrap_outer_middleware(_wrapped, event=event, data=kwargs)
           ^^^^^^^^^^^^^^^^^^^^^^^^^^^^^^^^^^^^^^^^^^^^^^^^^^^^^^^^^^^^^^^^^^^^^^^^
  File "C:\Users\ANUBIS PC\Desktop\parsing PE411\delivery_bot\venv\Lib\site-packages\aiogram\dispatcher\router.py", line 141, in _wrapped
    return await self._propagate_event(
           ^^^^^^^^^^^^^^^^^^^^^^^^^^^^
        observer=observer, update_type=update_type, event=telegram_event, **data
        ^^^^^^^^^^^^^^^^^^^^^^^^^^^^^^^^^^^^^^^^^^^^^^^^^^^^^^^^^^^^^^^^^^^^^^^^
    )
    ^
  File "C:\Users\ANUBIS PC\Desktop\parsing PE411\delivery_bot\venv\Lib\site-packages\aiogram\dispatcher\router.py", line 166, in _propagate_event
    response = await observer.trigger(event, **kwargs)
               ^^^^^^^^^^^^^^^^^^^^^^^^^^^^^^^^^^^^^^^
  File "C:\Users\ANUBIS PC\Desktop\parsing PE411\delivery_bot\venv\Lib\site-packages\aiogram\dispatcher\event\telegram.py", line 121, in trigger
    return await wrapped_inner(event, kwargs)
           ^^^^^^^^^^^^^^^^^^^^^^^^^^^^^^^^^^
  File "C:\Users\ANUBIS PC\Desktop\parsing PE411\delivery_bot\venv\Lib\site-packages\aiogram\dispatcher\event\handler.py", line 43, in call
    return await wrapped()
           ^^^^^^^^^^^^^^^
  File "C:\Users\ANUBIS PC\Desktop\parsing PE411\delivery_bot\routers\menu.py", line 81, in menu
    reply_markup=product_keyboard(user.language)
                 ^^^^^^^^^^^^^^^^
NameError: name 'product_keyboard' is not defined
2025-12-03 20:02:39,348 - INFO - Update id=946295159 is not handled. Duration 167 ms by bot id=8200360038
2025-12-03 20:02:39,348 - ERROR - Cause exception while process update id=946295159 by bot id=8200360038
NameError: name 'product_keyboard' is not defined
Traceback (most recent call last):
  File "C:\Users\ANUBIS PC\Desktop\parsing PE411\delivery_bot\venv\Lib\site-packages\aiogram\dispatcher\dispatcher.py", line 309, in _process_update
    response = await self.feed_update(bot, update, **kwargs)
               ^^^^^^^^^^^^^^^^^^^^^^^^^^^^^^^^^^^^^^^^^^^^^
  File "C:\Users\ANUBIS PC\Desktop\parsing PE411\delivery_bot\venv\Lib\site-packages\aiogram\dispatcher\dispatcher.py", line 158, in feed_update
    response = await self.update.wrap_outer_middleware(
               ^^^^^^^^^^^^^^^^^^^^^^^^^^^^^^^^^^^^^^^^
    ...<7 lines>...
    )
    ^
  File "C:\Users\ANUBIS PC\Desktop\parsing PE411\delivery_bot\venv\Lib\site-packages\aiogram\dispatcher\middlewares\error.py", line 25, in __call__
    return await handler(event, data)
           ^^^^^^^^^^^^^^^^^^^^^^^^^^
  File "C:\Users\ANUBIS PC\Desktop\parsing PE411\delivery_bot\venv\Lib\site-packages\aiogram\dispatcher\middlewares\user_context.py", line 56, in __call__
    return await handler(event, data)
           ^^^^^^^^^^^^^^^^^^^^^^^^^^
  File "C:\Users\ANUBIS PC\Desktop\parsing PE411\delivery_bot\venv\Lib\site-packages\aiogram\fsm\middleware.py", line 42, in __call__
    return await handler(event, data)
           ^^^^^^^^^^^^^^^^^^^^^^^^^^
  File "C:\Users\ANUBIS PC\Desktop\parsing PE411\delivery_bot\venv\Lib\site-packages\aiogram\dispatcher\event\telegram.py", line 121, in trigger
    return await wrapped_inner(event, kwargs)
           ^^^^^^^^^^^^^^^^^^^^^^^^^^^^^^^^^^
  File "C:\Users\ANUBIS PC\Desktop\parsing PE411\delivery_bot\middlewares\logging.py", line 20, in __call__
    response = await handler(event, data)
               ^^^^^^^^^^^^^^^^^^^^^^^^^^
  File "C:\Users\ANUBIS PC\Desktop\parsing PE411\delivery_bot\middlewares\auth.py", line 28, in __call__
    return await handler(event, data)
           ^^^^^^^^^^^^^^^^^^^^^^^^^^
  File "C:\Users\ANUBIS PC\Desktop\parsing PE411\delivery_bot\venv\Lib\site-packages\aiogram\dispatcher\event\handler.py", line 43, in call
    return await wrapped()
           ^^^^^^^^^^^^^^^
  File "C:\Users\ANUBIS PC\Desktop\parsing PE411\delivery_bot\venv\Lib\site-packages\aiogram\dispatcher\dispatcher.py", line 276, in _listen_update
    return await self.propagate_event(update_type=update_type, event=event, **kwargs)
           ^^^^^^^^^^^^^^^^^^^^^^^^^^^^^^^^^^^^^^^^^^^^^^^^^^^^^^^^^^^^^^^^^^^^^^^^^^
  File "C:\Users\ANUBIS PC\Desktop\parsing PE411\delivery_bot\venv\Lib\site-packages\aiogram\dispatcher\router.py", line 146, in propagate_event
    return await observer.wrap_outer_middleware(_wrapped, event=event, data=kwargs)
           ^^^^^^^^^^^^^^^^^^^^^^^^^^^^^^^^^^^^^^^^^^^^^^^^^^^^^^^^^^^^^^^^^^^^^^^^
  File "C:\Users\ANUBIS PC\Desktop\parsing PE411\delivery_bot\venv\Lib\site-packages\aiogram\dispatcher\router.py", line 141, in _wrapped
    return await self._propagate_event(
           ^^^^^^^^^^^^^^^^^^^^^^^^^^^^
        observer=observer, update_type=update_type, event=telegram_event, **data
        ^^^^^^^^^^^^^^^^^^^^^^^^^^^^^^^^^^^^^^^^^^^^^^^^^^^^^^^^^^^^^^^^^^^^^^^^
    )
    ^
  File "C:\Users\ANUBIS PC\Desktop\parsing PE411\delivery_bot\venv\Lib\site-packages\aiogram\dispatcher\router.py", line 174, in _propagate_event
    response = await router.propagate_event(update_type=update_type, event=event, **kwargs)
               ^^^^^^^^^^^^^^^^^^^^^^^^^^^^^^^^^^^^^^^^^^^^^^^^^^^^^^^^^^^^^^^^^^^^^^^^^^^^
  File "C:\Users\ANUBIS PC\Desktop\parsing PE411\delivery_bot\venv\Lib\site-packages\aiogram\dispatcher\router.py", line 146, in propagate_event
    return await observer.wrap_outer_middleware(_wrapped, event=event, data=kwargs)
           ^^^^^^^^^^^^^^^^^^^^^^^^^^^^^^^^^^^^^^^^^^^^^^^^^^^^^^^^^^^^^^^^^^^^^^^^
  File "C:\Users\ANUBIS PC\Desktop\parsing PE411\delivery_bot\venv\Lib\site-packages\aiogram\dispatcher\router.py", line 141, in _wrapped
    return await self._propagate_event(
           ^^^^^^^^^^^^^^^^^^^^^^^^^^^^
        observer=observer, update_type=update_type, event=telegram_event, **data
        ^^^^^^^^^^^^^^^^^^^^^^^^^^^^^^^^^^^^^^^^^^^^^^^^^^^^^^^^^^^^^^^^^^^^^^^^
    )
    ^
  File "C:\Users\ANUBIS PC\Desktop\parsing PE411\delivery_bot\venv\Lib\site-packages\aiogram\dispatcher\router.py", line 166, in _propagate_event
    response = await observer.trigger(event, **kwargs)
               ^^^^^^^^^^^^^^^^^^^^^^^^^^^^^^^^^^^^^^^
  File "C:\Users\ANUBIS PC\Desktop\parsing PE411\delivery_bot\venv\Lib\site-packages\aiogram\dispatcher\event\telegram.py", line 121, in trigger
    return await wrapped_inner(event, kwargs)
           ^^^^^^^^^^^^^^^^^^^^^^^^^^^^^^^^^^
  File "C:\Users\ANUBIS PC\Desktop\parsing PE411\delivery_bot\venv\Lib\site-packages\aiogram\dispatcher\event\handler.py", line 43, in call
    return await wrapped()
           ^^^^^^^^^^^^^^^
  File "C:\Users\ANUBIS PC\Desktop\parsing PE411\delivery_bot\routers\menu.py", line 81, in menu
    reply_markup=product_keyboard(user.language)
                 ^^^^^^^^^^^^^^^^
NameError: name 'product_keyboard' is not defined
2025-12-03 20:05:09,388 - INFO - Polling stopped
2025-12-03 20:05:09,389 - ERROR - Failed to fetch updates - TelegramNetworkError: HTTP Client says - ServerDisconnectedError: Server disconnected
2025-12-03 20:05:09,389 - WARNING - Sleep for 1.000000 seconds and try again... (tryings = 0, bot id = 8200360038)
2025-12-03 20:05:09,643 - INFO - Polling stopped for bot @pe411_bot id=8200360038 - 'pe411'
2025-12-03 20:05:16,684 - INFO - MESSAGE: 591.1624431610107ms
2025-12-03 20:05:16,684 - INFO - Update id=946295160 is handled. Duration 593 ms by bot id=8200360038
2025-12-03 20:05:18,463 - INFO - CALLBACK: 360.9178066253662ms
2025-12-03 20:05:18,463 - INFO - Update id=946295161 is handled. Duration 361 ms by bot id=8200360038
2025-12-03 20:05:20,486 - INFO - CALLBACK: 288.1126403808594ms
2025-12-03 20:05:20,486 - INFO - Update id=946295162 is handled. Duration 288 ms by bot id=8200360038
2025-12-03 20:05:21,585 - INFO - CALLBACK: 6.520509719848633ms
2025-12-03 20:05:21,585 - INFO - Update id=946295163 is not handled. Duration 7 ms by bot id=8200360038
2025-12-03 20:05:23,634 - INFO - CALLBACK: 5.7621002197265625ms
2025-12-03 20:05:23,635 - INFO - Update id=946295164 is not handled. Duration 6 ms by bot id=8200360038
2025-12-03 20:06:07,111 - INFO - Polling stopped
2025-12-03 20:06:07,112 - ERROR - Failed to fetch updates - TelegramNetworkError: HTTP Client says - ServerDisconnectedError: Server disconnected
2025-12-03 20:06:07,112 - WARNING - Sleep for 1.000000 seconds and try again... (tryings = 0, bot id = 8200360038)
2025-12-03 20:06:07,376 - INFO - Polling stopped for bot @pe411_bot id=8200360038 - 'pe411'
2025-12-03 20:06:14,886 - INFO - MESSAGE: 1006.462812423706ms
2025-12-03 20:06:14,887 - INFO - Update id=946295165 is handled. Duration 1008 ms by bot id=8200360038
2025-12-03 20:06:17,510 - INFO - CALLBACK: 919.8589324951172ms
2025-12-03 20:06:17,511 - INFO - Update id=946295166 is handled. Duration 920 ms by bot id=8200360038
2025-12-03 20:06:19,715 - INFO - CALLBACK: 413.6369228363037ms
2025-12-03 20:06:19,715 - INFO - Update id=946295167 is handled. Duration 414 ms by bot id=8200360038
2025-12-03 20:06:21,573 - INFO - Update id=946295168 is not handled. Duration 520 ms by bot id=8200360038
2025-12-03 20:06:21,573 - ERROR - Cause exception while process update id=946295168 by bot id=8200360038
TypeError: 'Product' object is not callable
Traceback (most recent call last):
  File "C:\Users\ANUBIS PC\Desktop\parsing PE411\delivery_bot\venv\Lib\site-packages\aiogram\dispatcher\dispatcher.py", line 309, in _process_update
    response = await self.feed_update(bot, update, **kwargs)
               ^^^^^^^^^^^^^^^^^^^^^^^^^^^^^^^^^^^^^^^^^^^^^
  File "C:\Users\ANUBIS PC\Desktop\parsing PE411\delivery_bot\venv\Lib\site-packages\aiogram\dispatcher\dispatcher.py", line 158, in feed_update
    response = await self.update.wrap_outer_middleware(
               ^^^^^^^^^^^^^^^^^^^^^^^^^^^^^^^^^^^^^^^^
    ...<7 lines>...
    )
    ^
  File "C:\Users\ANUBIS PC\Desktop\parsing PE411\delivery_bot\venv\Lib\site-packages\aiogram\dispatcher\middlewares\error.py", line 25, in __call__
    return await handler(event, data)
           ^^^^^^^^^^^^^^^^^^^^^^^^^^
  File "C:\Users\ANUBIS PC\Desktop\parsing PE411\delivery_bot\venv\Lib\site-packages\aiogram\dispatcher\middlewares\user_context.py", line 56, in __call__
    return await handler(event, data)
           ^^^^^^^^^^^^^^^^^^^^^^^^^^
  File "C:\Users\ANUBIS PC\Desktop\parsing PE411\delivery_bot\venv\Lib\site-packages\aiogram\fsm\middleware.py", line 42, in __call__
    return await handler(event, data)
           ^^^^^^^^^^^^^^^^^^^^^^^^^^
  File "C:\Users\ANUBIS PC\Desktop\parsing PE411\delivery_bot\venv\Lib\site-packages\aiogram\dispatcher\event\telegram.py", line 121, in trigger
    return await wrapped_inner(event, kwargs)
           ^^^^^^^^^^^^^^^^^^^^^^^^^^^^^^^^^^
  File "C:\Users\ANUBIS PC\Desktop\parsing PE411\delivery_bot\middlewares\logging.py", line 20, in __call__
    response = await handler(event, data)
               ^^^^^^^^^^^^^^^^^^^^^^^^^^
  File "C:\Users\ANUBIS PC\Desktop\parsing PE411\delivery_bot\middlewares\auth.py", line 28, in __call__
    return await handler(event, data)
           ^^^^^^^^^^^^^^^^^^^^^^^^^^
  File "C:\Users\ANUBIS PC\Desktop\parsing PE411\delivery_bot\venv\Lib\site-packages\aiogram\dispatcher\event\handler.py", line 43, in call
    return await wrapped()
           ^^^^^^^^^^^^^^^
  File "C:\Users\ANUBIS PC\Desktop\parsing PE411\delivery_bot\venv\Lib\site-packages\aiogram\dispatcher\dispatcher.py", line 276, in _listen_update
    return await self.propagate_event(update_type=update_type, event=event, **kwargs)
           ^^^^^^^^^^^^^^^^^^^^^^^^^^^^^^^^^^^^^^^^^^^^^^^^^^^^^^^^^^^^^^^^^^^^^^^^^^
  File "C:\Users\ANUBIS PC\Desktop\parsing PE411\delivery_bot\venv\Lib\site-packages\aiogram\dispatcher\router.py", line 146, in propagate_event
    return await observer.wrap_outer_middleware(_wrapped, event=event, data=kwargs)
           ^^^^^^^^^^^^^^^^^^^^^^^^^^^^^^^^^^^^^^^^^^^^^^^^^^^^^^^^^^^^^^^^^^^^^^^^
  File "C:\Users\ANUBIS PC\Desktop\parsing PE411\delivery_bot\venv\Lib\site-packages\aiogram\dispatcher\router.py", line 141, in _wrapped
    return await self._propagate_event(
           ^^^^^^^^^^^^^^^^^^^^^^^^^^^^
        observer=observer, update_type=update_type, event=telegram_event, **data
        ^^^^^^^^^^^^^^^^^^^^^^^^^^^^^^^^^^^^^^^^^^^^^^^^^^^^^^^^^^^^^^^^^^^^^^^^
    )
    ^
  File "C:\Users\ANUBIS PC\Desktop\parsing PE411\delivery_bot\venv\Lib\site-packages\aiogram\dispatcher\router.py", line 174, in _propagate_event
    response = await router.propagate_event(update_type=update_type, event=event, **kwargs)
               ^^^^^^^^^^^^^^^^^^^^^^^^^^^^^^^^^^^^^^^^^^^^^^^^^^^^^^^^^^^^^^^^^^^^^^^^^^^^
  File "C:\Users\ANUBIS PC\Desktop\parsing PE411\delivery_bot\venv\Lib\site-packages\aiogram\dispatcher\router.py", line 146, in propagate_event
    return await observer.wrap_outer_middleware(_wrapped, event=event, data=kwargs)
           ^^^^^^^^^^^^^^^^^^^^^^^^^^^^^^^^^^^^^^^^^^^^^^^^^^^^^^^^^^^^^^^^^^^^^^^^
  File "C:\Users\ANUBIS PC\Desktop\parsing PE411\delivery_bot\venv\Lib\site-packages\aiogram\dispatcher\router.py", line 141, in _wrapped
    return await self._propagate_event(
           ^^^^^^^^^^^^^^^^^^^^^^^^^^^^
        observer=observer, update_type=update_type, event=telegram_event, **data
        ^^^^^^^^^^^^^^^^^^^^^^^^^^^^^^^^^^^^^^^^^^^^^^^^^^^^^^^^^^^^^^^^^^^^^^^^
    )
    ^
  File "C:\Users\ANUBIS PC\Desktop\parsing PE411\delivery_bot\venv\Lib\site-packages\aiogram\dispatcher\router.py", line 166, in _propagate_event
    response = await observer.trigger(event, **kwargs)
               ^^^^^^^^^^^^^^^^^^^^^^^^^^^^^^^^^^^^^^^
  File "C:\Users\ANUBIS PC\Desktop\parsing PE411\delivery_bot\venv\Lib\site-packages\aiogram\dispatcher\event\telegram.py", line 121, in trigger
    return await wrapped_inner(event, kwargs)
           ^^^^^^^^^^^^^^^^^^^^^^^^^^^^^^^^^^
  File "C:\Users\ANUBIS PC\Desktop\parsing PE411\delivery_bot\venv\Lib\site-packages\aiogram\dispatcher\event\handler.py", line 43, in call
    return await wrapped()
           ^^^^^^^^^^^^^^^
  File "C:\Users\ANUBIS PC\Desktop\parsing PE411\delivery_bot\routers\menu.py", line 86, in menu
    reply_markup=product(user.language)
TypeError: 'Product' object is not callable
2025-12-03 20:07:25,257 - INFO - Polling stopped
2025-12-03 20:07:25,258 - ERROR - Failed to fetch updates - TelegramNetworkError: HTTP Client says - ServerDisconnectedError: Server disconnected
2025-12-03 20:07:25,259 - WARNING - Sleep for 1.000000 seconds and try again... (tryings = 0, bot id = 8200360038)
2025-12-03 20:07:25,521 - INFO - Polling stopped for bot @pe411_bot id=8200360038 - 'pe411'
2025-12-03 20:08:03,644 - INFO - MESSAGE: 744.6119785308838ms
2025-12-03 20:08:03,644 - INFO - Update id=946295169 is handled. Duration 746 ms by bot id=8200360038
2025-12-03 20:08:03,661 - INFO - MESSAGE: 758.0766677856445ms
2025-12-03 20:08:03,661 - INFO - Update id=946295170 is handled. Duration 758 ms by bot id=8200360038
2025-12-03 20:08:06,264 - INFO - CALLBACK: 680.5026531219482ms
2025-12-03 20:08:06,264 - INFO - Update id=946295171 is handled. Duration 681 ms by bot id=8200360038
2025-12-03 20:08:08,047 - INFO - CALLBACK: 284.12818908691406ms
2025-12-03 20:08:08,048 - INFO - Update id=946295172 is handled. Duration 285 ms by bot id=8200360038
2025-12-03 20:08:09,825 - INFO - CALLBACK: 400.61450004577637ms
2025-12-03 20:08:09,826 - INFO - Update id=946295173 is handled. Duration 401 ms by bot id=8200360038
2025-12-03 20:08:11,760 - INFO - CALLBACK: 257.2028636932373ms
2025-12-03 20:08:11,760 - INFO - Update id=946295174 is handled. Duration 258 ms by bot id=8200360038
2025-12-03 20:08:16,690 - INFO - Update id=946295175 is not handled. Duration 4080 ms by bot id=8200360038
2025-12-03 20:08:16,691 - ERROR - Cause exception while process update id=946295175 by bot id=8200360038
ConnectionError: Error 22 connecting to localhost:6379. Удаленный компьютер отклонил это сетевое подключение.
Traceback (most recent call last):
  File "C:\Users\ANUBIS PC\Desktop\parsing PE411\delivery_bot\venv\Lib\site-packages\redis\asyncio\connection.py", line 307, in connect_check_health
    await self.retry.call_with_retry(
        lambda: self._connect(), lambda error: self.disconnect()
    )
  File "C:\Users\ANUBIS PC\Desktop\parsing PE411\delivery_bot\venv\Lib\site-packages\redis\asyncio\retry.py", line 50, in call_with_retry
    return await do()
           ^^^^^^^^^^
  File "C:\Users\ANUBIS PC\Desktop\parsing PE411\delivery_bot\venv\Lib\site-packages\redis\asyncio\connection.py", line 768, in _connect
    reader, writer = await asyncio.open_connection(
                     ^^^^^^^^^^^^^^^^^^^^^^^^^^^^^^
        **self._connection_arguments()
        ^^^^^^^^^^^^^^^^^^^^^^^^^^^^^^
    )
    ^
  File "C:\Users\ANUBIS PC\AppData\Local\Programs\Python\Python313\Lib\asyncio\streams.py", line 48, in open_connection
    transport, _ = await loop.create_connection(
                   ^^^^^^^^^^^^^^^^^^^^^^^^^^^^^
        lambda: protocol, host, port, **kwds)
        ^^^^^^^^^^^^^^^^^^^^^^^^^^^^^^^^^^^^^
  File "C:\Users\ANUBIS PC\AppData\Local\Programs\Python\Python313\Lib\asyncio\base_events.py", line 1176, in create_connection
    raise exceptions[0]
  File "C:\Users\ANUBIS PC\AppData\Local\Programs\Python\Python313\Lib\asyncio\base_events.py", line 1146, in create_connection
    sock = await self._connect_sock(
           ^^^^^^^^^^^^^^^^^^^^^^^^^
        exceptions, addrinfo, laddr_infos)
        ^^^^^^^^^^^^^^^^^^^^^^^^^^^^^^^^^^
  File "C:\Users\ANUBIS PC\AppData\Local\Programs\Python\Python313\Lib\asyncio\base_events.py", line 1045, in _connect_sock
    await self.sock_connect(sock, address)
  File "C:\Users\ANUBIS PC\AppData\Local\Programs\Python\Python313\Lib\asyncio\proactor_events.py", line 728, in sock_connect
    return await self._proactor.connect(sock, address)
           ^^^^^^^^^^^^^^^^^^^^^^^^^^^^^^^^^^^^^^^^^^^
  File "C:\Users\ANUBIS PC\AppData\Local\Programs\Python\Python313\Lib\asyncio\windows_events.py", line 804, in _poll
    value = callback(transferred, key, ov)
  File "C:\Users\ANUBIS PC\AppData\Local\Programs\Python\Python313\Lib\asyncio\windows_events.py", line 600, in finish_connect
    ov.getresult()
    ~~~~~~~~~~~~^^
ConnectionRefusedError: [WinError 1225] Удаленный компьютер отклонил это сетевое подключение

During handling of the above exception, another exception occurred:

Traceback (most recent call last):
  File "C:\Users\ANUBIS PC\Desktop\parsing PE411\delivery_bot\venv\Lib\site-packages\aiogram\dispatcher\dispatcher.py", line 309, in _process_update
    response = await self.feed_update(bot, update, **kwargs)
               ^^^^^^^^^^^^^^^^^^^^^^^^^^^^^^^^^^^^^^^^^^^^^
  File "C:\Users\ANUBIS PC\Desktop\parsing PE411\delivery_bot\venv\Lib\site-packages\aiogram\dispatcher\dispatcher.py", line 158, in feed_update
    response = await self.update.wrap_outer_middleware(
               ^^^^^^^^^^^^^^^^^^^^^^^^^^^^^^^^^^^^^^^^
    ...<7 lines>...
    )
    ^
  File "C:\Users\ANUBIS PC\Desktop\parsing PE411\delivery_bot\venv\Lib\site-packages\aiogram\dispatcher\middlewares\error.py", line 25, in __call__
    return await handler(event, data)
           ^^^^^^^^^^^^^^^^^^^^^^^^^^
  File "C:\Users\ANUBIS PC\Desktop\parsing PE411\delivery_bot\venv\Lib\site-packages\aiogram\dispatcher\middlewares\user_context.py", line 56, in __call__
    return await handler(event, data)
           ^^^^^^^^^^^^^^^^^^^^^^^^^^
  File "C:\Users\ANUBIS PC\Desktop\parsing PE411\delivery_bot\venv\Lib\site-packages\aiogram\fsm\middleware.py", line 42, in __call__
    return await handler(event, data)
           ^^^^^^^^^^^^^^^^^^^^^^^^^^
  File "C:\Users\ANUBIS PC\Desktop\parsing PE411\delivery_bot\venv\Lib\site-packages\aiogram\dispatcher\event\telegram.py", line 121, in trigger
    return await wrapped_inner(event, kwargs)
           ^^^^^^^^^^^^^^^^^^^^^^^^^^^^^^^^^^
  File "C:\Users\ANUBIS PC\Desktop\parsing PE411\delivery_bot\middlewares\logging.py", line 20, in __call__
    response = await handler(event, data)
               ^^^^^^^^^^^^^^^^^^^^^^^^^^
  File "C:\Users\ANUBIS PC\Desktop\parsing PE411\delivery_bot\middlewares\auth.py", line 28, in __call__
    return await handler(event, data)
           ^^^^^^^^^^^^^^^^^^^^^^^^^^
  File "C:\Users\ANUBIS PC\Desktop\parsing PE411\delivery_bot\venv\Lib\site-packages\aiogram\dispatcher\event\handler.py", line 43, in call
    return await wrapped()
           ^^^^^^^^^^^^^^^
  File "C:\Users\ANUBIS PC\Desktop\parsing PE411\delivery_bot\venv\Lib\site-packages\aiogram\dispatcher\dispatcher.py", line 276, in _listen_update
    return await self.propagate_event(update_type=update_type, event=event, **kwargs)
           ^^^^^^^^^^^^^^^^^^^^^^^^^^^^^^^^^^^^^^^^^^^^^^^^^^^^^^^^^^^^^^^^^^^^^^^^^^
  File "C:\Users\ANUBIS PC\Desktop\parsing PE411\delivery_bot\venv\Lib\site-packages\aiogram\dispatcher\router.py", line 146, in propagate_event
    return await observer.wrap_outer_middleware(_wrapped, event=event, data=kwargs)
           ^^^^^^^^^^^^^^^^^^^^^^^^^^^^^^^^^^^^^^^^^^^^^^^^^^^^^^^^^^^^^^^^^^^^^^^^
  File "C:\Users\ANUBIS PC\Desktop\parsing PE411\delivery_bot\venv\Lib\site-packages\aiogram\dispatcher\router.py", line 141, in _wrapped
    return await self._propagate_event(
           ^^^^^^^^^^^^^^^^^^^^^^^^^^^^
        observer=observer, update_type=update_type, event=telegram_event, **data
        ^^^^^^^^^^^^^^^^^^^^^^^^^^^^^^^^^^^^^^^^^^^^^^^^^^^^^^^^^^^^^^^^^^^^^^^^
    )
    ^
  File "C:\Users\ANUBIS PC\Desktop\parsing PE411\delivery_bot\venv\Lib\site-packages\aiogram\dispatcher\router.py", line 174, in _propagate_event
    response = await router.propagate_event(update_type=update_type, event=event, **kwargs)
               ^^^^^^^^^^^^^^^^^^^^^^^^^^^^^^^^^^^^^^^^^^^^^^^^^^^^^^^^^^^^^^^^^^^^^^^^^^^^
  File "C:\Users\ANUBIS PC\Desktop\parsing PE411\delivery_bot\venv\Lib\site-packages\aiogram\dispatcher\router.py", line 146, in propagate_event
    return await observer.wrap_outer_middleware(_wrapped, event=event, data=kwargs)
           ^^^^^^^^^^^^^^^^^^^^^^^^^^^^^^^^^^^^^^^^^^^^^^^^^^^^^^^^^^^^^^^^^^^^^^^^
  File "C:\Users\ANUBIS PC\Desktop\parsing PE411\delivery_bot\venv\Lib\site-packages\aiogram\dispatcher\router.py", line 141, in _wrapped
    return await self._propagate_event(
           ^^^^^^^^^^^^^^^^^^^^^^^^^^^^
        observer=observer, update_type=update_type, event=telegram_event, **data
        ^^^^^^^^^^^^^^^^^^^^^^^^^^^^^^^^^^^^^^^^^^^^^^^^^^^^^^^^^^^^^^^^^^^^^^^^
    )
    ^
  File "C:\Users\ANUBIS PC\Desktop\parsing PE411\delivery_bot\venv\Lib\site-packages\aiogram\dispatcher\router.py", line 166, in _propagate_event
    response = await observer.trigger(event, **kwargs)
               ^^^^^^^^^^^^^^^^^^^^^^^^^^^^^^^^^^^^^^^
  File "C:\Users\ANUBIS PC\Desktop\parsing PE411\delivery_bot\venv\Lib\site-packages\aiogram\dispatcher\event\telegram.py", line 121, in trigger
    return await wrapped_inner(event, kwargs)
           ^^^^^^^^^^^^^^^^^^^^^^^^^^^^^^^^^^
  File "C:\Users\ANUBIS PC\Desktop\parsing PE411\delivery_bot\venv\Lib\site-packages\aiogram\dispatcher\event\handler.py", line 43, in call
    return await wrapped()
           ^^^^^^^^^^^^^^^
  File "C:\Users\ANUBIS PC\Desktop\parsing PE411\delivery_bot\routers\menu.py", line 149, in add_cart
    await cart_servis.add_to_cart(
    ...<3 lines>...
    )
  File "C:\Users\ANUBIS PC\Desktop\parsing PE411\delivery_bot\services\cart.py", line 27, in add_to_cart
    cart = await self.get_cart(user_id)  # 5
           ^^^^^^^^^^^^^^^^^^^^^^^^^^^^
  File "C:\Users\ANUBIS PC\Desktop\parsing PE411\delivery_bot\services\cart.py", line 9, in get_cart
    cart = await self.redis.get(f"cart:{user_id}")
           ^^^^^^^^^^^^^^^^^^^^^^^^^^^^^^^^^^^^^^^
  File "C:\Users\ANUBIS PC\Desktop\parsing PE411\delivery_bot\venv\Lib\site-packages\redis\asyncio\client.py", line 720, in execute_command
    conn = self.connection or await pool.get_connection()
                              ^^^^^^^^^^^^^^^^^^^^^^^^^^^
  File "C:\Users\ANUBIS PC\Desktop\parsing PE411\delivery_bot\venv\Lib\site-packages\redis\asyncio\connection.py", line 1198, in get_connection
    await self.ensure_connection(connection)
  File "C:\Users\ANUBIS PC\Desktop\parsing PE411\delivery_bot\venv\Lib\site-packages\redis\asyncio\connection.py", line 1231, in ensure_connection
    await connection.connect()
  File "C:\Users\ANUBIS PC\Desktop\parsing PE411\delivery_bot\venv\Lib\site-packages\redis\asyncio\connection.py", line 298, in connect
    await self.connect_check_health(check_health=True)
  File "C:\Users\ANUBIS PC\Desktop\parsing PE411\delivery_bot\venv\Lib\site-packages\redis\asyncio\connection.py", line 317, in connect_check_health
    raise ConnectionError(self._error_message(e))
redis.exceptions.ConnectionError: Error 22 connecting to localhost:6379. Удаленный компьютер отклонил это сетевое подключение.
2025-12-03 20:08:19,334 - INFO - Update id=946295176 is not handled. Duration 4092 ms by bot id=8200360038
2025-12-03 20:08:19,334 - ERROR - Cause exception while process update id=946295176 by bot id=8200360038
ConnectionError: Error 22 connecting to localhost:6379. Удаленный компьютер отклонил это сетевое подключение.
Traceback (most recent call last):
  File "C:\Users\ANUBIS PC\Desktop\parsing PE411\delivery_bot\venv\Lib\site-packages\redis\asyncio\connection.py", line 307, in connect_check_health
    await self.retry.call_with_retry(
        lambda: self._connect(), lambda error: self.disconnect()
    )
  File "C:\Users\ANUBIS PC\Desktop\parsing PE411\delivery_bot\venv\Lib\site-packages\redis\asyncio\retry.py", line 50, in call_with_retry
    return await do()
           ^^^^^^^^^^
  File "C:\Users\ANUBIS PC\Desktop\parsing PE411\delivery_bot\venv\Lib\site-packages\redis\asyncio\connection.py", line 768, in _connect
    reader, writer = await asyncio.open_connection(
                     ^^^^^^^^^^^^^^^^^^^^^^^^^^^^^^
        **self._connection_arguments()
        ^^^^^^^^^^^^^^^^^^^^^^^^^^^^^^
    )
    ^
  File "C:\Users\ANUBIS PC\AppData\Local\Programs\Python\Python313\Lib\asyncio\streams.py", line 48, in open_connection
    transport, _ = await loop.create_connection(
                   ^^^^^^^^^^^^^^^^^^^^^^^^^^^^^
        lambda: protocol, host, port, **kwds)
        ^^^^^^^^^^^^^^^^^^^^^^^^^^^^^^^^^^^^^
  File "C:\Users\ANUBIS PC\AppData\Local\Programs\Python\Python313\Lib\asyncio\base_events.py", line 1176, in create_connection
    raise exceptions[0]
  File "C:\Users\ANUBIS PC\AppData\Local\Programs\Python\Python313\Lib\asyncio\base_events.py", line 1146, in create_connection
    sock = await self._connect_sock(
           ^^^^^^^^^^^^^^^^^^^^^^^^^
        exceptions, addrinfo, laddr_infos)
        ^^^^^^^^^^^^^^^^^^^^^^^^^^^^^^^^^^
  File "C:\Users\ANUBIS PC\AppData\Local\Programs\Python\Python313\Lib\asyncio\base_events.py", line 1045, in _connect_sock
    await self.sock_connect(sock, address)
  File "C:\Users\ANUBIS PC\AppData\Local\Programs\Python\Python313\Lib\asyncio\proactor_events.py", line 728, in sock_connect
    return await self._proactor.connect(sock, address)
           ^^^^^^^^^^^^^^^^^^^^^^^^^^^^^^^^^^^^^^^^^^^
  File "C:\Users\ANUBIS PC\AppData\Local\Programs\Python\Python313\Lib\asyncio\windows_events.py", line 804, in _poll
    value = callback(transferred, key, ov)
  File "C:\Users\ANUBIS PC\AppData\Local\Programs\Python\Python313\Lib\asyncio\windows_events.py", line 600, in finish_connect
    ov.getresult()
    ~~~~~~~~~~~~^^
ConnectionRefusedError: [WinError 1225] Удаленный компьютер отклонил это сетевое подключение

During handling of the above exception, another exception occurred:

Traceback (most recent call last):
  File "C:\Users\ANUBIS PC\Desktop\parsing PE411\delivery_bot\venv\Lib\site-packages\aiogram\dispatcher\dispatcher.py", line 309, in _process_update
    response = await self.feed_update(bot, update, **kwargs)
               ^^^^^^^^^^^^^^^^^^^^^^^^^^^^^^^^^^^^^^^^^^^^^
  File "C:\Users\ANUBIS PC\Desktop\parsing PE411\delivery_bot\venv\Lib\site-packages\aiogram\dispatcher\dispatcher.py", line 158, in feed_update
    response = await self.update.wrap_outer_middleware(
               ^^^^^^^^^^^^^^^^^^^^^^^^^^^^^^^^^^^^^^^^
    ...<7 lines>...
    )
    ^
  File "C:\Users\ANUBIS PC\Desktop\parsing PE411\delivery_bot\venv\Lib\site-packages\aiogram\dispatcher\middlewares\error.py", line 25, in __call__
    return await handler(event, data)
           ^^^^^^^^^^^^^^^^^^^^^^^^^^
  File "C:\Users\ANUBIS PC\Desktop\parsing PE411\delivery_bot\venv\Lib\site-packages\aiogram\dispatcher\middlewares\user_context.py", line 56, in __call__
    return await handler(event, data)
           ^^^^^^^^^^^^^^^^^^^^^^^^^^
  File "C:\Users\ANUBIS PC\Desktop\parsing PE411\delivery_bot\venv\Lib\site-packages\aiogram\fsm\middleware.py", line 42, in __call__
    return await handler(event, data)
           ^^^^^^^^^^^^^^^^^^^^^^^^^^
  File "C:\Users\ANUBIS PC\Desktop\parsing PE411\delivery_bot\venv\Lib\site-packages\aiogram\dispatcher\event\telegram.py", line 121, in trigger
    return await wrapped_inner(event, kwargs)
           ^^^^^^^^^^^^^^^^^^^^^^^^^^^^^^^^^^
  File "C:\Users\ANUBIS PC\Desktop\parsing PE411\delivery_bot\middlewares\logging.py", line 20, in __call__
    response = await handler(event, data)
               ^^^^^^^^^^^^^^^^^^^^^^^^^^
  File "C:\Users\ANUBIS PC\Desktop\parsing PE411\delivery_bot\middlewares\auth.py", line 28, in __call__
    return await handler(event, data)
           ^^^^^^^^^^^^^^^^^^^^^^^^^^
  File "C:\Users\ANUBIS PC\Desktop\parsing PE411\delivery_bot\venv\Lib\site-packages\aiogram\dispatcher\event\handler.py", line 43, in call
    return await wrapped()
           ^^^^^^^^^^^^^^^
  File "C:\Users\ANUBIS PC\Desktop\parsing PE411\delivery_bot\venv\Lib\site-packages\aiogram\dispatcher\dispatcher.py", line 276, in _listen_update
    return await self.propagate_event(update_type=update_type, event=event, **kwargs)
           ^^^^^^^^^^^^^^^^^^^^^^^^^^^^^^^^^^^^^^^^^^^^^^^^^^^^^^^^^^^^^^^^^^^^^^^^^^
  File "C:\Users\ANUBIS PC\Desktop\parsing PE411\delivery_bot\venv\Lib\site-packages\aiogram\dispatcher\router.py", line 146, in propagate_event
    return await observer.wrap_outer_middleware(_wrapped, event=event, data=kwargs)
           ^^^^^^^^^^^^^^^^^^^^^^^^^^^^^^^^^^^^^^^^^^^^^^^^^^^^^^^^^^^^^^^^^^^^^^^^
  File "C:\Users\ANUBIS PC\Desktop\parsing PE411\delivery_bot\venv\Lib\site-packages\aiogram\dispatcher\router.py", line 141, in _wrapped
    return await self._propagate_event(
           ^^^^^^^^^^^^^^^^^^^^^^^^^^^^
        observer=observer, update_type=update_type, event=telegram_event, **data
        ^^^^^^^^^^^^^^^^^^^^^^^^^^^^^^^^^^^^^^^^^^^^^^^^^^^^^^^^^^^^^^^^^^^^^^^^
    )
    ^
  File "C:\Users\ANUBIS PC\Desktop\parsing PE411\delivery_bot\venv\Lib\site-packages\aiogram\dispatcher\router.py", line 174, in _propagate_event
    response = await router.propagate_event(update_type=update_type, event=event, **kwargs)
               ^^^^^^^^^^^^^^^^^^^^^^^^^^^^^^^^^^^^^^^^^^^^^^^^^^^^^^^^^^^^^^^^^^^^^^^^^^^^
  File "C:\Users\ANUBIS PC\Desktop\parsing PE411\delivery_bot\venv\Lib\site-packages\aiogram\dispatcher\router.py", line 146, in propagate_event
    return await observer.wrap_outer_middleware(_wrapped, event=event, data=kwargs)
           ^^^^^^^^^^^^^^^^^^^^^^^^^^^^^^^^^^^^^^^^^^^^^^^^^^^^^^^^^^^^^^^^^^^^^^^^
  File "C:\Users\ANUBIS PC\Desktop\parsing PE411\delivery_bot\venv\Lib\site-packages\aiogram\dispatcher\router.py", line 141, in _wrapped
    return await self._propagate_event(
           ^^^^^^^^^^^^^^^^^^^^^^^^^^^^
        observer=observer, update_type=update_type, event=telegram_event, **data
        ^^^^^^^^^^^^^^^^^^^^^^^^^^^^^^^^^^^^^^^^^^^^^^^^^^^^^^^^^^^^^^^^^^^^^^^^
    )
    ^
  File "C:\Users\ANUBIS PC\Desktop\parsing PE411\delivery_bot\venv\Lib\site-packages\aiogram\dispatcher\router.py", line 166, in _propagate_event
    response = await observer.trigger(event, **kwargs)
               ^^^^^^^^^^^^^^^^^^^^^^^^^^^^^^^^^^^^^^^
  File "C:\Users\ANUBIS PC\Desktop\parsing PE411\delivery_bot\venv\Lib\site-packages\aiogram\dispatcher\event\telegram.py", line 121, in trigger
    return await wrapped_inner(event, kwargs)
           ^^^^^^^^^^^^^^^^^^^^^^^^^^^^^^^^^^
  File "C:\Users\ANUBIS PC\Desktop\parsing PE411\delivery_bot\venv\Lib\site-packages\aiogram\dispatcher\event\handler.py", line 43, in call
    return await wrapped()
           ^^^^^^^^^^^^^^^
  File "C:\Users\ANUBIS PC\Desktop\parsing PE411\delivery_bot\routers\menu.py", line 149, in add_cart
    await cart_servis.add_to_cart(
    ...<3 lines>...
    )
  File "C:\Users\ANUBIS PC\Desktop\parsing PE411\delivery_bot\services\cart.py", line 27, in add_to_cart
    cart = await self.get_cart(user_id)  # 5
           ^^^^^^^^^^^^^^^^^^^^^^^^^^^^
  File "C:\Users\ANUBIS PC\Desktop\parsing PE411\delivery_bot\services\cart.py", line 9, in get_cart
    cart = await self.redis.get(f"cart:{user_id}")
           ^^^^^^^^^^^^^^^^^^^^^^^^^^^^^^^^^^^^^^^
  File "C:\Users\ANUBIS PC\Desktop\parsing PE411\delivery_bot\venv\Lib\site-packages\redis\asyncio\client.py", line 720, in execute_command
    conn = self.connection or await pool.get_connection()
                              ^^^^^^^^^^^^^^^^^^^^^^^^^^^
  File "C:\Users\ANUBIS PC\Desktop\parsing PE411\delivery_bot\venv\Lib\site-packages\redis\asyncio\connection.py", line 1198, in get_connection
    await self.ensure_connection(connection)
  File "C:\Users\ANUBIS PC\Desktop\parsing PE411\delivery_bot\venv\Lib\site-packages\redis\asyncio\connection.py", line 1231, in ensure_connection
    await connection.connect()
  File "C:\Users\ANUBIS PC\Desktop\parsing PE411\delivery_bot\venv\Lib\site-packages\redis\asyncio\connection.py", line 298, in connect
    await self.connect_check_health(check_health=True)
  File "C:\Users\ANUBIS PC\Desktop\parsing PE411\delivery_bot\venv\Lib\site-packages\redis\asyncio\connection.py", line 317, in connect_check_health
    raise ConnectionError(self._error_message(e))
redis.exceptions.ConnectionError: Error 22 connecting to localhost:6379. Удаленный компьютер отклонил это сетевое подключение.
2025-12-03 20:08:21,785 - INFO - Update id=946295177 is not handled. Duration 4063 ms by bot id=8200360038
2025-12-03 20:08:21,785 - ERROR - Cause exception while process update id=946295177 by bot id=8200360038
ConnectionError: Error 22 connecting to localhost:6379. Удаленный компьютер отклонил это сетевое подключение.
Traceback (most recent call last):
  File "C:\Users\ANUBIS PC\Desktop\parsing PE411\delivery_bot\venv\Lib\site-packages\redis\asyncio\connection.py", line 307, in connect_check_health
    await self.retry.call_with_retry(
        lambda: self._connect(), lambda error: self.disconnect()
    )
  File "C:\Users\ANUBIS PC\Desktop\parsing PE411\delivery_bot\venv\Lib\site-packages\redis\asyncio\retry.py", line 50, in call_with_retry
    return await do()
           ^^^^^^^^^^
  File "C:\Users\ANUBIS PC\Desktop\parsing PE411\delivery_bot\venv\Lib\site-packages\redis\asyncio\connection.py", line 768, in _connect
    reader, writer = await asyncio.open_connection(
                     ^^^^^^^^^^^^^^^^^^^^^^^^^^^^^^
        **self._connection_arguments()
        ^^^^^^^^^^^^^^^^^^^^^^^^^^^^^^
    )
    ^
  File "C:\Users\ANUBIS PC\AppData\Local\Programs\Python\Python313\Lib\asyncio\streams.py", line 48, in open_connection
    transport, _ = await loop.create_connection(
                   ^^^^^^^^^^^^^^^^^^^^^^^^^^^^^
        lambda: protocol, host, port, **kwds)
        ^^^^^^^^^^^^^^^^^^^^^^^^^^^^^^^^^^^^^
  File "C:\Users\ANUBIS PC\AppData\Local\Programs\Python\Python313\Lib\asyncio\base_events.py", line 1176, in create_connection
    raise exceptions[0]
  File "C:\Users\ANUBIS PC\AppData\Local\Programs\Python\Python313\Lib\asyncio\base_events.py", line 1146, in create_connection
    sock = await self._connect_sock(
           ^^^^^^^^^^^^^^^^^^^^^^^^^
        exceptions, addrinfo, laddr_infos)
        ^^^^^^^^^^^^^^^^^^^^^^^^^^^^^^^^^^
  File "C:\Users\ANUBIS PC\AppData\Local\Programs\Python\Python313\Lib\asyncio\base_events.py", line 1045, in _connect_sock
    await self.sock_connect(sock, address)
  File "C:\Users\ANUBIS PC\AppData\Local\Programs\Python\Python313\Lib\asyncio\proactor_events.py", line 728, in sock_connect
    return await self._proactor.connect(sock, address)
           ^^^^^^^^^^^^^^^^^^^^^^^^^^^^^^^^^^^^^^^^^^^
  File "C:\Users\ANUBIS PC\AppData\Local\Programs\Python\Python313\Lib\asyncio\windows_events.py", line 804, in _poll
    value = callback(transferred, key, ov)
  File "C:\Users\ANUBIS PC\AppData\Local\Programs\Python\Python313\Lib\asyncio\windows_events.py", line 600, in finish_connect
    ov.getresult()
    ~~~~~~~~~~~~^^
ConnectionRefusedError: [WinError 1225] Удаленный компьютер отклонил это сетевое подключение

During handling of the above exception, another exception occurred:

Traceback (most recent call last):
  File "C:\Users\ANUBIS PC\Desktop\parsing PE411\delivery_bot\venv\Lib\site-packages\aiogram\dispatcher\dispatcher.py", line 309, in _process_update
    response = await self.feed_update(bot, update, **kwargs)
               ^^^^^^^^^^^^^^^^^^^^^^^^^^^^^^^^^^^^^^^^^^^^^
  File "C:\Users\ANUBIS PC\Desktop\parsing PE411\delivery_bot\venv\Lib\site-packages\aiogram\dispatcher\dispatcher.py", line 158, in feed_update
    response = await self.update.wrap_outer_middleware(
               ^^^^^^^^^^^^^^^^^^^^^^^^^^^^^^^^^^^^^^^^
    ...<7 lines>...
    )
    ^
  File "C:\Users\ANUBIS PC\Desktop\parsing PE411\delivery_bot\venv\Lib\site-packages\aiogram\dispatcher\middlewares\error.py", line 25, in __call__
    return await handler(event, data)
           ^^^^^^^^^^^^^^^^^^^^^^^^^^
  File "C:\Users\ANUBIS PC\Desktop\parsing PE411\delivery_bot\venv\Lib\site-packages\aiogram\dispatcher\middlewares\user_context.py", line 56, in __call__
    return await handler(event, data)
           ^^^^^^^^^^^^^^^^^^^^^^^^^^
  File "C:\Users\ANUBIS PC\Desktop\parsing PE411\delivery_bot\venv\Lib\site-packages\aiogram\fsm\middleware.py", line 42, in __call__
    return await handler(event, data)
           ^^^^^^^^^^^^^^^^^^^^^^^^^^
  File "C:\Users\ANUBIS PC\Desktop\parsing PE411\delivery_bot\venv\Lib\site-packages\aiogram\dispatcher\event\telegram.py", line 121, in trigger
    return await wrapped_inner(event, kwargs)
           ^^^^^^^^^^^^^^^^^^^^^^^^^^^^^^^^^^
  File "C:\Users\ANUBIS PC\Desktop\parsing PE411\delivery_bot\middlewares\logging.py", line 20, in __call__
    response = await handler(event, data)
               ^^^^^^^^^^^^^^^^^^^^^^^^^^
  File "C:\Users\ANUBIS PC\Desktop\parsing PE411\delivery_bot\middlewares\auth.py", line 28, in __call__
    return await handler(event, data)
           ^^^^^^^^^^^^^^^^^^^^^^^^^^
  File "C:\Users\ANUBIS PC\Desktop\parsing PE411\delivery_bot\venv\Lib\site-packages\aiogram\dispatcher\event\handler.py", line 43, in call
    return await wrapped()
           ^^^^^^^^^^^^^^^
  File "C:\Users\ANUBIS PC\Desktop\parsing PE411\delivery_bot\venv\Lib\site-packages\aiogram\dispatcher\dispatcher.py", line 276, in _listen_update
    return await self.propagate_event(update_type=update_type, event=event, **kwargs)
           ^^^^^^^^^^^^^^^^^^^^^^^^^^^^^^^^^^^^^^^^^^^^^^^^^^^^^^^^^^^^^^^^^^^^^^^^^^
  File "C:\Users\ANUBIS PC\Desktop\parsing PE411\delivery_bot\venv\Lib\site-packages\aiogram\dispatcher\router.py", line 146, in propagate_event
    return await observer.wrap_outer_middleware(_wrapped, event=event, data=kwargs)
           ^^^^^^^^^^^^^^^^^^^^^^^^^^^^^^^^^^^^^^^^^^^^^^^^^^^^^^^^^^^^^^^^^^^^^^^^
  File "C:\Users\ANUBIS PC\Desktop\parsing PE411\delivery_bot\venv\Lib\site-packages\aiogram\dispatcher\router.py", line 141, in _wrapped
    return await self._propagate_event(
           ^^^^^^^^^^^^^^^^^^^^^^^^^^^^
        observer=observer, update_type=update_type, event=telegram_event, **data
        ^^^^^^^^^^^^^^^^^^^^^^^^^^^^^^^^^^^^^^^^^^^^^^^^^^^^^^^^^^^^^^^^^^^^^^^^
    )
    ^
  File "C:\Users\ANUBIS PC\Desktop\parsing PE411\delivery_bot\venv\Lib\site-packages\aiogram\dispatcher\router.py", line 174, in _propagate_event
    response = await router.propagate_event(update_type=update_type, event=event, **kwargs)
               ^^^^^^^^^^^^^^^^^^^^^^^^^^^^^^^^^^^^^^^^^^^^^^^^^^^^^^^^^^^^^^^^^^^^^^^^^^^^
  File "C:\Users\ANUBIS PC\Desktop\parsing PE411\delivery_bot\venv\Lib\site-packages\aiogram\dispatcher\router.py", line 146, in propagate_event
    return await observer.wrap_outer_middleware(_wrapped, event=event, data=kwargs)
           ^^^^^^^^^^^^^^^^^^^^^^^^^^^^^^^^^^^^^^^^^^^^^^^^^^^^^^^^^^^^^^^^^^^^^^^^
  File "C:\Users\ANUBIS PC\Desktop\parsing PE411\delivery_bot\venv\Lib\site-packages\aiogram\dispatcher\router.py", line 141, in _wrapped
    return await self._propagate_event(
           ^^^^^^^^^^^^^^^^^^^^^^^^^^^^
        observer=observer, update_type=update_type, event=telegram_event, **data
        ^^^^^^^^^^^^^^^^^^^^^^^^^^^^^^^^^^^^^^^^^^^^^^^^^^^^^^^^^^^^^^^^^^^^^^^^
    )
    ^
  File "C:\Users\ANUBIS PC\Desktop\parsing PE411\delivery_bot\venv\Lib\site-packages\aiogram\dispatcher\router.py", line 166, in _propagate_event
    response = await observer.trigger(event, **kwargs)
               ^^^^^^^^^^^^^^^^^^^^^^^^^^^^^^^^^^^^^^^
  File "C:\Users\ANUBIS PC\Desktop\parsing PE411\delivery_bot\venv\Lib\site-packages\aiogram\dispatcher\event\telegram.py", line 121, in trigger
    return await wrapped_inner(event, kwargs)
           ^^^^^^^^^^^^^^^^^^^^^^^^^^^^^^^^^^
  File "C:\Users\ANUBIS PC\Desktop\parsing PE411\delivery_bot\venv\Lib\site-packages\aiogram\dispatcher\event\handler.py", line 43, in call
    return await wrapped()
           ^^^^^^^^^^^^^^^
  File "C:\Users\ANUBIS PC\Desktop\parsing PE411\delivery_bot\routers\menu.py", line 149, in add_cart
    await cart_servis.add_to_cart(
    ...<3 lines>...
    )
  File "C:\Users\ANUBIS PC\Desktop\parsing PE411\delivery_bot\services\cart.py", line 27, in add_to_cart
    cart = await self.get_cart(user_id)  # 5
           ^^^^^^^^^^^^^^^^^^^^^^^^^^^^
  File "C:\Users\ANUBIS PC\Desktop\parsing PE411\delivery_bot\services\cart.py", line 9, in get_cart
    cart = await self.redis.get(f"cart:{user_id}")
           ^^^^^^^^^^^^^^^^^^^^^^^^^^^^^^^^^^^^^^^
  File "C:\Users\ANUBIS PC\Desktop\parsing PE411\delivery_bot\venv\Lib\site-packages\redis\asyncio\client.py", line 720, in execute_command
    conn = self.connection or await pool.get_connection()
                              ^^^^^^^^^^^^^^^^^^^^^^^^^^^
  File "C:\Users\ANUBIS PC\Desktop\parsing PE411\delivery_bot\venv\Lib\site-packages\redis\asyncio\connection.py", line 1198, in get_connection
    await self.ensure_connection(connection)
  File "C:\Users\ANUBIS PC\Desktop\parsing PE411\delivery_bot\venv\Lib\site-packages\redis\asyncio\connection.py", line 1231, in ensure_connection
    await connection.connect()
  File "C:\Users\ANUBIS PC\Desktop\parsing PE411\delivery_bot\venv\Lib\site-packages\redis\asyncio\connection.py", line 298, in connect
    await self.connect_check_health(check_health=True)
  File "C:\Users\ANUBIS PC\Desktop\parsing PE411\delivery_bot\venv\Lib\site-packages\redis\asyncio\connection.py", line 317, in connect_check_health
    raise ConnectionError(self._error_message(e))
redis.exceptions.ConnectionError: Error 22 connecting to localhost:6379. Удаленный компьютер отклонил это сетевое подключение.
2025-12-03 20:12:50,541 - INFO - MESSAGE: 2.8541088104248047ms
2025-12-03 20:12:50,541 - INFO - Update id=946295178 is not handled. Duration 3 ms by bot id=8200360038
2025-12-03 20:22:07,282 - INFO - Polling stopped
2025-12-03 20:22:07,284 - ERROR - Failed to fetch updates - TelegramNetworkError: HTTP Client says - ServerDisconnectedError: Server disconnected
2025-12-03 20:22:07,284 - WARNING - Sleep for 1.000000 seconds and try again... (tryings = 0, bot id = 8200360038)
2025-12-03 20:22:07,546 - INFO - Polling stopped for bot @pe411_bot id=8200360038 - 'pe411'
2025-12-03 20:22:23,473 - INFO - MESSAGE: 611.6769313812256ms
2025-12-03 20:22:23,474 - INFO - Update id=946295179 is handled. Duration 613 ms by bot id=8200360038
2025-12-03 20:22:26,220 - INFO - CALLBACK: 399.8563289642334ms
2025-12-03 20:22:26,221 - INFO - Update id=946295180 is handled. Duration 400 ms by bot id=8200360038
2025-12-03 20:22:27,471 - INFO - CALLBACK: 271.6236114501953ms
2025-12-03 20:22:27,471 - INFO - Update id=946295181 is handled. Duration 272 ms by bot id=8200360038
2025-12-03 20:22:29,067 - INFO - CALLBACK: 709.9335193634033ms
2025-12-03 20:22:29,067 - INFO - Update id=946295182 is handled. Duration 711 ms by bot id=8200360038
2025-12-03 20:22:31,345 - INFO - CALLBACK: 6.33692741394043ms
2025-12-03 20:22:31,345 - INFO - Update id=946295183 is not handled. Duration 7 ms by bot id=8200360038
2025-12-03 20:22:39,615 - INFO - CALLBACK: 181.28728866577148ms
2025-12-03 20:22:39,615 - INFO - Update id=946295184 is handled. Duration 182 ms by bot id=8200360038
2025-12-03 20:22:39,819 - INFO - CALLBACK: 211.73787117004395ms
2025-12-03 20:22:39,819 - INFO - Update id=946295185 is handled. Duration 212 ms by bot id=8200360038
2025-12-03 20:22:45,180 - INFO - Update id=946295186 is not handled. Duration 4098 ms by bot id=8200360038
2025-12-03 20:22:45,180 - ERROR - Cause exception while process update id=946295186 by bot id=8200360038
ConnectionError: Error 22 connecting to localhost:6379. Удаленный компьютер отклонил это сетевое подключение.
Traceback (most recent call last):
  File "C:\Users\ANUBIS PC\Desktop\parsing PE411\delivery_bot\venv\Lib\site-packages\redis\asyncio\connection.py", line 307, in connect_check_health
    await self.retry.call_with_retry(
        lambda: self._connect(), lambda error: self.disconnect()
    )
  File "C:\Users\ANUBIS PC\Desktop\parsing PE411\delivery_bot\venv\Lib\site-packages\redis\asyncio\retry.py", line 50, in call_with_retry
    return await do()
           ^^^^^^^^^^
  File "C:\Users\ANUBIS PC\Desktop\parsing PE411\delivery_bot\venv\Lib\site-packages\redis\asyncio\connection.py", line 768, in _connect
    reader, writer = await asyncio.open_connection(
                     ^^^^^^^^^^^^^^^^^^^^^^^^^^^^^^
        **self._connection_arguments()
        ^^^^^^^^^^^^^^^^^^^^^^^^^^^^^^
    )
    ^
  File "C:\Users\ANUBIS PC\AppData\Local\Programs\Python\Python313\Lib\asyncio\streams.py", line 48, in open_connection
    transport, _ = await loop.create_connection(
                   ^^^^^^^^^^^^^^^^^^^^^^^^^^^^^
        lambda: protocol, host, port, **kwds)
        ^^^^^^^^^^^^^^^^^^^^^^^^^^^^^^^^^^^^^
  File "C:\Users\ANUBIS PC\AppData\Local\Programs\Python\Python313\Lib\asyncio\base_events.py", line 1176, in create_connection
    raise exceptions[0]
  File "C:\Users\ANUBIS PC\AppData\Local\Programs\Python\Python313\Lib\asyncio\base_events.py", line 1146, in create_connection
    sock = await self._connect_sock(
           ^^^^^^^^^^^^^^^^^^^^^^^^^
        exceptions, addrinfo, laddr_infos)
        ^^^^^^^^^^^^^^^^^^^^^^^^^^^^^^^^^^
  File "C:\Users\ANUBIS PC\AppData\Local\Programs\Python\Python313\Lib\asyncio\base_events.py", line 1045, in _connect_sock
    await self.sock_connect(sock, address)
  File "C:\Users\ANUBIS PC\AppData\Local\Programs\Python\Python313\Lib\asyncio\proactor_events.py", line 728, in sock_connect
    return await self._proactor.connect(sock, address)
           ^^^^^^^^^^^^^^^^^^^^^^^^^^^^^^^^^^^^^^^^^^^
  File "C:\Users\ANUBIS PC\AppData\Local\Programs\Python\Python313\Lib\asyncio\windows_events.py", line 804, in _poll
    value = callback(transferred, key, ov)
  File "C:\Users\ANUBIS PC\AppData\Local\Programs\Python\Python313\Lib\asyncio\windows_events.py", line 600, in finish_connect
    ov.getresult()
    ~~~~~~~~~~~~^^
ConnectionRefusedError: [WinError 1225] Удаленный компьютер отклонил это сетевое подключение

During handling of the above exception, another exception occurred:

Traceback (most recent call last):
  File "C:\Users\ANUBIS PC\Desktop\parsing PE411\delivery_bot\venv\Lib\site-packages\aiogram\dispatcher\dispatcher.py", line 309, in _process_update
    response = await self.feed_update(bot, update, **kwargs)
               ^^^^^^^^^^^^^^^^^^^^^^^^^^^^^^^^^^^^^^^^^^^^^
  File "C:\Users\ANUBIS PC\Desktop\parsing PE411\delivery_bot\venv\Lib\site-packages\aiogram\dispatcher\dispatcher.py", line 158, in feed_update
    response = await self.update.wrap_outer_middleware(
               ^^^^^^^^^^^^^^^^^^^^^^^^^^^^^^^^^^^^^^^^
    ...<7 lines>...
    )
    ^
  File "C:\Users\ANUBIS PC\Desktop\parsing PE411\delivery_bot\venv\Lib\site-packages\aiogram\dispatcher\middlewares\error.py", line 25, in __call__
    return await handler(event, data)
           ^^^^^^^^^^^^^^^^^^^^^^^^^^
  File "C:\Users\ANUBIS PC\Desktop\parsing PE411\delivery_bot\venv\Lib\site-packages\aiogram\dispatcher\middlewares\user_context.py", line 56, in __call__
    return await handler(event, data)
           ^^^^^^^^^^^^^^^^^^^^^^^^^^
  File "C:\Users\ANUBIS PC\Desktop\parsing PE411\delivery_bot\venv\Lib\site-packages\aiogram\fsm\middleware.py", line 42, in __call__
    return await handler(event, data)
           ^^^^^^^^^^^^^^^^^^^^^^^^^^
  File "C:\Users\ANUBIS PC\Desktop\parsing PE411\delivery_bot\venv\Lib\site-packages\aiogram\dispatcher\event\telegram.py", line 121, in trigger
    return await wrapped_inner(event, kwargs)
           ^^^^^^^^^^^^^^^^^^^^^^^^^^^^^^^^^^
  File "C:\Users\ANUBIS PC\Desktop\parsing PE411\delivery_bot\middlewares\logging.py", line 20, in __call__
    response = await handler(event, data)
               ^^^^^^^^^^^^^^^^^^^^^^^^^^
  File "C:\Users\ANUBIS PC\Desktop\parsing PE411\delivery_bot\middlewares\auth.py", line 28, in __call__
    return await handler(event, data)
           ^^^^^^^^^^^^^^^^^^^^^^^^^^
  File "C:\Users\ANUBIS PC\Desktop\parsing PE411\delivery_bot\venv\Lib\site-packages\aiogram\dispatcher\event\handler.py", line 43, in call
    return await wrapped()
           ^^^^^^^^^^^^^^^
  File "C:\Users\ANUBIS PC\Desktop\parsing PE411\delivery_bot\venv\Lib\site-packages\aiogram\dispatcher\dispatcher.py", line 276, in _listen_update
    return await self.propagate_event(update_type=update_type, event=event, **kwargs)
           ^^^^^^^^^^^^^^^^^^^^^^^^^^^^^^^^^^^^^^^^^^^^^^^^^^^^^^^^^^^^^^^^^^^^^^^^^^
  File "C:\Users\ANUBIS PC\Desktop\parsing PE411\delivery_bot\venv\Lib\site-packages\aiogram\dispatcher\router.py", line 146, in propagate_event
    return await observer.wrap_outer_middleware(_wrapped, event=event, data=kwargs)
           ^^^^^^^^^^^^^^^^^^^^^^^^^^^^^^^^^^^^^^^^^^^^^^^^^^^^^^^^^^^^^^^^^^^^^^^^
  File "C:\Users\ANUBIS PC\Desktop\parsing PE411\delivery_bot\venv\Lib\site-packages\aiogram\dispatcher\router.py", line 141, in _wrapped
    return await self._propagate_event(
           ^^^^^^^^^^^^^^^^^^^^^^^^^^^^
        observer=observer, update_type=update_type, event=telegram_event, **data
        ^^^^^^^^^^^^^^^^^^^^^^^^^^^^^^^^^^^^^^^^^^^^^^^^^^^^^^^^^^^^^^^^^^^^^^^^
    )
    ^
  File "C:\Users\ANUBIS PC\Desktop\parsing PE411\delivery_bot\venv\Lib\site-packages\aiogram\dispatcher\router.py", line 174, in _propagate_event
    response = await router.propagate_event(update_type=update_type, event=event, **kwargs)
               ^^^^^^^^^^^^^^^^^^^^^^^^^^^^^^^^^^^^^^^^^^^^^^^^^^^^^^^^^^^^^^^^^^^^^^^^^^^^
  File "C:\Users\ANUBIS PC\Desktop\parsing PE411\delivery_bot\venv\Lib\site-packages\aiogram\dispatcher\router.py", line 146, in propagate_event
    return await observer.wrap_outer_middleware(_wrapped, event=event, data=kwargs)
           ^^^^^^^^^^^^^^^^^^^^^^^^^^^^^^^^^^^^^^^^^^^^^^^^^^^^^^^^^^^^^^^^^^^^^^^^
  File "C:\Users\ANUBIS PC\Desktop\parsing PE411\delivery_bot\venv\Lib\site-packages\aiogram\dispatcher\router.py", line 141, in _wrapped
    return await self._propagate_event(
           ^^^^^^^^^^^^^^^^^^^^^^^^^^^^
        observer=observer, update_type=update_type, event=telegram_event, **data
        ^^^^^^^^^^^^^^^^^^^^^^^^^^^^^^^^^^^^^^^^^^^^^^^^^^^^^^^^^^^^^^^^^^^^^^^^
    )
    ^
  File "C:\Users\ANUBIS PC\Desktop\parsing PE411\delivery_bot\venv\Lib\site-packages\aiogram\dispatcher\router.py", line 166, in _propagate_event
    response = await observer.trigger(event, **kwargs)
               ^^^^^^^^^^^^^^^^^^^^^^^^^^^^^^^^^^^^^^^
  File "C:\Users\ANUBIS PC\Desktop\parsing PE411\delivery_bot\venv\Lib\site-packages\aiogram\dispatcher\event\telegram.py", line 121, in trigger
    return await wrapped_inner(event, kwargs)
           ^^^^^^^^^^^^^^^^^^^^^^^^^^^^^^^^^^
  File "C:\Users\ANUBIS PC\Desktop\parsing PE411\delivery_bot\venv\Lib\site-packages\aiogram\dispatcher\event\handler.py", line 43, in call
    return await wrapped()
           ^^^^^^^^^^^^^^^
  File "C:\Users\ANUBIS PC\Desktop\parsing PE411\delivery_bot\routers\menu.py", line 149, in add_cart
    await cart_servis.add_to_cart(
    ...<3 lines>...
    )
  File "C:\Users\ANUBIS PC\Desktop\parsing PE411\delivery_bot\services\cart.py", line 27, in add_to_cart
    cart = await self.get_cart(user_id)  # 5
           ^^^^^^^^^^^^^^^^^^^^^^^^^^^^
  File "C:\Users\ANUBIS PC\Desktop\parsing PE411\delivery_bot\services\cart.py", line 9, in get_cart
    cart = await self.redis.get(f"cart:{user_id}")
           ^^^^^^^^^^^^^^^^^^^^^^^^^^^^^^^^^^^^^^^
  File "C:\Users\ANUBIS PC\Desktop\parsing PE411\delivery_bot\venv\Lib\site-packages\redis\asyncio\client.py", line 720, in execute_command
    conn = self.connection or await pool.get_connection()
                              ^^^^^^^^^^^^^^^^^^^^^^^^^^^
  File "C:\Users\ANUBIS PC\Desktop\parsing PE411\delivery_bot\venv\Lib\site-packages\redis\asyncio\connection.py", line 1198, in get_connection
    await self.ensure_connection(connection)
  File "C:\Users\ANUBIS PC\Desktop\parsing PE411\delivery_bot\venv\Lib\site-packages\redis\asyncio\connection.py", line 1231, in ensure_connection
    await connection.connect()
  File "C:\Users\ANUBIS PC\Desktop\parsing PE411\delivery_bot\venv\Lib\site-packages\redis\asyncio\connection.py", line 298, in connect
    await self.connect_check_health(check_health=True)
  File "C:\Users\ANUBIS PC\Desktop\parsing PE411\delivery_bot\venv\Lib\site-packages\redis\asyncio\connection.py", line 317, in connect_check_health
    raise ConnectionError(self._error_message(e))
redis.exceptions.ConnectionError: Error 22 connecting to localhost:6379. Удаленный компьютер отклонил это сетевое подключение.
2025-12-03 20:31:18,307 - INFO - Polling stopped
2025-12-03 20:31:18,308 - ERROR - Failed to fetch updates - TelegramNetworkError: HTTP Client says - ServerDisconnectedError: Server disconnected
2025-12-03 20:31:18,308 - WARNING - Sleep for 1.000000 seconds and try again... (tryings = 0, bot id = 8200360038)
2025-12-03 20:31:18,562 - INFO - Polling stopped for bot @pe411_bot id=8200360038 - 'pe411'
2025-12-03 20:31:25,658 - INFO - MESSAGE: 718.7504768371582ms
2025-12-03 20:31:25,658 - INFO - Update id=946295187 is handled. Duration 720 ms by bot id=8200360038
2025-12-03 20:31:28,235 - INFO - CALLBACK: 326.397180557251ms
2025-12-03 20:31:28,235 - INFO - Update id=946295188 is handled. Duration 327 ms by bot id=8200360038
2025-12-03 20:31:29,350 - INFO - CALLBACK: 212.73422241210938ms
2025-12-03 20:31:29,350 - INFO - Update id=946295189 is handled. Duration 213 ms by bot id=8200360038
2025-12-03 20:31:30,533 - INFO - CALLBACK: 389.9233341217041ms
2025-12-03 20:31:30,534 - INFO - Update id=946295190 is handled. Duration 390 ms by bot id=8200360038
2025-12-03 20:31:32,710 - INFO - CALLBACK: 238.25883865356445ms
2025-12-03 20:31:32,710 - INFO - Update id=946295191 is handled. Duration 238 ms by bot id=8200360038
2025-12-03 20:31:37,572 - INFO - Update id=946295192 is not handled. Duration 4061 ms by bot id=8200360038
2025-12-03 20:31:37,573 - ERROR - Cause exception while process update id=946295192 by bot id=8200360038
ConnectionError: Error 22 connecting to localhost:6379. Удаленный компьютер отклонил это сетевое подключение.
Traceback (most recent call last):
  File "C:\Users\ANUBIS PC\Desktop\parsing PE411\delivery_bot\venv\Lib\site-packages\redis\asyncio\connection.py", line 307, in connect_check_health
    await self.retry.call_with_retry(
        lambda: self._connect(), lambda error: self.disconnect()
    )
  File "C:\Users\ANUBIS PC\Desktop\parsing PE411\delivery_bot\venv\Lib\site-packages\redis\asyncio\retry.py", line 50, in call_with_retry
    return await do()
           ^^^^^^^^^^
  File "C:\Users\ANUBIS PC\Desktop\parsing PE411\delivery_bot\venv\Lib\site-packages\redis\asyncio\connection.py", line 768, in _connect
    reader, writer = await asyncio.open_connection(
                     ^^^^^^^^^^^^^^^^^^^^^^^^^^^^^^
        **self._connection_arguments()
        ^^^^^^^^^^^^^^^^^^^^^^^^^^^^^^
    )
    ^
  File "C:\Users\ANUBIS PC\AppData\Local\Programs\Python\Python313\Lib\asyncio\streams.py", line 48, in open_connection
    transport, _ = await loop.create_connection(
                   ^^^^^^^^^^^^^^^^^^^^^^^^^^^^^
        lambda: protocol, host, port, **kwds)
        ^^^^^^^^^^^^^^^^^^^^^^^^^^^^^^^^^^^^^
  File "C:\Users\ANUBIS PC\AppData\Local\Programs\Python\Python313\Lib\asyncio\base_events.py", line 1176, in create_connection
    raise exceptions[0]
  File "C:\Users\ANUBIS PC\AppData\Local\Programs\Python\Python313\Lib\asyncio\base_events.py", line 1146, in create_connection
    sock = await self._connect_sock(
           ^^^^^^^^^^^^^^^^^^^^^^^^^
        exceptions, addrinfo, laddr_infos)
        ^^^^^^^^^^^^^^^^^^^^^^^^^^^^^^^^^^
  File "C:\Users\ANUBIS PC\AppData\Local\Programs\Python\Python313\Lib\asyncio\base_events.py", line 1045, in _connect_sock
    await self.sock_connect(sock, address)
  File "C:\Users\ANUBIS PC\AppData\Local\Programs\Python\Python313\Lib\asyncio\proactor_events.py", line 728, in sock_connect
    return await self._proactor.connect(sock, address)
           ^^^^^^^^^^^^^^^^^^^^^^^^^^^^^^^^^^^^^^^^^^^
  File "C:\Users\ANUBIS PC\AppData\Local\Programs\Python\Python313\Lib\asyncio\windows_events.py", line 804, in _poll
    value = callback(transferred, key, ov)
  File "C:\Users\ANUBIS PC\AppData\Local\Programs\Python\Python313\Lib\asyncio\windows_events.py", line 600, in finish_connect
    ov.getresult()
    ~~~~~~~~~~~~^^
ConnectionRefusedError: [WinError 1225] Удаленный компьютер отклонил это сетевое подключение

During handling of the above exception, another exception occurred:

Traceback (most recent call last):
  File "C:\Users\ANUBIS PC\Desktop\parsing PE411\delivery_bot\venv\Lib\site-packages\aiogram\dispatcher\dispatcher.py", line 309, in _process_update
    response = await self.feed_update(bot, update, **kwargs)
               ^^^^^^^^^^^^^^^^^^^^^^^^^^^^^^^^^^^^^^^^^^^^^
  File "C:\Users\ANUBIS PC\Desktop\parsing PE411\delivery_bot\venv\Lib\site-packages\aiogram\dispatcher\dispatcher.py", line 158, in feed_update
    response = await self.update.wrap_outer_middleware(
               ^^^^^^^^^^^^^^^^^^^^^^^^^^^^^^^^^^^^^^^^
    ...<7 lines>...
    )
    ^
  File "C:\Users\ANUBIS PC\Desktop\parsing PE411\delivery_bot\venv\Lib\site-packages\aiogram\dispatcher\middlewares\error.py", line 25, in __call__
    return await handler(event, data)
           ^^^^^^^^^^^^^^^^^^^^^^^^^^
  File "C:\Users\ANUBIS PC\Desktop\parsing PE411\delivery_bot\venv\Lib\site-packages\aiogram\dispatcher\middlewares\user_context.py", line 56, in __call__
    return await handler(event, data)
           ^^^^^^^^^^^^^^^^^^^^^^^^^^
  File "C:\Users\ANUBIS PC\Desktop\parsing PE411\delivery_bot\venv\Lib\site-packages\aiogram\fsm\middleware.py", line 42, in __call__
    return await handler(event, data)
           ^^^^^^^^^^^^^^^^^^^^^^^^^^
  File "C:\Users\ANUBIS PC\Desktop\parsing PE411\delivery_bot\venv\Lib\site-packages\aiogram\dispatcher\event\telegram.py", line 121, in trigger
    return await wrapped_inner(event, kwargs)
           ^^^^^^^^^^^^^^^^^^^^^^^^^^^^^^^^^^
  File "C:\Users\ANUBIS PC\Desktop\parsing PE411\delivery_bot\middlewares\logging.py", line 20, in __call__
    response = await handler(event, data)
               ^^^^^^^^^^^^^^^^^^^^^^^^^^
  File "C:\Users\ANUBIS PC\Desktop\parsing PE411\delivery_bot\middlewares\auth.py", line 28, in __call__
    return await handler(event, data)
           ^^^^^^^^^^^^^^^^^^^^^^^^^^
  File "C:\Users\ANUBIS PC\Desktop\parsing PE411\delivery_bot\venv\Lib\site-packages\aiogram\dispatcher\event\handler.py", line 43, in call
    return await wrapped()
           ^^^^^^^^^^^^^^^
  File "C:\Users\ANUBIS PC\Desktop\parsing PE411\delivery_bot\venv\Lib\site-packages\aiogram\dispatcher\dispatcher.py", line 276, in _listen_update
    return await self.propagate_event(update_type=update_type, event=event, **kwargs)
           ^^^^^^^^^^^^^^^^^^^^^^^^^^^^^^^^^^^^^^^^^^^^^^^^^^^^^^^^^^^^^^^^^^^^^^^^^^
  File "C:\Users\ANUBIS PC\Desktop\parsing PE411\delivery_bot\venv\Lib\site-packages\aiogram\dispatcher\router.py", line 146, in propagate_event
    return await observer.wrap_outer_middleware(_wrapped, event=event, data=kwargs)
           ^^^^^^^^^^^^^^^^^^^^^^^^^^^^^^^^^^^^^^^^^^^^^^^^^^^^^^^^^^^^^^^^^^^^^^^^
  File "C:\Users\ANUBIS PC\Desktop\parsing PE411\delivery_bot\venv\Lib\site-packages\aiogram\dispatcher\router.py", line 141, in _wrapped
    return await self._propagate_event(
           ^^^^^^^^^^^^^^^^^^^^^^^^^^^^
        observer=observer, update_type=update_type, event=telegram_event, **data
        ^^^^^^^^^^^^^^^^^^^^^^^^^^^^^^^^^^^^^^^^^^^^^^^^^^^^^^^^^^^^^^^^^^^^^^^^
    )
    ^
  File "C:\Users\ANUBIS PC\Desktop\parsing PE411\delivery_bot\venv\Lib\site-packages\aiogram\dispatcher\router.py", line 174, in _propagate_event
    response = await router.propagate_event(update_type=update_type, event=event, **kwargs)
               ^^^^^^^^^^^^^^^^^^^^^^^^^^^^^^^^^^^^^^^^^^^^^^^^^^^^^^^^^^^^^^^^^^^^^^^^^^^^
  File "C:\Users\ANUBIS PC\Desktop\parsing PE411\delivery_bot\venv\Lib\site-packages\aiogram\dispatcher\router.py", line 146, in propagate_event
    return await observer.wrap_outer_middleware(_wrapped, event=event, data=kwargs)
           ^^^^^^^^^^^^^^^^^^^^^^^^^^^^^^^^^^^^^^^^^^^^^^^^^^^^^^^^^^^^^^^^^^^^^^^^
  File "C:\Users\ANUBIS PC\Desktop\parsing PE411\delivery_bot\venv\Lib\site-packages\aiogram\dispatcher\router.py", line 141, in _wrapped
    return await self._propagate_event(
           ^^^^^^^^^^^^^^^^^^^^^^^^^^^^
        observer=observer, update_type=update_type, event=telegram_event, **data
        ^^^^^^^^^^^^^^^^^^^^^^^^^^^^^^^^^^^^^^^^^^^^^^^^^^^^^^^^^^^^^^^^^^^^^^^^
    )
    ^
  File "C:\Users\ANUBIS PC\Desktop\parsing PE411\delivery_bot\venv\Lib\site-packages\aiogram\dispatcher\router.py", line 166, in _propagate_event
    response = await observer.trigger(event, **kwargs)
               ^^^^^^^^^^^^^^^^^^^^^^^^^^^^^^^^^^^^^^^
  File "C:\Users\ANUBIS PC\Desktop\parsing PE411\delivery_bot\venv\Lib\site-packages\aiogram\dispatcher\event\telegram.py", line 121, in trigger
    return await wrapped_inner(event, kwargs)
           ^^^^^^^^^^^^^^^^^^^^^^^^^^^^^^^^^^
  File "C:\Users\ANUBIS PC\Desktop\parsing PE411\delivery_bot\venv\Lib\site-packages\aiogram\dispatcher\event\handler.py", line 43, in call
    return await wrapped()
           ^^^^^^^^^^^^^^^
  File "C:\Users\ANUBIS PC\Desktop\parsing PE411\delivery_bot\routers\menu.py", line 149, in add_cart
    await cart_servis.add_to_cart(
    ...<3 lines>...
    )
  File "C:\Users\ANUBIS PC\Desktop\parsing PE411\delivery_bot\services\cart.py", line 27, in add_to_cart
    cart = await self.get_cart(user_id)  # 5
           ^^^^^^^^^^^^^^^^^^^^^^^^^^^^
  File "C:\Users\ANUBIS PC\Desktop\parsing PE411\delivery_bot\services\cart.py", line 9, in get_cart
    cart = await self.redis.get(f"cart:{user_id}")
           ^^^^^^^^^^^^^^^^^^^^^^^^^^^^^^^^^^^^^^^
  File "C:\Users\ANUBIS PC\Desktop\parsing PE411\delivery_bot\venv\Lib\site-packages\redis\asyncio\client.py", line 720, in execute_command
    conn = self.connection or await pool.get_connection()
                              ^^^^^^^^^^^^^^^^^^^^^^^^^^^
  File "C:\Users\ANUBIS PC\Desktop\parsing PE411\delivery_bot\venv\Lib\site-packages\redis\asyncio\connection.py", line 1198, in get_connection
    await self.ensure_connection(connection)
  File "C:\Users\ANUBIS PC\Desktop\parsing PE411\delivery_bot\venv\Lib\site-packages\redis\asyncio\connection.py", line 1231, in ensure_connection
    await connection.connect()
  File "C:\Users\ANUBIS PC\Desktop\parsing PE411\delivery_bot\venv\Lib\site-packages\redis\asyncio\connection.py", line 298, in connect
    await self.connect_check_health(check_health=True)
  File "C:\Users\ANUBIS PC\Desktop\parsing PE411\delivery_bot\venv\Lib\site-packages\redis\asyncio\connection.py", line 317, in connect_check_health
    raise ConnectionError(self._error_message(e))
redis.exceptions.ConnectionError: Error 22 connecting to localhost:6379. Удаленный компьютер отклонил это сетевое подключение.
2025-12-03 20:31:44,659 - INFO - Update id=946295193 is not handled. Duration 4104 ms by bot id=8200360038
2025-12-03 20:31:44,659 - ERROR - Cause exception while process update id=946295193 by bot id=8200360038
ConnectionError: Error 22 connecting to localhost:6379. Удаленный компьютер отклонил это сетевое подключение.
Traceback (most recent call last):
  File "C:\Users\ANUBIS PC\Desktop\parsing PE411\delivery_bot\venv\Lib\site-packages\redis\asyncio\connection.py", line 307, in connect_check_health
    await self.retry.call_with_retry(
        lambda: self._connect(), lambda error: self.disconnect()
    )
  File "C:\Users\ANUBIS PC\Desktop\parsing PE411\delivery_bot\venv\Lib\site-packages\redis\asyncio\retry.py", line 50, in call_with_retry
    return await do()
           ^^^^^^^^^^
  File "C:\Users\ANUBIS PC\Desktop\parsing PE411\delivery_bot\venv\Lib\site-packages\redis\asyncio\connection.py", line 768, in _connect
    reader, writer = await asyncio.open_connection(
                     ^^^^^^^^^^^^^^^^^^^^^^^^^^^^^^
        **self._connection_arguments()
        ^^^^^^^^^^^^^^^^^^^^^^^^^^^^^^
    )
    ^
  File "C:\Users\ANUBIS PC\AppData\Local\Programs\Python\Python313\Lib\asyncio\streams.py", line 48, in open_connection
    transport, _ = await loop.create_connection(
                   ^^^^^^^^^^^^^^^^^^^^^^^^^^^^^
        lambda: protocol, host, port, **kwds)
        ^^^^^^^^^^^^^^^^^^^^^^^^^^^^^^^^^^^^^
  File "C:\Users\ANUBIS PC\AppData\Local\Programs\Python\Python313\Lib\asyncio\base_events.py", line 1176, in create_connection
    raise exceptions[0]
  File "C:\Users\ANUBIS PC\AppData\Local\Programs\Python\Python313\Lib\asyncio\base_events.py", line 1146, in create_connection
    sock = await self._connect_sock(
           ^^^^^^^^^^^^^^^^^^^^^^^^^
        exceptions, addrinfo, laddr_infos)
        ^^^^^^^^^^^^^^^^^^^^^^^^^^^^^^^^^^
  File "C:\Users\ANUBIS PC\AppData\Local\Programs\Python\Python313\Lib\asyncio\base_events.py", line 1045, in _connect_sock
    await self.sock_connect(sock, address)
  File "C:\Users\ANUBIS PC\AppData\Local\Programs\Python\Python313\Lib\asyncio\proactor_events.py", line 728, in sock_connect
    return await self._proactor.connect(sock, address)
           ^^^^^^^^^^^^^^^^^^^^^^^^^^^^^^^^^^^^^^^^^^^
  File "C:\Users\ANUBIS PC\AppData\Local\Programs\Python\Python313\Lib\asyncio\windows_events.py", line 804, in _poll
    value = callback(transferred, key, ov)
  File "C:\Users\ANUBIS PC\AppData\Local\Programs\Python\Python313\Lib\asyncio\windows_events.py", line 600, in finish_connect
    ov.getresult()
    ~~~~~~~~~~~~^^
ConnectionRefusedError: [WinError 1225] Удаленный компьютер отклонил это сетевое подключение

During handling of the above exception, another exception occurred:

Traceback (most recent call last):
  File "C:\Users\ANUBIS PC\Desktop\parsing PE411\delivery_bot\venv\Lib\site-packages\aiogram\dispatcher\dispatcher.py", line 309, in _process_update
    response = await self.feed_update(bot, update, **kwargs)
               ^^^^^^^^^^^^^^^^^^^^^^^^^^^^^^^^^^^^^^^^^^^^^
  File "C:\Users\ANUBIS PC\Desktop\parsing PE411\delivery_bot\venv\Lib\site-packages\aiogram\dispatcher\dispatcher.py", line 158, in feed_update
    response = await self.update.wrap_outer_middleware(
               ^^^^^^^^^^^^^^^^^^^^^^^^^^^^^^^^^^^^^^^^
    ...<7 lines>...
    )
    ^
  File "C:\Users\ANUBIS PC\Desktop\parsing PE411\delivery_bot\venv\Lib\site-packages\aiogram\dispatcher\middlewares\error.py", line 25, in __call__
    return await handler(event, data)
           ^^^^^^^^^^^^^^^^^^^^^^^^^^
  File "C:\Users\ANUBIS PC\Desktop\parsing PE411\delivery_bot\venv\Lib\site-packages\aiogram\dispatcher\middlewares\user_context.py", line 56, in __call__
    return await handler(event, data)
           ^^^^^^^^^^^^^^^^^^^^^^^^^^
  File "C:\Users\ANUBIS PC\Desktop\parsing PE411\delivery_bot\venv\Lib\site-packages\aiogram\fsm\middleware.py", line 42, in __call__
    return await handler(event, data)
           ^^^^^^^^^^^^^^^^^^^^^^^^^^
  File "C:\Users\ANUBIS PC\Desktop\parsing PE411\delivery_bot\venv\Lib\site-packages\aiogram\dispatcher\event\telegram.py", line 121, in trigger
    return await wrapped_inner(event, kwargs)
           ^^^^^^^^^^^^^^^^^^^^^^^^^^^^^^^^^^
  File "C:\Users\ANUBIS PC\Desktop\parsing PE411\delivery_bot\middlewares\logging.py", line 20, in __call__
    response = await handler(event, data)
               ^^^^^^^^^^^^^^^^^^^^^^^^^^
  File "C:\Users\ANUBIS PC\Desktop\parsing PE411\delivery_bot\middlewares\auth.py", line 28, in __call__
    return await handler(event, data)
           ^^^^^^^^^^^^^^^^^^^^^^^^^^
  File "C:\Users\ANUBIS PC\Desktop\parsing PE411\delivery_bot\venv\Lib\site-packages\aiogram\dispatcher\event\handler.py", line 43, in call
    return await wrapped()
           ^^^^^^^^^^^^^^^
  File "C:\Users\ANUBIS PC\Desktop\parsing PE411\delivery_bot\venv\Lib\site-packages\aiogram\dispatcher\dispatcher.py", line 276, in _listen_update
    return await self.propagate_event(update_type=update_type, event=event, **kwargs)
           ^^^^^^^^^^^^^^^^^^^^^^^^^^^^^^^^^^^^^^^^^^^^^^^^^^^^^^^^^^^^^^^^^^^^^^^^^^
  File "C:\Users\ANUBIS PC\Desktop\parsing PE411\delivery_bot\venv\Lib\site-packages\aiogram\dispatcher\router.py", line 146, in propagate_event
    return await observer.wrap_outer_middleware(_wrapped, event=event, data=kwargs)
           ^^^^^^^^^^^^^^^^^^^^^^^^^^^^^^^^^^^^^^^^^^^^^^^^^^^^^^^^^^^^^^^^^^^^^^^^
  File "C:\Users\ANUBIS PC\Desktop\parsing PE411\delivery_bot\venv\Lib\site-packages\aiogram\dispatcher\router.py", line 141, in _wrapped
    return await self._propagate_event(
           ^^^^^^^^^^^^^^^^^^^^^^^^^^^^
        observer=observer, update_type=update_type, event=telegram_event, **data
        ^^^^^^^^^^^^^^^^^^^^^^^^^^^^^^^^^^^^^^^^^^^^^^^^^^^^^^^^^^^^^^^^^^^^^^^^
    )
    ^
  File "C:\Users\ANUBIS PC\Desktop\parsing PE411\delivery_bot\venv\Lib\site-packages\aiogram\dispatcher\router.py", line 174, in _propagate_event
    response = await router.propagate_event(update_type=update_type, event=event, **kwargs)
               ^^^^^^^^^^^^^^^^^^^^^^^^^^^^^^^^^^^^^^^^^^^^^^^^^^^^^^^^^^^^^^^^^^^^^^^^^^^^
  File "C:\Users\ANUBIS PC\Desktop\parsing PE411\delivery_bot\venv\Lib\site-packages\aiogram\dispatcher\router.py", line 146, in propagate_event
    return await observer.wrap_outer_middleware(_wrapped, event=event, data=kwargs)
           ^^^^^^^^^^^^^^^^^^^^^^^^^^^^^^^^^^^^^^^^^^^^^^^^^^^^^^^^^^^^^^^^^^^^^^^^
  File "C:\Users\ANUBIS PC\Desktop\parsing PE411\delivery_bot\venv\Lib\site-packages\aiogram\dispatcher\router.py", line 141, in _wrapped
    return await self._propagate_event(
           ^^^^^^^^^^^^^^^^^^^^^^^^^^^^
        observer=observer, update_type=update_type, event=telegram_event, **data
        ^^^^^^^^^^^^^^^^^^^^^^^^^^^^^^^^^^^^^^^^^^^^^^^^^^^^^^^^^^^^^^^^^^^^^^^^
    )
    ^
  File "C:\Users\ANUBIS PC\Desktop\parsing PE411\delivery_bot\venv\Lib\site-packages\aiogram\dispatcher\router.py", line 166, in _propagate_event
    response = await observer.trigger(event, **kwargs)
               ^^^^^^^^^^^^^^^^^^^^^^^^^^^^^^^^^^^^^^^
  File "C:\Users\ANUBIS PC\Desktop\parsing PE411\delivery_bot\venv\Lib\site-packages\aiogram\dispatcher\event\telegram.py", line 121, in trigger
    return await wrapped_inner(event, kwargs)
           ^^^^^^^^^^^^^^^^^^^^^^^^^^^^^^^^^^
  File "C:\Users\ANUBIS PC\Desktop\parsing PE411\delivery_bot\venv\Lib\site-packages\aiogram\dispatcher\event\handler.py", line 43, in call
    return await wrapped()
           ^^^^^^^^^^^^^^^
  File "C:\Users\ANUBIS PC\Desktop\parsing PE411\delivery_bot\routers\menu.py", line 149, in add_cart
    await cart_servis.add_to_cart(
    ...<3 lines>...
    )
  File "C:\Users\ANUBIS PC\Desktop\parsing PE411\delivery_bot\services\cart.py", line 27, in add_to_cart
    cart = await self.get_cart(user_id)  # 5
           ^^^^^^^^^^^^^^^^^^^^^^^^^^^^
  File "C:\Users\ANUBIS PC\Desktop\parsing PE411\delivery_bot\services\cart.py", line 9, in get_cart
    cart = await self.redis.get(f"cart:{user_id}")
           ^^^^^^^^^^^^^^^^^^^^^^^^^^^^^^^^^^^^^^^
  File "C:\Users\ANUBIS PC\Desktop\parsing PE411\delivery_bot\venv\Lib\site-packages\redis\asyncio\client.py", line 720, in execute_command
    conn = self.connection or await pool.get_connection()
                              ^^^^^^^^^^^^^^^^^^^^^^^^^^^
  File "C:\Users\ANUBIS PC\Desktop\parsing PE411\delivery_bot\venv\Lib\site-packages\redis\asyncio\connection.py", line 1198, in get_connection
    await self.ensure_connection(connection)
  File "C:\Users\ANUBIS PC\Desktop\parsing PE411\delivery_bot\venv\Lib\site-packages\redis\asyncio\connection.py", line 1231, in ensure_connection
    await connection.connect()
  File "C:\Users\ANUBIS PC\Desktop\parsing PE411\delivery_bot\venv\Lib\site-packages\redis\asyncio\connection.py", line 298, in connect
    await self.connect_check_health(check_health=True)
  File "C:\Users\ANUBIS PC\Desktop\parsing PE411\delivery_bot\venv\Lib\site-packages\redis\asyncio\connection.py", line 317, in connect_check_health
    raise ConnectionError(self._error_message(e))
redis.exceptions.ConnectionError: Error 22 connecting to localhost:6379. Удаленный компьютер отклонил это сетевое подключение.
2025-12-03 20:31:47,196 - INFO - CALLBACK: 5.212545394897461ms
2025-12-03 20:31:47,196 - INFO - Update id=946295194 is not handled. Duration 5 ms by bot id=8200360038
2025-12-03 20:31:51,504 - INFO - CALLBACK: 5.329608917236328ms
2025-12-03 20:31:51,504 - INFO - Update id=946295195 is not handled. Duration 6 ms by bot id=8200360038
2025-12-03 20:33:25,941 - INFO - Polling stopped
2025-12-03 20:33:25,942 - ERROR - Failed to fetch updates - TelegramNetworkError: HTTP Client says - ServerDisconnectedError: Server disconnected
2025-12-03 20:33:25,942 - WARNING - Sleep for 1.000000 seconds and try again... (tryings = 0, bot id = 8200360038)
2025-12-03 20:33:26,196 - INFO - Polling stopped for bot @pe411_bot id=8200360038 - 'pe411'
2025-12-03 20:33:33,961 - INFO - MESSAGE: 520.5066204071045ms
2025-12-03 20:33:33,961 - INFO - Update id=946295196 is handled. Duration 624 ms by bot id=8200360038
2025-12-03 20:33:35,797 - INFO - CALLBACK: 312.7260208129883ms
2025-12-03 20:33:35,798 - INFO - Update id=946295197 is handled. Duration 315 ms by bot id=8200360038
2025-12-03 20:33:37,189 - INFO - CALLBACK: 233.06584358215332ms
2025-12-03 20:33:37,190 - INFO - Update id=946295198 is handled. Duration 237 ms by bot id=8200360038
2025-12-03 20:33:38,350 - INFO - CALLBACK: 370.06688117980957ms
2025-12-03 20:33:38,350 - INFO - Update id=946295199 is handled. Duration 372 ms by bot id=8200360038
2025-12-03 20:33:44,046 - INFO - Update id=946295200 is not handled. Duration 4093 ms by bot id=8200360038
2025-12-03 20:33:44,046 - ERROR - Cause exception while process update id=946295200 by bot id=8200360038
ConnectionError: Error 22 connecting to localhost:6379. Удаленный компьютер отклонил это сетевое подключение.
Traceback (most recent call last):
  File "C:\Users\ANUBIS PC\Desktop\parsing PE411\delivery_bot\venv\Lib\site-packages\redis\asyncio\connection.py", line 307, in connect_check_health
    await self.retry.call_with_retry(
        lambda: self._connect(), lambda error: self.disconnect()
    )
  File "C:\Users\ANUBIS PC\Desktop\parsing PE411\delivery_bot\venv\Lib\site-packages\redis\asyncio\retry.py", line 50, in call_with_retry
    return await do()
           ^^^^^^^^^^
  File "C:\Users\ANUBIS PC\Desktop\parsing PE411\delivery_bot\venv\Lib\site-packages\redis\asyncio\connection.py", line 768, in _connect
    reader, writer = await asyncio.open_connection(
                     ^^^^^^^^^^^^^^^^^^^^^^^^^^^^^^
        **self._connection_arguments()
        ^^^^^^^^^^^^^^^^^^^^^^^^^^^^^^
    )
    ^
  File "C:\Users\ANUBIS PC\AppData\Local\Programs\Python\Python313\Lib\asyncio\streams.py", line 48, in open_connection
    transport, _ = await loop.create_connection(
                   ^^^^^^^^^^^^^^^^^^^^^^^^^^^^^
        lambda: protocol, host, port, **kwds)
        ^^^^^^^^^^^^^^^^^^^^^^^^^^^^^^^^^^^^^
  File "C:\Users\ANUBIS PC\AppData\Local\Programs\Python\Python313\Lib\asyncio\base_events.py", line 1176, in create_connection
    raise exceptions[0]
  File "C:\Users\ANUBIS PC\AppData\Local\Programs\Python\Python313\Lib\asyncio\base_events.py", line 1146, in create_connection
    sock = await self._connect_sock(
           ^^^^^^^^^^^^^^^^^^^^^^^^^
        exceptions, addrinfo, laddr_infos)
        ^^^^^^^^^^^^^^^^^^^^^^^^^^^^^^^^^^
  File "C:\Users\ANUBIS PC\AppData\Local\Programs\Python\Python313\Lib\asyncio\base_events.py", line 1045, in _connect_sock
    await self.sock_connect(sock, address)
  File "C:\Users\ANUBIS PC\AppData\Local\Programs\Python\Python313\Lib\asyncio\proactor_events.py", line 728, in sock_connect
    return await self._proactor.connect(sock, address)
           ^^^^^^^^^^^^^^^^^^^^^^^^^^^^^^^^^^^^^^^^^^^
  File "C:\Users\ANUBIS PC\AppData\Local\Programs\Python\Python313\Lib\asyncio\windows_events.py", line 804, in _poll
    value = callback(transferred, key, ov)
  File "C:\Users\ANUBIS PC\AppData\Local\Programs\Python\Python313\Lib\asyncio\windows_events.py", line 600, in finish_connect
    ov.getresult()
    ~~~~~~~~~~~~^^
ConnectionRefusedError: [WinError 1225] Удаленный компьютер отклонил это сетевое подключение

During handling of the above exception, another exception occurred:

Traceback (most recent call last):
  File "C:\Users\ANUBIS PC\Desktop\parsing PE411\delivery_bot\venv\Lib\site-packages\aiogram\dispatcher\dispatcher.py", line 309, in _process_update
    response = await self.feed_update(bot, update, **kwargs)
               ^^^^^^^^^^^^^^^^^^^^^^^^^^^^^^^^^^^^^^^^^^^^^
  File "C:\Users\ANUBIS PC\Desktop\parsing PE411\delivery_bot\venv\Lib\site-packages\aiogram\dispatcher\dispatcher.py", line 158, in feed_update
    response = await self.update.wrap_outer_middleware(
               ^^^^^^^^^^^^^^^^^^^^^^^^^^^^^^^^^^^^^^^^
    ...<7 lines>...
    )
    ^
  File "C:\Users\ANUBIS PC\Desktop\parsing PE411\delivery_bot\venv\Lib\site-packages\aiogram\dispatcher\middlewares\error.py", line 25, in __call__
    return await handler(event, data)
           ^^^^^^^^^^^^^^^^^^^^^^^^^^
  File "C:\Users\ANUBIS PC\Desktop\parsing PE411\delivery_bot\venv\Lib\site-packages\aiogram\dispatcher\middlewares\user_context.py", line 56, in __call__
    return await handler(event, data)
           ^^^^^^^^^^^^^^^^^^^^^^^^^^
  File "C:\Users\ANUBIS PC\Desktop\parsing PE411\delivery_bot\venv\Lib\site-packages\aiogram\fsm\middleware.py", line 42, in __call__
    return await handler(event, data)
           ^^^^^^^^^^^^^^^^^^^^^^^^^^
  File "C:\Users\ANUBIS PC\Desktop\parsing PE411\delivery_bot\venv\Lib\site-packages\aiogram\dispatcher\event\telegram.py", line 121, in trigger
    return await wrapped_inner(event, kwargs)
           ^^^^^^^^^^^^^^^^^^^^^^^^^^^^^^^^^^
  File "C:\Users\ANUBIS PC\Desktop\parsing PE411\delivery_bot\middlewares\auth.py", line 28, in __call__
    return await handler(event, data)
           ^^^^^^^^^^^^^^^^^^^^^^^^^^
  File "C:\Users\ANUBIS PC\Desktop\parsing PE411\delivery_bot\middlewares\logging.py", line 20, in __call__
    response = await handler(event, data)
               ^^^^^^^^^^^^^^^^^^^^^^^^^^
  File "C:\Users\ANUBIS PC\Desktop\parsing PE411\delivery_bot\venv\Lib\site-packages\aiogram\dispatcher\event\handler.py", line 43, in call
    return await wrapped()
           ^^^^^^^^^^^^^^^
  File "C:\Users\ANUBIS PC\Desktop\parsing PE411\delivery_bot\venv\Lib\site-packages\aiogram\dispatcher\dispatcher.py", line 276, in _listen_update
    return await self.propagate_event(update_type=update_type, event=event, **kwargs)
           ^^^^^^^^^^^^^^^^^^^^^^^^^^^^^^^^^^^^^^^^^^^^^^^^^^^^^^^^^^^^^^^^^^^^^^^^^^
  File "C:\Users\ANUBIS PC\Desktop\parsing PE411\delivery_bot\venv\Lib\site-packages\aiogram\dispatcher\router.py", line 146, in propagate_event
    return await observer.wrap_outer_middleware(_wrapped, event=event, data=kwargs)
           ^^^^^^^^^^^^^^^^^^^^^^^^^^^^^^^^^^^^^^^^^^^^^^^^^^^^^^^^^^^^^^^^^^^^^^^^
  File "C:\Users\ANUBIS PC\Desktop\parsing PE411\delivery_bot\venv\Lib\site-packages\aiogram\dispatcher\router.py", line 141, in _wrapped
    return await self._propagate_event(
           ^^^^^^^^^^^^^^^^^^^^^^^^^^^^
        observer=observer, update_type=update_type, event=telegram_event, **data
        ^^^^^^^^^^^^^^^^^^^^^^^^^^^^^^^^^^^^^^^^^^^^^^^^^^^^^^^^^^^^^^^^^^^^^^^^
    )
    ^
  File "C:\Users\ANUBIS PC\Desktop\parsing PE411\delivery_bot\venv\Lib\site-packages\aiogram\dispatcher\router.py", line 174, in _propagate_event
    response = await router.propagate_event(update_type=update_type, event=event, **kwargs)
               ^^^^^^^^^^^^^^^^^^^^^^^^^^^^^^^^^^^^^^^^^^^^^^^^^^^^^^^^^^^^^^^^^^^^^^^^^^^^
  File "C:\Users\ANUBIS PC\Desktop\parsing PE411\delivery_bot\venv\Lib\site-packages\aiogram\dispatcher\router.py", line 146, in propagate_event
    return await observer.wrap_outer_middleware(_wrapped, event=event, data=kwargs)
           ^^^^^^^^^^^^^^^^^^^^^^^^^^^^^^^^^^^^^^^^^^^^^^^^^^^^^^^^^^^^^^^^^^^^^^^^
  File "C:\Users\ANUBIS PC\Desktop\parsing PE411\delivery_bot\venv\Lib\site-packages\aiogram\dispatcher\router.py", line 141, in _wrapped
    return await self._propagate_event(
           ^^^^^^^^^^^^^^^^^^^^^^^^^^^^
        observer=observer, update_type=update_type, event=telegram_event, **data
        ^^^^^^^^^^^^^^^^^^^^^^^^^^^^^^^^^^^^^^^^^^^^^^^^^^^^^^^^^^^^^^^^^^^^^^^^
    )
    ^
  File "C:\Users\ANUBIS PC\Desktop\parsing PE411\delivery_bot\venv\Lib\site-packages\aiogram\dispatcher\router.py", line 166, in _propagate_event
    response = await observer.trigger(event, **kwargs)
               ^^^^^^^^^^^^^^^^^^^^^^^^^^^^^^^^^^^^^^^
  File "C:\Users\ANUBIS PC\Desktop\parsing PE411\delivery_bot\venv\Lib\site-packages\aiogram\dispatcher\event\telegram.py", line 121, in trigger
    return await wrapped_inner(event, kwargs)
           ^^^^^^^^^^^^^^^^^^^^^^^^^^^^^^^^^^
  File "C:\Users\ANUBIS PC\Desktop\parsing PE411\delivery_bot\venv\Lib\site-packages\aiogram\dispatcher\event\handler.py", line 43, in call
    return await wrapped()
           ^^^^^^^^^^^^^^^
  File "C:\Users\ANUBIS PC\Desktop\parsing PE411\delivery_bot\routers\menu.py", line 149, in add_cart
    await cart_servis.add_to_cart(
    ...<3 lines>...
    )
  File "C:\Users\ANUBIS PC\Desktop\parsing PE411\delivery_bot\services\cart.py", line 27, in add_to_cart
    cart = await self.get_cart(user_id)  # 5
           ^^^^^^^^^^^^^^^^^^^^^^^^^^^^
  File "C:\Users\ANUBIS PC\Desktop\parsing PE411\delivery_bot\services\cart.py", line 9, in get_cart
    cart = await self.redis.get(f"cart:{user_id}")
           ^^^^^^^^^^^^^^^^^^^^^^^^^^^^^^^^^^^^^^^
  File "C:\Users\ANUBIS PC\Desktop\parsing PE411\delivery_bot\venv\Lib\site-packages\redis\asyncio\client.py", line 720, in execute_command
    conn = self.connection or await pool.get_connection()
                              ^^^^^^^^^^^^^^^^^^^^^^^^^^^
  File "C:\Users\ANUBIS PC\Desktop\parsing PE411\delivery_bot\venv\Lib\site-packages\redis\asyncio\connection.py", line 1198, in get_connection
    await self.ensure_connection(connection)
  File "C:\Users\ANUBIS PC\Desktop\parsing PE411\delivery_bot\venv\Lib\site-packages\redis\asyncio\connection.py", line 1231, in ensure_connection
    await connection.connect()
  File "C:\Users\ANUBIS PC\Desktop\parsing PE411\delivery_bot\venv\Lib\site-packages\redis\asyncio\connection.py", line 298, in connect
    await self.connect_check_health(check_health=True)
  File "C:\Users\ANUBIS PC\Desktop\parsing PE411\delivery_bot\venv\Lib\site-packages\redis\asyncio\connection.py", line 317, in connect_check_health
    raise ConnectionError(self._error_message(e))
redis.exceptions.ConnectionError: Error 22 connecting to localhost:6379. Удаленный компьютер отклонил это сетевое подключение.
2025-12-03 20:34:06,300 - INFO - CALLBACK: 219.85793113708496ms
2025-12-03 20:34:06,301 - INFO - Update id=946295201 is handled. Duration 222 ms by bot id=8200360038
2025-12-03 20:34:06,702 - INFO - CALLBACK: 235.94045639038086ms
2025-12-03 20:34:06,703 - INFO - Update id=946295202 is handled. Duration 238 ms by bot id=8200360038
2025-12-03 20:34:09,774 - INFO - CALLBACK: 213.1648063659668ms
2025-12-03 20:34:09,775 - INFO - Update id=946295203 is handled. Duration 216 ms by bot id=8200360038
2025-12-03 20:34:10,746 - INFO - CALLBACK: 194.45443153381348ms
2025-12-03 20:34:10,747 - INFO - Update id=946295204 is handled. Duration 197 ms by bot id=8200360038
2025-12-03 20:34:11,689 - INFO - CALLBACK: 193.96257400512695ms
2025-12-03 20:34:11,690 - INFO - Update id=946295205 is handled. Duration 196 ms by bot id=8200360038
2025-12-03 20:34:16,913 - INFO - Update id=946295206 is not handled. Duration 4080 ms by bot id=8200360038
2025-12-03 20:34:16,913 - ERROR - Cause exception while process update id=946295206 by bot id=8200360038
ConnectionError: Error 22 connecting to localhost:6379. Удаленный компьютер отклонил это сетевое подключение.
Traceback (most recent call last):
  File "C:\Users\ANUBIS PC\Desktop\parsing PE411\delivery_bot\venv\Lib\site-packages\redis\asyncio\connection.py", line 307, in connect_check_health
    await self.retry.call_with_retry(
        lambda: self._connect(), lambda error: self.disconnect()
    )
  File "C:\Users\ANUBIS PC\Desktop\parsing PE411\delivery_bot\venv\Lib\site-packages\redis\asyncio\retry.py", line 50, in call_with_retry
    return await do()
           ^^^^^^^^^^
  File "C:\Users\ANUBIS PC\Desktop\parsing PE411\delivery_bot\venv\Lib\site-packages\redis\asyncio\connection.py", line 768, in _connect
    reader, writer = await asyncio.open_connection(
                     ^^^^^^^^^^^^^^^^^^^^^^^^^^^^^^
        **self._connection_arguments()
        ^^^^^^^^^^^^^^^^^^^^^^^^^^^^^^
    )
    ^
  File "C:\Users\ANUBIS PC\AppData\Local\Programs\Python\Python313\Lib\asyncio\streams.py", line 48, in open_connection
    transport, _ = await loop.create_connection(
                   ^^^^^^^^^^^^^^^^^^^^^^^^^^^^^
        lambda: protocol, host, port, **kwds)
        ^^^^^^^^^^^^^^^^^^^^^^^^^^^^^^^^^^^^^
  File "C:\Users\ANUBIS PC\AppData\Local\Programs\Python\Python313\Lib\asyncio\base_events.py", line 1176, in create_connection
    raise exceptions[0]
  File "C:\Users\ANUBIS PC\AppData\Local\Programs\Python\Python313\Lib\asyncio\base_events.py", line 1146, in create_connection
    sock = await self._connect_sock(
           ^^^^^^^^^^^^^^^^^^^^^^^^^
        exceptions, addrinfo, laddr_infos)
        ^^^^^^^^^^^^^^^^^^^^^^^^^^^^^^^^^^
  File "C:\Users\ANUBIS PC\AppData\Local\Programs\Python\Python313\Lib\asyncio\base_events.py", line 1045, in _connect_sock
    await self.sock_connect(sock, address)
  File "C:\Users\ANUBIS PC\AppData\Local\Programs\Python\Python313\Lib\asyncio\proactor_events.py", line 728, in sock_connect
    return await self._proactor.connect(sock, address)
           ^^^^^^^^^^^^^^^^^^^^^^^^^^^^^^^^^^^^^^^^^^^
  File "C:\Users\ANUBIS PC\AppData\Local\Programs\Python\Python313\Lib\asyncio\windows_events.py", line 804, in _poll
    value = callback(transferred, key, ov)
  File "C:\Users\ANUBIS PC\AppData\Local\Programs\Python\Python313\Lib\asyncio\windows_events.py", line 600, in finish_connect
    ov.getresult()
    ~~~~~~~~~~~~^^
ConnectionRefusedError: [WinError 1225] Удаленный компьютер отклонил это сетевое подключение

During handling of the above exception, another exception occurred:

Traceback (most recent call last):
  File "C:\Users\ANUBIS PC\Desktop\parsing PE411\delivery_bot\venv\Lib\site-packages\aiogram\dispatcher\dispatcher.py", line 309, in _process_update
    response = await self.feed_update(bot, update, **kwargs)
               ^^^^^^^^^^^^^^^^^^^^^^^^^^^^^^^^^^^^^^^^^^^^^
  File "C:\Users\ANUBIS PC\Desktop\parsing PE411\delivery_bot\venv\Lib\site-packages\aiogram\dispatcher\dispatcher.py", line 158, in feed_update
    response = await self.update.wrap_outer_middleware(
               ^^^^^^^^^^^^^^^^^^^^^^^^^^^^^^^^^^^^^^^^
    ...<7 lines>...
    )
    ^
  File "C:\Users\ANUBIS PC\Desktop\parsing PE411\delivery_bot\venv\Lib\site-packages\aiogram\dispatcher\middlewares\error.py", line 25, in __call__
    return await handler(event, data)
           ^^^^^^^^^^^^^^^^^^^^^^^^^^
  File "C:\Users\ANUBIS PC\Desktop\parsing PE411\delivery_bot\venv\Lib\site-packages\aiogram\dispatcher\middlewares\user_context.py", line 56, in __call__
    return await handler(event, data)
           ^^^^^^^^^^^^^^^^^^^^^^^^^^
  File "C:\Users\ANUBIS PC\Desktop\parsing PE411\delivery_bot\venv\Lib\site-packages\aiogram\fsm\middleware.py", line 42, in __call__
    return await handler(event, data)
           ^^^^^^^^^^^^^^^^^^^^^^^^^^
  File "C:\Users\ANUBIS PC\Desktop\parsing PE411\delivery_bot\venv\Lib\site-packages\aiogram\dispatcher\event\telegram.py", line 121, in trigger
    return await wrapped_inner(event, kwargs)
           ^^^^^^^^^^^^^^^^^^^^^^^^^^^^^^^^^^
  File "C:\Users\ANUBIS PC\Desktop\parsing PE411\delivery_bot\middlewares\auth.py", line 28, in __call__
    return await handler(event, data)
           ^^^^^^^^^^^^^^^^^^^^^^^^^^
  File "C:\Users\ANUBIS PC\Desktop\parsing PE411\delivery_bot\middlewares\logging.py", line 20, in __call__
    response = await handler(event, data)
               ^^^^^^^^^^^^^^^^^^^^^^^^^^
  File "C:\Users\ANUBIS PC\Desktop\parsing PE411\delivery_bot\venv\Lib\site-packages\aiogram\dispatcher\event\handler.py", line 43, in call
    return await wrapped()
           ^^^^^^^^^^^^^^^
  File "C:\Users\ANUBIS PC\Desktop\parsing PE411\delivery_bot\venv\Lib\site-packages\aiogram\dispatcher\dispatcher.py", line 276, in _listen_update
    return await self.propagate_event(update_type=update_type, event=event, **kwargs)
           ^^^^^^^^^^^^^^^^^^^^^^^^^^^^^^^^^^^^^^^^^^^^^^^^^^^^^^^^^^^^^^^^^^^^^^^^^^
  File "C:\Users\ANUBIS PC\Desktop\parsing PE411\delivery_bot\venv\Lib\site-packages\aiogram\dispatcher\router.py", line 146, in propagate_event
    return await observer.wrap_outer_middleware(_wrapped, event=event, data=kwargs)
           ^^^^^^^^^^^^^^^^^^^^^^^^^^^^^^^^^^^^^^^^^^^^^^^^^^^^^^^^^^^^^^^^^^^^^^^^
  File "C:\Users\ANUBIS PC\Desktop\parsing PE411\delivery_bot\venv\Lib\site-packages\aiogram\dispatcher\router.py", line 141, in _wrapped
    return await self._propagate_event(
           ^^^^^^^^^^^^^^^^^^^^^^^^^^^^
        observer=observer, update_type=update_type, event=telegram_event, **data
        ^^^^^^^^^^^^^^^^^^^^^^^^^^^^^^^^^^^^^^^^^^^^^^^^^^^^^^^^^^^^^^^^^^^^^^^^
    )
    ^
  File "C:\Users\ANUBIS PC\Desktop\parsing PE411\delivery_bot\venv\Lib\site-packages\aiogram\dispatcher\router.py", line 174, in _propagate_event
    response = await router.propagate_event(update_type=update_type, event=event, **kwargs)
               ^^^^^^^^^^^^^^^^^^^^^^^^^^^^^^^^^^^^^^^^^^^^^^^^^^^^^^^^^^^^^^^^^^^^^^^^^^^^
  File "C:\Users\ANUBIS PC\Desktop\parsing PE411\delivery_bot\venv\Lib\site-packages\aiogram\dispatcher\router.py", line 146, in propagate_event
    return await observer.wrap_outer_middleware(_wrapped, event=event, data=kwargs)
           ^^^^^^^^^^^^^^^^^^^^^^^^^^^^^^^^^^^^^^^^^^^^^^^^^^^^^^^^^^^^^^^^^^^^^^^^
  File "C:\Users\ANUBIS PC\Desktop\parsing PE411\delivery_bot\venv\Lib\site-packages\aiogram\dispatcher\router.py", line 141, in _wrapped
    return await self._propagate_event(
           ^^^^^^^^^^^^^^^^^^^^^^^^^^^^
        observer=observer, update_type=update_type, event=telegram_event, **data
        ^^^^^^^^^^^^^^^^^^^^^^^^^^^^^^^^^^^^^^^^^^^^^^^^^^^^^^^^^^^^^^^^^^^^^^^^
    )
    ^
  File "C:\Users\ANUBIS PC\Desktop\parsing PE411\delivery_bot\venv\Lib\site-packages\aiogram\dispatcher\router.py", line 166, in _propagate_event
    response = await observer.trigger(event, **kwargs)
               ^^^^^^^^^^^^^^^^^^^^^^^^^^^^^^^^^^^^^^^
  File "C:\Users\ANUBIS PC\Desktop\parsing PE411\delivery_bot\venv\Lib\site-packages\aiogram\dispatcher\event\telegram.py", line 121, in trigger
    return await wrapped_inner(event, kwargs)
           ^^^^^^^^^^^^^^^^^^^^^^^^^^^^^^^^^^
  File "C:\Users\ANUBIS PC\Desktop\parsing PE411\delivery_bot\venv\Lib\site-packages\aiogram\dispatcher\event\handler.py", line 43, in call
    return await wrapped()
           ^^^^^^^^^^^^^^^
  File "C:\Users\ANUBIS PC\Desktop\parsing PE411\delivery_bot\routers\menu.py", line 149, in add_cart
    await cart_servis.add_to_cart(
    ...<3 lines>...
    )
  File "C:\Users\ANUBIS PC\Desktop\parsing PE411\delivery_bot\services\cart.py", line 27, in add_to_cart
    cart = await self.get_cart(user_id)  # 5
           ^^^^^^^^^^^^^^^^^^^^^^^^^^^^
  File "C:\Users\ANUBIS PC\Desktop\parsing PE411\delivery_bot\services\cart.py", line 9, in get_cart
    cart = await self.redis.get(f"cart:{user_id}")
           ^^^^^^^^^^^^^^^^^^^^^^^^^^^^^^^^^^^^^^^
  File "C:\Users\ANUBIS PC\Desktop\parsing PE411\delivery_bot\venv\Lib\site-packages\redis\asyncio\client.py", line 720, in execute_command
    conn = self.connection or await pool.get_connection()
                              ^^^^^^^^^^^^^^^^^^^^^^^^^^^
  File "C:\Users\ANUBIS PC\Desktop\parsing PE411\delivery_bot\venv\Lib\site-packages\redis\asyncio\connection.py", line 1198, in get_connection
    await self.ensure_connection(connection)
  File "C:\Users\ANUBIS PC\Desktop\parsing PE411\delivery_bot\venv\Lib\site-packages\redis\asyncio\connection.py", line 1231, in ensure_connection
    await connection.connect()
  File "C:\Users\ANUBIS PC\Desktop\parsing PE411\delivery_bot\venv\Lib\site-packages\redis\asyncio\connection.py", line 298, in connect
    await self.connect_check_health(check_health=True)
  File "C:\Users\ANUBIS PC\Desktop\parsing PE411\delivery_bot\venv\Lib\site-packages\redis\asyncio\connection.py", line 317, in connect_check_health
    raise ConnectionError(self._error_message(e))
redis.exceptions.ConnectionError: Error 22 connecting to localhost:6379. Удаленный компьютер отклонил это сетевое подключение.
2025-12-03 20:37:14,117 - INFO - Polling stopped
2025-12-03 20:37:14,118 - ERROR - Failed to fetch updates - TelegramNetworkError: HTTP Client says - ServerDisconnectedError: Server disconnected
2025-12-03 20:37:14,118 - WARNING - Sleep for 1.000000 seconds and try again... (tryings = 0, bot id = 8200360038)
2025-12-03 20:37:14,384 - INFO - Polling stopped for bot @pe411_bot id=8200360038 - 'pe411'
2025-12-03 20:37:21,279 - INFO - MESSAGE: 652.503252029419ms
2025-12-03 20:37:21,280 - INFO - Update id=946295207 is handled. Duration 865 ms by bot id=8200360038
2025-12-03 20:37:23,394 - INFO - CALLBACK: 433.7947368621826ms
2025-12-03 20:37:23,395 - INFO - Update id=946295208 is handled. Duration 436 ms by bot id=8200360038
2025-12-03 20:37:24,930 - INFO - CALLBACK: 225.65960884094238ms
2025-12-03 20:37:24,930 - INFO - Update id=946295209 is handled. Duration 230 ms by bot id=8200360038
2025-12-03 20:37:26,199 - INFO - CALLBACK: 438.1847381591797ms
2025-12-03 20:37:26,199 - INFO - Update id=946295210 is handled. Duration 440 ms by bot id=8200360038
2025-12-03 20:37:27,876 - INFO - CALLBACK: 202.1961212158203ms
2025-12-03 20:37:27,877 - INFO - Update id=946295211 is handled. Duration 205 ms by bot id=8200360038
2025-12-03 20:37:28,113 - INFO - CALLBACK: 208.04095268249512ms
2025-12-03 20:37:28,114 - INFO - Update id=946295212 is handled. Duration 211 ms by bot id=8200360038
2025-12-03 20:37:29,094 - INFO - CALLBACK: 225.99267959594727ms
2025-12-03 20:37:29,095 - INFO - Update id=946295213 is handled. Duration 228 ms by bot id=8200360038
2025-12-03 20:37:31,104 - INFO - CALLBACK: 672.2447872161865ms
2025-12-03 20:37:31,107 - INFO - Update id=946295214 is handled. Duration 677 ms by bot id=8200360038
2025-12-03 20:37:37,189 - INFO - CALLBACK: 1.9872188568115234ms
2025-12-03 20:37:37,189 - INFO - Update id=946295215 is handled. Duration 4 ms by bot id=8200360038
2025-12-03 20:37:39,295 - INFO - CALLBACK: 1.9762516021728516ms
2025-12-03 20:37:39,295 - INFO - Update id=946295216 is handled. Duration 4 ms by bot id=8200360038
2025-12-03 20:41:36,249 - INFO - Polling stopped
2025-12-03 20:41:36,250 - ERROR - Failed to fetch updates - TelegramNetworkError: HTTP Client says - ServerDisconnectedError: Server disconnected
2025-12-03 20:41:36,251 - WARNING - Sleep for 1.000000 seconds and try again... (tryings = 0, bot id = 8200360038)
2025-12-03 20:41:36,507 - INFO - Polling stopped for bot @pe411_bot id=8200360038 - 'pe411'
2025-12-03 20:41:43,535 - INFO - MESSAGE: 592.6907062530518ms
2025-12-03 20:41:43,537 - INFO - Update id=946295217 is handled. Duration 698 ms by bot id=8200360038
2025-12-03 20:41:46,430 - INFO - CALLBACK: 274.74451065063477ms
2025-12-03 20:41:46,431 - INFO - Update id=946295218 is handled. Duration 278 ms by bot id=8200360038
2025-12-03 20:41:47,264 - INFO - CALLBACK: 2.077341079711914ms
2025-12-03 20:41:47,265 - INFO - Update id=946295219 is handled. Duration 6 ms by bot id=8200360038
2025-12-03 20:41:49,230 - INFO - CALLBACK: 1.909494400024414ms
2025-12-03 20:41:49,231 - INFO - Update id=946295220 is handled. Duration 4 ms by bot id=8200360038
2025-12-03 20:42:38,602 - INFO - Polling stopped
2025-12-03 20:42:38,603 - ERROR - Failed to fetch updates - TelegramNetworkError: HTTP Client says - ServerDisconnectedError: Server disconnected
2025-12-03 20:42:38,603 - WARNING - Sleep for 1.000000 seconds and try again... (tryings = 0, bot id = 8200360038)
2025-12-03 20:42:38,862 - INFO - Polling stopped for bot @pe411_bot id=8200360038 - 'pe411'
2025-12-03 20:42:46,785 - INFO - MESSAGE: 1674.0138530731201ms
2025-12-03 20:42:46,786 - INFO - Update id=946295221 is handled. Duration 1876 ms by bot id=8200360038
2025-12-03 20:42:58,896 - INFO - CALLBACK: 350.2013683319092ms
2025-12-03 20:42:58,897 - INFO - Update id=946295222 is handled. Duration 353 ms by bot id=8200360038
2025-12-03 20:43:00,838 - INFO - CALLBACK: 2.167224884033203ms
2025-12-03 20:43:00,839 - INFO - Update id=946295223 is handled. Duration 6 ms by bot id=8200360038
2025-12-03 20:43:02,657 - INFO - CALLBACK: 260.65659523010254ms
2025-12-03 20:43:02,658 - INFO - Update id=946295224 is handled. Duration 264 ms by bot id=8200360038
2025-12-03 20:43:03,352 - INFO - CALLBACK: 2.0132064819335938ms
2025-12-03 20:43:03,353 - INFO - Update id=946295225 is handled. Duration 4 ms by bot id=8200360038
2025-12-03 20:43:09,046 - INFO - CALLBACK: 2.039670944213867ms
2025-12-03 20:43:09,046 - INFO - Update id=946295226 is handled. Duration 4 ms by bot id=8200360038
2025-12-03 20:44:29,030 - INFO - Polling stopped
2025-12-03 20:44:29,031 - ERROR - Failed to fetch updates - TelegramNetworkError: HTTP Client says - ServerDisconnectedError: Server disconnected
2025-12-03 20:44:29,031 - WARNING - Sleep for 1.000000 seconds and try again... (tryings = 0, bot id = 8200360038)
2025-12-03 20:44:29,292 - INFO - Polling stopped for bot @pe411_bot id=8200360038 - 'pe411'
2025-12-03 20:44:35,473 - INFO - MESSAGE: 433.7735176086426ms
2025-12-03 20:44:35,474 - INFO - Update id=946295227 is handled. Duration 541 ms by bot id=8200360038
2025-12-03 20:44:37,226 - INFO - CALLBACK: 363.9111518859863ms
2025-12-03 20:44:37,226 - INFO - Update id=946295228 is handled. Duration 367 ms by bot id=8200360038
2025-12-03 20:44:38,963 - INFO - CALLBACK: 2.006053924560547ms
2025-12-03 20:44:38,964 - INFO - Update id=946295229 is handled. Duration 6 ms by bot id=8200360038
2025-12-03 20:45:23,992 - INFO - Polling stopped
2025-12-03 20:45:23,993 - ERROR - Failed to fetch updates - TelegramNetworkError: HTTP Client says - ServerDisconnectedError: Server disconnected
2025-12-03 20:45:23,994 - WARNING - Sleep for 1.000000 seconds and try again... (tryings = 0, bot id = 8200360038)
2025-12-03 20:45:24,255 - INFO - Polling stopped for bot @pe411_bot id=8200360038 - 'pe411'
2025-12-03 20:45:35,372 - INFO - MESSAGE: 480.1592826843262ms
2025-12-03 20:45:35,373 - INFO - Update id=946295230 is handled. Duration 584 ms by bot id=8200360038
2025-12-03 20:45:37,438 - INFO - CALLBACK: 3.6857128143310547ms
2025-12-03 20:45:37,438 - INFO - Update id=946295231 is not handled. Duration 6 ms by bot id=8200360038
2025-12-03 20:45:41,267 - INFO - CALLBACK: 4.409551620483398ms
2025-12-03 20:45:41,268 - INFO - Update id=946295232 is not handled. Duration 7 ms by bot id=8200360038
2025-12-03 20:45:43,676 - INFO - CALLBACK: 263.5681629180908ms
2025-12-03 20:45:43,677 - INFO - Update id=946295233 is handled. Duration 266 ms by bot id=8200360038
2025-12-03 20:45:44,994 - INFO - CALLBACK: 218.1718349456787ms
2025-12-03 20:45:44,995 - INFO - Update id=946295234 is handled. Duration 222 ms by bot id=8200360038
2025-12-03 20:45:46,562 - INFO - CALLBACK: 469.93207931518555ms
2025-12-03 20:45:46,562 - INFO - Update id=946295235 is handled. Duration 472 ms by bot id=8200360038
2025-12-03 20:45:48,190 - INFO - CALLBACK: 240.1723861694336ms
2025-12-03 20:45:48,191 - INFO - Update id=946295236 is handled. Duration 243 ms by bot id=8200360038
2025-12-03 20:45:48,909 - INFO - CALLBACK: 240.24653434753418ms
2025-12-03 20:45:48,909 - INFO - Update id=946295237 is handled. Duration 242 ms by bot id=8200360038
2025-12-03 20:45:50,113 - INFO - CALLBACK: 356.9767475128174ms
2025-12-03 20:45:50,114 - INFO - Update id=946295238 is handled. Duration 359 ms by bot id=8200360038
2025-12-03 20:45:50,951 - INFO - CALLBACK: 261.1513137817383ms
2025-12-03 20:45:50,952 - INFO - Update id=946295239 is handled. Duration 263 ms by bot id=8200360038
2025-12-03 20:45:52,336 - INFO - CALLBACK: 665.9173965454102ms
2025-12-03 20:45:52,337 - INFO - Update id=946295240 is handled. Duration 669 ms by bot id=8200360038
2025-12-03 20:46:04,228 - INFO - CALLBACK: 2.023935317993164ms
2025-12-03 20:46:04,229 - INFO - Update id=946295241 is handled. Duration 4 ms by bot id=8200360038
2025-12-03 20:55:16,772 - INFO - MESSAGE: 188.34996223449707ms
2025-12-03 20:55:16,773 - INFO - Update id=946295242 is handled. Duration 191 ms by bot id=8200360038
2025-12-03 20:55:18,301 - INFO - CALLBACK: 348.6788272857666ms
2025-12-03 20:55:18,321 - INFO - Update id=946295243 is handled. Duration 438 ms by bot id=8200360038
2025-12-03 20:55:20,046 - INFO - CALLBACK: 236.98139190673828ms
2025-12-03 20:55:20,047 - INFO - Update id=946295244 is handled. Duration 239 ms by bot id=8200360038
2025-12-03 20:55:21,134 - INFO - CALLBACK: 2.0809173583984375ms
2025-12-03 20:55:21,135 - INFO - Update id=946295245 is handled. Duration 4 ms by bot id=8200360038
2025-12-03 20:55:22,778 - INFO - CALLBACK: 170.6535816192627ms
2025-12-03 20:55:22,779 - INFO - Update id=946295246 is handled. Duration 173 ms by bot id=8200360038
2025-12-03 20:55:24,065 - INFO - CALLBACK: 207.78131484985352ms
2025-12-03 20:55:24,066 - INFO - Update id=946295247 is handled. Duration 210 ms by bot id=8200360038
2025-12-03 20:55:24,974 - INFO - CALLBACK: 1.974344253540039ms
2025-12-03 20:55:24,974 - INFO - Update id=946295248 is handled. Duration 4 ms by bot id=8200360038
2025-12-03 20:55:27,173 - INFO - CALLBACK: 2.1648406982421875ms
2025-12-03 20:55:27,174 - INFO - Update id=946295249 is handled. Duration 4 ms by bot id=8200360038
2025-12-03 20:55:27,466 - INFO - CALLBACK: 2.009153366088867ms
2025-12-03 20:55:27,467 - INFO - Update id=946295250 is handled. Duration 4 ms by bot id=8200360038
2025-12-03 20:56:38,334 - INFO - Polling stopped
2025-12-03 20:56:38,336 - ERROR - Failed to fetch updates - TelegramNetworkError: HTTP Client says - ServerDisconnectedError: Server disconnected
2025-12-03 20:56:38,336 - WARNING - Sleep for 1.000000 seconds and try again... (tryings = 0, bot id = 8200360038)
2025-12-03 20:56:38,601 - INFO - Polling stopped for bot @pe411_bot id=8200360038 - 'pe411'
2025-12-03 20:56:45,811 - INFO - MESSAGE: 575.4327774047852ms
2025-12-03 20:56:45,812 - INFO - Update id=946295251 is handled. Duration 679 ms by bot id=8200360038
2025-12-03 20:56:47,388 - INFO - CALLBACK: 162.23478317260742ms
2025-12-03 20:56:47,389 - INFO - Update id=946295252 is handled. Duration 165 ms by bot id=8200360038
2025-12-03 20:56:48,623 - INFO - CALLBACK: 159.68608856201172ms
2025-12-03 20:56:48,624 - INFO - Update id=946295253 is handled. Duration 162 ms by bot id=8200360038
2025-12-03 20:56:49,655 - INFO - CALLBACK: 467.56529808044434ms
2025-12-03 20:56:49,655 - INFO - Update id=946295254 is handled. Duration 470 ms by bot id=8200360038
2025-12-03 20:56:50,376 - INFO - CALLBACK: 1.9376277923583984ms
2025-12-03 20:56:50,377 - INFO - Update id=946295255 is handled. Duration 5 ms by bot id=8200360038
2025-12-03 20:56:52,050 - INFO - CALLBACK: 1.9650459289550781ms
2025-12-03 20:56:52,051 - INFO - Update id=946295256 is handled. Duration 4 ms by bot id=8200360038
2025-12-03 20:58:47,356 - INFO - Polling stopped
2025-12-03 20:58:47,357 - ERROR - Failed to fetch updates - TelegramNetworkError: HTTP Client says - ServerDisconnectedError: Server disconnected
2025-12-03 20:58:47,357 - WARNING - Sleep for 1.000000 seconds and try again... (tryings = 0, bot id = 8200360038)
2025-12-03 20:58:47,620 - INFO - Polling stopped for bot @pe411_bot id=8200360038 - 'pe411'
2025-12-03 20:58:54,208 - INFO - MESSAGE: 532.1290493011475ms
2025-12-03 20:58:54,209 - INFO - Update id=946295257 is handled. Duration 753 ms by bot id=8200360038
2025-12-03 20:58:55,587 - INFO - CALLBACK: 317.34466552734375ms
2025-12-03 20:58:55,588 - INFO - Update id=946295258 is handled. Duration 320 ms by bot id=8200360038
2025-12-03 20:58:56,693 - INFO - CALLBACK: 1.9922256469726562ms
2025-12-03 20:58:56,694 - INFO - Update id=946295259 is handled. Duration 6 ms by bot id=8200360038
2025-12-03 20:59:22,640 - INFO - Polling stopped
2025-12-03 20:59:22,641 - ERROR - Failed to fetch updates - TelegramNetworkError: HTTP Client says - ServerDisconnectedError: Server disconnected
2025-12-03 20:59:22,642 - WARNING - Sleep for 1.000000 seconds and try again... (tryings = 0, bot id = 8200360038)
2025-12-03 20:59:22,898 - INFO - Polling stopped for bot @pe411_bot id=8200360038 - 'pe411'
2025-12-03 20:59:29,746 - INFO - MESSAGE: 649.2235660552979ms
2025-12-03 20:59:29,747 - INFO - Update id=946295260 is handled. Duration 772 ms by bot id=8200360038
2025-12-03 20:59:32,573 - INFO - CALLBACK: 319.97179985046387ms
2025-12-03 20:59:32,574 - INFO - Update id=946295261 is handled. Duration 323 ms by bot id=8200360038
2025-12-03 20:59:33,505 - INFO - CALLBACK: 2.2096633911132812ms
2025-12-03 20:59:33,506 - INFO - Update id=946295262 is handled. Duration 6 ms by bot id=8200360038
2025-12-03 20:59:38,091 - INFO - CALLBACK: 234.04836654663086ms
2025-12-03 20:59:38,092 - INFO - Update id=946295263 is handled. Duration 236 ms by bot id=8200360038
2025-12-03 20:59:41,889 - INFO - CALLBACK: 1677.8576374053955ms
2025-12-03 20:59:41,890 - INFO - Update id=946295264 is handled. Duration 1681 ms by bot id=8200360038
2025-12-03 20:59:43,414 - INFO - CALLBACK: 339.28370475769043ms
2025-12-03 20:59:43,415 - INFO - Update id=946295265 is handled. Duration 342 ms by bot id=8200360038
2025-12-03 20:59:44,381 - INFO - CALLBACK: 491.00637435913086ms
2025-12-03 20:59:44,382 - INFO - Update id=946295266 is handled. Duration 493 ms by bot id=8200360038
2025-12-03 20:59:47,454 - INFO - CALLBACK: 2.2301673889160156ms
2025-12-03 20:59:47,455 - INFO - Update id=946295267 is handled. Duration 5 ms by bot id=8200360038
2025-12-03 20:59:54,855 - INFO - CALLBACK: 2.069234848022461ms
2025-12-03 20:59:54,855 - INFO - Update id=946295268 is handled. Duration 4 ms by bot id=8200360038
2025-12-03 21:04:30,341 - INFO - Polling stopped
2025-12-03 21:04:30,342 - ERROR - Failed to fetch updates - TelegramNetworkError: HTTP Client says - ServerDisconnectedError: Server disconnected
2025-12-03 21:04:30,342 - WARNING - Sleep for 1.000000 seconds and try again... (tryings = 0, bot id = 8200360038)
2025-12-03 21:04:30,598 - INFO - Polling stopped for bot @pe411_bot id=8200360038 - 'pe411'
2025-12-03 21:04:37,634 - INFO - MESSAGE: 520.8568572998047ms
2025-12-03 21:04:37,635 - INFO - Update id=946295269 is handled. Duration 766 ms by bot id=8200360038
2025-12-03 21:04:42,450 - INFO - CALLBACK: 354.11524772644043ms
2025-12-03 21:04:42,450 - INFO - Update id=946295270 is handled. Duration 357 ms by bot id=8200360038
2025-12-03 21:04:44,539 - INFO - CALLBACK: 2.034425735473633ms
2025-12-03 21:04:44,540 - INFO - Update id=946295271 is handled. Duration 5 ms by bot id=8200360038
2025-12-03 21:06:29,082 - INFO - Polling stopped
2025-12-03 21:06:29,083 - ERROR - Failed to fetch updates - TelegramNetworkError: HTTP Client says - ServerDisconnectedError: Server disconnected
2025-12-03 21:06:29,083 - WARNING - Sleep for 1.000000 seconds and try again... (tryings = 0, bot id = 8200360038)
2025-12-03 21:06:29,349 - INFO - Polling stopped for bot @pe411_bot id=8200360038 - 'pe411'
2025-12-03 21:06:36,966 - INFO - MESSAGE: 449.2018222808838ms
2025-12-03 21:06:36,967 - INFO - Update id=946295272 is handled. Duration 553 ms by bot id=8200360038
2025-12-03 21:06:38,623 - INFO - CALLBACK: 291.2607192993164ms
2025-12-03 21:06:38,625 - INFO - Update id=946295273 is handled. Duration 294 ms by bot id=8200360038
2025-12-03 21:06:39,588 - INFO - CALLBACK: 2.3856163024902344ms
2025-12-03 21:06:39,589 - INFO - Update id=946295274 is handled. Duration 7 ms by bot id=8200360038
2025-12-03 21:06:41,814 - INFO - CALLBACK: 245.70107460021973ms
2025-12-03 21:06:41,814 - INFO - Update id=946295275 is handled. Duration 248 ms by bot id=8200360038
2025-12-03 21:06:43,181 - INFO - CALLBACK: 366.27650260925293ms
2025-12-03 21:06:43,182 - INFO - Update id=946295276 is handled. Duration 369 ms by bot id=8200360038
2025-12-03 21:06:45,349 - INFO - CALLBACK: 192.1977996826172ms
2025-12-03 21:06:45,350 - INFO - Update id=946295277 is handled. Duration 195 ms by bot id=8200360038
2025-12-03 21:06:46,226 - INFO - CALLBACK: 173.14839363098145ms
2025-12-03 21:06:46,227 - INFO - Update id=946295278 is handled. Duration 175 ms by bot id=8200360038
2025-12-03 21:06:47,062 - INFO - CALLBACK: 172.7278232574463ms
2025-12-03 21:06:47,063 - INFO - Update id=946295279 is handled. Duration 175 ms by bot id=8200360038
2025-12-03 21:06:48,489 - INFO - CALLBACK: 674.0946769714355ms
2025-12-03 21:06:48,490 - INFO - Update id=946295280 is handled. Duration 677 ms by bot id=8200360038
2025-12-03 21:08:19,749 - INFO - Polling stopped
2025-12-03 21:08:19,751 - ERROR - Failed to fetch updates - TelegramNetworkError: HTTP Client says - ServerDisconnectedError: Server disconnected
2025-12-03 21:08:19,751 - WARNING - Sleep for 1.000000 seconds and try again... (tryings = 0, bot id = 8200360038)
2025-12-03 21:08:20,013 - INFO - Polling stopped for bot @pe411_bot id=8200360038 - 'pe411'
2025-12-03 21:08:32,246 - INFO - MESSAGE: 5051.066160202026ms
2025-12-03 21:08:32,248 - INFO - Update id=946295281 is handled. Duration 5231 ms by bot id=8200360038
2025-12-03 21:08:38,589 - INFO - CALLBACK: 2005.2905082702637ms
2025-12-03 21:08:38,590 - INFO - Update id=946295282 is handled. Duration 2008 ms by bot id=8200360038
2025-12-03 21:09:13,476 - INFO - CALLBACK: 2.012968063354492ms
2025-12-03 21:09:13,476 - INFO - Update id=946295283 is handled. Duration 5 ms by bot id=8200360038
2025-12-03 21:09:16,769 - INFO - CALLBACK: 4.121065139770508ms
2025-12-03 21:09:16,770 - INFO - Update id=946295284 is handled. Duration 7 ms by bot id=8200360038
2025-12-03 21:09:16,934 - INFO - CALLBACK: 3.493785858154297ms
2025-12-03 21:09:16,935 - INFO - Update id=946295285 is handled. Duration 6 ms by bot id=8200360038
2025-12-03 21:09:17,167 - INFO - CALLBACK: 3.1290054321289062ms
2025-12-03 21:09:17,168 - INFO - Update id=946295286 is handled. Duration 5 ms by bot id=8200360038
2025-12-03 21:09:17,500 - INFO - CALLBACK: 173.16889762878418ms
2025-12-03 21:09:17,501 - INFO - Update id=946295287 is handled. Duration 175 ms by bot id=8200360038
2025-12-03 21:15:40,179 - INFO - Polling stopped
2025-12-03 21:15:40,181 - ERROR - Failed to fetch updates - TelegramNetworkError: HTTP Client says - ServerDisconnectedError: Server disconnected
2025-12-03 21:15:40,182 - WARNING - Sleep for 1.000000 seconds and try again... (tryings = 0, bot id = 8200360038)
2025-12-03 21:15:40,446 - INFO - Polling stopped for bot @pe411_bot id=8200360038 - 'pe411'
2025-12-03 21:15:48,130 - INFO - MESSAGE: 468.68038177490234ms
2025-12-03 21:15:48,131 - INFO - Update id=946295288 is handled. Duration 576 ms by bot id=8200360038
2025-12-03 21:15:58,052 - INFO - CALLBACK: 293.9441204071045ms
2025-12-03 21:15:58,053 - INFO - Update id=946295289 is handled. Duration 297 ms by bot id=8200360038
2025-12-03 21:15:59,392 - INFO - CALLBACK: 2.161741256713867ms
2025-12-03 21:15:59,393 - INFO - Update id=946295290 is handled. Duration 7 ms by bot id=8200360038
2025-12-03 21:18:13,163 - INFO - Polling stopped
2025-12-03 21:18:13,164 - ERROR - Failed to fetch updates - TelegramNetworkError: HTTP Client says - ServerDisconnectedError: Server disconnected
2025-12-03 21:18:13,164 - WARNING - Sleep for 1.000000 seconds and try again... (tryings = 0, bot id = 8200360038)
2025-12-03 21:18:13,430 - INFO - Polling stopped for bot @pe411_bot id=8200360038 - 'pe411'
2025-12-03 21:18:59,407 - INFO - MESSAGE: 485.3951930999756ms
2025-12-03 21:18:59,409 - INFO - Update id=946295291 is handled. Duration 592 ms by bot id=8200360038
2025-12-03 21:19:09,565 - INFO - CALLBACK: 400.0992774963379ms
2025-12-03 21:19:09,566 - INFO - Update id=946295292 is handled. Duration 403 ms by bot id=8200360038
2025-12-03 21:19:18,805 - INFO - CALLBACK: 2.012968063354492ms
2025-12-03 21:19:18,805 - INFO - Update id=946295293 is handled. Duration 6 ms by bot id=8200360038
2025-12-03 21:19:21,506 - INFO - CALLBACK: 355.4236888885498ms
2025-12-03 21:19:21,507 - INFO - Update id=946295294 is handled. Duration 358 ms by bot id=8200360038
2025-12-03 21:19:23,474 - INFO - CALLBACK: 753.2644271850586ms
2025-12-03 21:19:23,475 - INFO - Update id=946295295 is handled. Duration 756 ms by bot id=8200360038
2025-12-03 21:19:25,482 - INFO - CALLBACK: 513.9594078063965ms
2025-12-03 21:19:25,483 - INFO - Update id=946295296 is handled. Duration 516 ms by bot id=8200360038
2025-12-03 21:19:27,088 - INFO - CALLBACK: 4.387378692626953ms
2025-12-03 21:19:27,089 - INFO - Update id=946295297 is handled. Duration 7 ms by bot id=8200360038
2025-12-03 21:19:45,242 - INFO - Polling stopped
2025-12-03 21:19:45,243 - ERROR - Failed to fetch updates - TelegramNetworkError: HTTP Client says - ServerDisconnectedError: Server disconnected
2025-12-03 21:19:45,244 - WARNING - Sleep for 1.000000 seconds and try again... (tryings = 0, bot id = 8200360038)
2025-12-03 21:19:45,498 - INFO - Polling stopped for bot @pe411_bot id=8200360038 - 'pe411'
2025-12-03 21:19:52,468 - INFO - MESSAGE: 523.2579708099365ms
2025-12-03 21:19:52,469 - INFO - Update id=946295298 is handled. Duration 738 ms by bot id=8200360038
2025-12-03 21:19:56,071 - INFO - CALLBACK: 318.69053840637207ms
2025-12-03 21:19:56,072 - INFO - Update id=946295299 is handled. Duration 321 ms by bot id=8200360038
2025-12-03 21:19:57,792 - INFO - CALLBACK: 2.6252269744873047ms
2025-12-03 21:19:57,793 - INFO - Update id=946295300 is handled. Duration 7 ms by bot id=8200360038
2025-12-03 21:19:59,309 - INFO - CALLBACK: 3.1278133392333984ms
2025-12-03 21:19:59,310 - INFO - Update id=946295301 is handled. Duration 5 ms by bot id=8200360038
